{
  "type": "FeatureCollection",
  "generator": "overpass-turbo",
  "copyright": "The data included in this document is from www.openstreetmap.org. The data is made available under ODbL.",
  "timestamp": "2026-08-30T12:49:13Z",
  "features": [
    {
      "type": "Feature",
      "properties": {
        "@id": "way/1533447534",
        "bench": "no",
        "bin": "yes",
        "bus": "yes",
        "covered": "no",
        "highway": "bus_stop",
        "lit": "yes",
        "name": "Bondeni",
        "public_transport": "platform",
        "shelter": "no"
      },
      "geometry": {
        "type": "Polygon",
        "coordinates": [
          [
            [
              39.2036885,
              -6.7788482
            ],
            [
              39.203632,
              -6.7788768
            ],
            [
              39.2035918,
              -6.7789264
            ],
            [
              39.2035721,
              -6.7789593
            ],
            [
              39.2035687,
              -6.7790055
            ],
            [
              39.2035661,
              -6.7790652
            ],
            [
              39.2035862,
              -6.7791281
            ],
            [
              39.2037603,
              -6.7788522
            ],
            [
              39.2038184,
              -6.7787903
            ],
            [
              39.2038,
              -6.7787741
            ],
            [
              39.2037381,
              -6.7788397
            ],
            [
              39.2036885,
              -6.7788482
            ]
          ]
        ]
      },
      "id": "way/1533447534"
    },
    {
      "type": "Feature",
      "properties": {
        "@id": "way/36072764",
        "highway": "residential",
        "lane_markings": "no",
        "name": "Mtaa Uvumbuzi",
        "smoothness": "good",
        "source": "Yahoo",
        "surface": "asphalt"
      },
      "geometry": {
        "type": "LineString",
        "coordinates": [
          [
            39.2073869,
            -6.7792497
          ],
          [
            39.2072448,
            -6.7796304
          ],
          [
            39.2071849,
            -6.7797712
          ],
          [
            39.2070602,
            -6.7799394
          ],
          [
            39.206872,
            -6.7802002
          ],
          [
            39.2068556,
            -6.7802203
          ],
          [
            39.2064723,
            -6.7806137
          ],
          [
            39.2063667,
            -6.7806999
          ],
          [
            39.2062468,
            -6.7807508
          ],
          [
            39.2058075,
            -6.780811
          ],
          [
            39.2051962,
            -6.7808008
          ],
          [
            39.2048879,
            -6.7808649
          ],
          [
            39.204664,
            -6.7809019
          ],
          [
            39.20454,
            -6.7809672
          ],
          [
            39.2044307,
            -6.7810238
          ],
          [
            39.2043335,
            -6.7810418
          ],
          [
            39.203452,
            -6.781035
          ],
          [
            39.203054,
            -6.7810351
          ],
          [
            39.2029065,
            -6.7809872
          ],
          [
            39.2027051,
            -6.780896
          ]
        ]
      },
      "id": "way/36072764"
    },
    {
      "type": "Feature",
      "properties": {
        "@id": "way/36072775",
        "highway": "service",
        "smoothness": "intermediate",
        "surface": "asphalt"
      },
      "geometry": {
        "type": "LineString",
        "coordinates": [
          [
            39.2063021,
            -6.7854037
          ],
          [
            39.2067384,
            -6.7848307
          ],
          [
            39.2067969,
            -6.7847834
          ]
        ]
      },
      "id": "way/36072775"
    },
    {
      "type": "Feature",
      "properties": {
        "@id": "way/36072777",
        "highway": "service",
        "source": "Yahoo",
        "surface": "dirt"
      },
      "geometry": {
        "type": "LineString",
        "coordinates": [
          [
            39.2078077,
            -6.7840279
          ],
          [
            39.2078238,
            -6.7839807
          ],
          [
            39.2078432,
            -6.7835532
          ],
          [
            39.2078493,
            -6.7829652
          ],
          [
            39.2078548,
            -6.7823149
          ],
          [
            39.2078565,
            -6.782109
          ],
          [
            39.2078594,
            -6.7819876
          ],
          [
            39.2078778,
            -6.7817012
          ],
          [
            39.2079024,
            -6.7814376
          ]
        ]
      },
      "id": "way/36072777"
    },
    {
      "type": "Feature",
      "properties": {
        "@id": "way/36072778",
        "highway": "residential",
        "source": "Yahoo",
        "surface": "dirt"
      },
      "geometry": {
        "type": "LineString",
        "coordinates": [
          [
            39.212472,
            -6.7768569
          ],
          [
            39.2119378,
            -6.7768546
          ],
          [
            39.2112026,
            -6.7768515
          ],
          [
            39.2099304,
            -6.7767604
          ],
          [
            39.2097099,
            -6.7767749
          ],
          [
            39.209452,
            -6.7768018
          ],
          [
            39.2090877,
            -6.7768533
          ],
          [
            39.2090044,
            -6.776871
          ]
        ]
      },
      "id": "way/36072778"
    },
    {
      "type": "Feature",
      "properties": {
        "@id": "way/36072779",
        "highway": "footway",
        "smoothness": "bad",
        "source": "Yahoo",
        "surface": "unpaved",
        "width": "1"
      },
      "geometry": {
        "type": "LineString",
        "coordinates": [
          [
            39.2099304,
            -6.7767604
          ],
          [
            39.210254,
            -6.7766161
          ],
          [
            39.2103566,
            -6.7765575
          ],
          [
            39.2104478,
            -6.7764942
          ],
          [
            39.2104914,
            -6.7764716
          ],
          [
            39.2106453,
            -6.776433
          ],
          [
            39.2107784,
            -6.7764017
          ],
          [
            39.210879,
            -6.7763564
          ],
          [
            39.2111872,
            -6.7761967
          ],
          [
            39.2114597,
            -6.7760095
          ],
          [
            39.211626,
            -6.7759236
          ],
          [
            39.2118249,
            -6.7758477
          ],
          [
            39.2119629,
            -6.7757956
          ],
          [
            39.2123553,
            -6.7755788
          ]
        ]
      },
      "id": "way/36072779"
    },
    {
      "type": "Feature",
      "properties": {
        "@id": "way/126786734",
        "highway": "tertiary",
        "lane_markings": "no",
        "lit": "yes",
        "name": "University Road",
        "sidewalk": "both",
        "smoothness": "excellent",
        "surface": "asphalt"
      },
      "geometry": {
        "type": "LineString",
        "coordinates": [
          [
            39.2131096,
            -6.7729162
          ],
          [
            39.2130647,
            -6.7729714
          ],
          [
            39.2128846,
            -6.773193
          ],
          [
            39.212721,
            -6.7733061
          ],
          [
            39.2125297,
            -6.7733957
          ],
          [
            39.2121226,
            -6.7735204
          ],
          [
            39.2116294,
            -6.7736629
          ],
          [
            39.2110295,
            -6.7738266
          ],
          [
            39.2108455,
            -6.7738902
          ],
          [
            39.210661,
            -6.7739586
          ],
          [
            39.2104668,
            -6.7740533
          ],
          [
            39.2102693,
            -6.7741885
          ],
          [
            39.2101783,
            -6.7742649
          ],
          [
            39.2101074,
            -6.7743421
          ],
          [
            39.2095611,
            -6.7750334
          ],
          [
            39.2092017,
            -6.7754918
          ],
          [
            39.2088114,
            -6.7759992
          ],
          [
            39.2087108,
            -6.776147
          ],
          [
            39.2085699,
            -6.776354
          ],
          [
            39.2084578,
            -6.7765207
          ],
          [
            39.2082322,
            -6.7768342
          ],
          [
            39.2079821,
            -6.7771819
          ],
          [
            39.2075467,
            -6.7778956
          ],
          [
            39.2074013,
            -6.7781176
          ],
          [
            39.2072046,
            -6.7783093
          ],
          [
            39.207072,
            -6.7783963
          ],
          [
            39.2069178,
            -6.7784652
          ],
          [
            39.2067997,
            -6.7784925
          ],
          [
            39.2066482,
            -6.7785018
          ],
          [
            39.2064698,
            -6.7784885
          ],
          [
            39.206277,
            -6.7784612
          ],
          [
            39.2062505,
            -6.7784539
          ],
          [
            39.2060011,
            -6.77837
          ],
          [
            39.2059449,
            -6.778354
          ],
          [
            39.205753,
            -6.7783017
          ],
          [
            39.2051612,
            -6.7781376
          ],
          [
            39.2050536,
            -6.778115
          ],
          [
            39.2049021,
            -6.778125
          ],
          [
            39.2047425,
            -6.7781636
          ],
          [
            39.2046479,
            -6.7782262
          ],
          [
            39.2044115,
            -6.7783839
          ],
          [
            39.2042251,
            -6.7785186
          ],
          [
            39.2040095,
            -6.7786949
          ],
          [
            39.2038403,
            -6.778806
          ],
          [
            39.2037151,
            -6.7789959
          ],
          [
            39.2035569,
            -6.7792652
          ],
          [
            39.2033813,
            -6.779617
          ],
          [
            39.2029855,
            -6.7803832
          ],
          [
            39.2027051,
            -6.780896
          ],
          [
            39.2025251,
            -6.7812201
          ]
        ]
      },
      "id": "way/126786734"
    },
    {
      "type": "Feature",
      "properties": {
        "@id": "way/126821242",
        "access": "no",
        "highway": "service",
        "smoothness": "very_bad",
        "surface": "unpaved"
      },
      "geometry": {
        "type": "LineString",
        "coordinates": [
          [
            39.2003704,
            -6.7750057
          ],
          [
            39.2007943,
            -6.7750909
          ],
          [
            39.2014128,
            -6.775277
          ],
          [
            39.2015228,
            -6.7754155
          ],
          [
            39.2016917,
            -6.7755727
          ],
          [
            39.2018259,
            -6.7757085
          ],
          [
            39.2019302,
            -6.7757847
          ],
          [
            39.2020129,
            -6.7760066
          ]
        ]
      },
      "id": "way/126821242"
    },
    {
      "type": "Feature",
      "properties": {
        "@id": "way/126821244",
        "highway": "unclassified",
        "lane_markings": "no",
        "name": "Changanyikeni Street",
        "smoothness": "good",
        "surface": "asphalt",
        "width": "20"
      },
      "geometry": {
        "type": "LineString",
        "coordinates": [
          [
            39.1974318,
            -6.7698334
          ],
          [
            39.1975726,
            -6.7698918
          ],
          [
            39.1976638,
            -6.7699817
          ],
          [
            39.1979025,
            -6.7702267
          ],
          [
            39.1982165,
            -6.7705931
          ],
          [
            39.1983749,
            -6.7708274
          ],
          [
            39.1984416,
            -6.7709349
          ],
          [
            39.1984711,
            -6.7709999
          ],
          [
            39.1987427,
            -6.77223
          ],
          [
            39.1989558,
            -6.7730674
          ],
          [
            39.198982,
            -6.7731489
          ],
          [
            39.1990403,
            -6.7732645
          ],
          [
            39.1990826,
            -6.773332
          ],
          [
            39.1991463,
            -6.7734136
          ],
          [
            39.1994291,
            -6.7736767
          ],
          [
            39.1999346,
            -6.7741254
          ],
          [
            39.2000914,
            -6.77433
          ],
          [
            39.2002806,
            -6.7746781
          ],
          [
            39.200345,
            -6.7748379
          ],
          [
            39.2003614,
            -6.7749095
          ],
          [
            39.2003704,
            -6.7750057
          ],
          [
            39.2003222,
            -6.7752921
          ],
          [
            39.2002913,
            -6.7754303
          ],
          [
            39.2002713,
            -6.7755969
          ],
          [
            39.2002705,
            -6.7761949
          ],
          [
            39.2002648,
            -6.7762425
          ],
          [
            39.2002498,
            -6.7763248
          ],
          [
            39.2002346,
            -6.7763731
          ],
          [
            39.2002018,
            -6.7764416
          ],
          [
            39.2001743,
            -6.7764903
          ],
          [
            39.2001247,
            -6.7765848
          ],
          [
            39.2000525,
            -6.7767544
          ],
          [
            39.1999859,
            -6.7769537
          ],
          [
            39.1999655,
            -6.777074
          ],
          [
            39.1999134,
            -6.7771641
          ],
          [
            39.1998416,
            -6.7772664
          ],
          [
            39.199775,
            -6.7773422
          ],
          [
            39.1995172,
            -6.7775224
          ],
          [
            39.1994458,
            -6.7775753
          ],
          [
            39.1992811,
            -6.7776808
          ],
          [
            39.1991179,
            -6.7777891
          ],
          [
            39.1990263,
            -6.7778726
          ],
          [
            39.1989484,
            -6.7779695
          ],
          [
            39.1989224,
            -6.7780617
          ],
          [
            39.1989143,
            -6.7781003
          ],
          [
            39.1989157,
            -6.7782235
          ],
          [
            39.1989203,
            -6.7782572
          ],
          [
            39.198968,
            -6.778398
          ],
          [
            39.1989943,
            -6.7784623
          ],
          [
            39.1990336,
            -6.7785078
          ],
          [
            39.1995363,
            -6.7790895
          ],
          [
            39.1999024,
            -6.7794078
          ],
          [
            39.2001908,
            -6.7795662
          ],
          [
            39.2003708,
            -6.7796611
          ],
          [
            39.200493,
            -6.7797433
          ],
          [
            39.2005436,
            -6.7797926
          ],
          [
            39.200659,
            -6.7798883
          ],
          [
            39.2008305,
            -6.7801975
          ],
          [
            39.2010343,
            -6.7804705
          ],
          [
            39.2011132,
            -6.7805545
          ],
          [
            39.2012211,
            -6.7806706
          ],
          [
            39.2012622,
            -6.7807047
          ],
          [
            39.2013287,
            -6.7807321
          ],
          [
            39.2014096,
            -6.7807623
          ],
          [
            39.2014855,
            -6.7807873
          ],
          [
            39.201579,
            -6.7808087
          ],
          [
            39.2017196,
            -6.780838
          ],
          [
            39.2017478,
            -6.780848
          ],
          [
            39.2018111,
            -6.7808703
          ],
          [
            39.2020107,
            -6.7809592
          ],
          [
            39.202085,
            -6.7809928
          ],
          [
            39.2022018,
            -6.7810455
          ],
          [
            39.2023205,
            -6.781099
          ],
          [
            39.2025251,
            -6.7812201
          ]
        ]
      },
      "id": "way/126821244"
    },
    {
      "type": "Feature",
      "properties": {
        "@id": "way/142255036",
        "highway": "unclassified",
        "lane_markings": "no",
        "smoothness": "good",
        "surface": "asphalt"
      },
      "geometry": {
        "type": "LineString",
        "coordinates": [
          [
            39.2176008,
            -6.7780602
          ],
          [
            39.2175906,
            -6.7780745
          ],
          [
            39.2175763,
            -6.7780796
          ],
          [
            39.2175419,
            -6.7781285
          ],
          [
            39.217498,
            -6.778197
          ],
          [
            39.2173489,
            -6.7784529
          ],
          [
            39.2152566,
            -6.7812863
          ],
          [
            39.2150553,
            -6.7815617
          ],
          [
            39.2143163,
            -6.7825579
          ],
          [
            39.2140091,
            -6.7828825
          ],
          [
            39.2135629,
            -6.7834092
          ],
          [
            39.2133132,
            -6.7836661
          ],
          [
            39.2120853,
            -6.7847745
          ],
          [
            39.2108503,
            -6.7858397
          ],
          [
            39.2107804,
            -6.7859082
          ],
          [
            39.2105041,
            -6.7861732
          ],
          [
            39.2096681,
            -6.786955
          ],
          [
            39.20955,
            -6.7870809
          ],
          [
            39.2094349,
            -6.7872108
          ],
          [
            39.2092833,
            -6.787416
          ],
          [
            39.2090383,
            -6.7877882
          ],
          [
            39.2089411,
            -6.7878358
          ],
          [
            39.2088164,
            -6.7878631
          ],
          [
            39.208632,
            -6.7879058
          ],
          [
            39.2085733,
            -6.7879093
          ]
        ]
      },
      "id": "way/142255036"
    },
    {
      "type": "Feature",
      "properties": {
        "@id": "way/142365124",
        "highway": "path"
      },
      "geometry": {
        "type": "LineString",
        "coordinates": [
          [
            39.2094433,
            -6.7820687
          ],
          [
            39.2101322,
            -6.7823539
          ],
          [
            39.2102547,
            -6.7823918
          ],
          [
            39.2104572,
            -6.7824284
          ],
          [
            39.2106329,
            -6.782515
          ],
          [
            39.2108166,
            -6.7824417
          ],
          [
            39.2114067,
            -6.7825056
          ],
          [
            39.2118144,
            -6.7825269
          ],
          [
            39.2128457,
            -6.7827713
          ],
          [
            39.2131451,
            -6.7830843
          ],
          [
            39.2135052,
            -6.7832117
          ]
        ]
      },
      "id": "way/142365124"
    },
    {
      "type": "Feature",
      "properties": {
        "@id": "way/142365125",
        "highway": "path",
        "surface": "unpaved"
      },
      "geometry": {
        "type": "LineString",
        "coordinates": [
          [
            39.2081376,
            -6.7801941
          ],
          [
            39.2081102,
            -6.7804087
          ],
          [
            39.2083192,
            -6.7806959
          ],
          [
            39.2083935,
            -6.7808018
          ],
          [
            39.2085394,
            -6.7810586
          ],
          [
            39.2086789,
            -6.7816659
          ],
          [
            39.2089029,
            -6.7824084
          ],
          [
            39.2089873,
            -6.7825097
          ],
          [
            39.2090047,
            -6.7825603
          ],
          [
            39.2096821,
            -6.7839559
          ],
          [
            39.2097303,
            -6.7840305
          ],
          [
            39.2098001,
            -6.7841064
          ],
          [
            39.2099234,
            -6.7842009
          ],
          [
            39.2099878,
            -6.7843927
          ],
          [
            39.2100549,
            -6.7844606
          ],
          [
            39.2101085,
            -6.7845538
          ],
          [
            39.210126,
            -6.7846537
          ],
          [
            39.2101394,
            -6.7847043
          ],
          [
            39.2101675,
            -6.7847629
          ],
          [
            39.2104143,
            -6.7850865
          ],
          [
            39.210476,
            -6.7852557
          ],
          [
            39.2105269,
            -6.7853489
          ],
          [
            39.2105699,
            -6.7854381
          ],
          [
            39.2106678,
            -6.7857031
          ],
          [
            39.2107013,
            -6.785767
          ],
          [
            39.2107804,
            -6.7859082
          ]
        ]
      },
      "id": "way/142365125"
    },
    {
      "type": "Feature",
      "properties": {
        "@id": "way/142365131",
        "highway": "path",
        "surface": "unpaved"
      },
      "geometry": {
        "type": "LineString",
        "coordinates": [
          [
            39.212653,
            -6.7786506
          ],
          [
            39.2122478,
            -6.7787549
          ],
          [
            39.2119581,
            -6.7788614
          ],
          [
            39.2117026,
            -6.7788665
          ],
          [
            39.2112887,
            -6.778969
          ],
          [
            39.2110044,
            -6.7791501
          ],
          [
            39.2106063,
            -6.7793835
          ],
          [
            39.2100978,
            -6.7796083
          ],
          [
            39.2097587,
            -6.7796924
          ],
          [
            39.2096422,
            -6.7797729
          ],
          [
            39.209512,
            -6.7798629
          ],
          [
            39.209188,
            -6.7802643
          ]
        ]
      },
      "id": "way/142365131"
    },
    {
      "type": "Feature",
      "properties": {
        "@id": "way/142472711",
        "highway": "unclassified",
        "smoothness": "good",
        "surface": "asphalt",
        "width": "6.2"
      },
      "geometry": {
        "type": "LineString",
        "coordinates": [
          [
            39.1960396,
            -6.7801602
          ],
          [
            39.1965779,
            -6.7799542
          ],
          [
            39.1966492,
            -6.7799008
          ],
          [
            39.1967115,
            -6.7798285
          ],
          [
            39.1967484,
            -6.7797317
          ],
          [
            39.1967779,
            -6.7796425
          ],
          [
            39.1968092,
            -6.7795432
          ],
          [
            39.196853,
            -6.7794613
          ],
          [
            39.1969225,
            -6.7794043
          ],
          [
            39.1969764,
            -6.7793868
          ],
          [
            39.1970421,
            -6.7793828
          ],
          [
            39.197254,
            -6.7793835
          ],
          [
            39.1974818,
            -6.7793816
          ],
          [
            39.1975719,
            -6.7793721
          ],
          [
            39.1976725,
            -6.7793415
          ],
          [
            39.1977393,
            -6.779311
          ],
          [
            39.1979018,
            -6.7792216
          ],
          [
            39.1981701,
            -6.7789851
          ],
          [
            39.1982853,
            -6.7788874
          ],
          [
            39.1983756,
            -6.778823
          ],
          [
            39.1984903,
            -6.7787451
          ],
          [
            39.1986841,
            -6.7786367
          ],
          [
            39.1989142,
            -6.7785026
          ],
          [
            39.1989943,
            -6.7784623
          ]
        ]
      },
      "id": "way/142472711"
    },
    {
      "type": "Feature",
      "properties": {
        "@id": "way/161757699",
        "highway": "service",
        "lane_markings": "no",
        "smoothness": "good",
        "source": "Yahoo",
        "surface": "paving_stones"
      },
      "geometry": {
        "type": "LineString",
        "coordinates": [
          [
            39.2119909,
            -6.7804317
          ],
          [
            39.2118723,
            -6.7804169
          ],
          [
            39.2116996,
            -6.7803998
          ],
          [
            39.2110891,
            -6.780353
          ],
          [
            39.2107683,
            -6.7803275
          ],
          [
            39.2102227,
            -6.7803041
          ],
          [
            39.209188,
            -6.7802643
          ],
          [
            39.2084374,
            -6.7802236
          ],
          [
            39.2081376,
            -6.7801941
          ],
          [
            39.2079092,
            -6.7801647
          ],
          [
            39.2078266,
            -6.7801541
          ]
        ]
      },
      "id": "way/161757699"
    },
    {
      "type": "Feature",
      "properties": {
        "@id": "way/359821756",
        "highway": "service",
        "name": "Mtaa Yombo",
        "name:sw": "Mtaa Yombo",
        "smoothness": "excellent",
        "surface": "asphalt"
      },
      "geometry": {
        "type": "LineString",
        "coordinates": [
          [
            39.2012705,
            -6.7782642
          ],
          [
            39.2012808,
            -6.7783787
          ],
          [
            39.2012517,
            -6.7784527
          ],
          [
            39.201217,
            -6.7785211
          ],
          [
            39.2011334,
            -6.7786389
          ],
          [
            39.2010606,
            -6.7787282
          ],
          [
            39.2009803,
            -6.7788686
          ],
          [
            39.2009433,
            -6.7789368
          ],
          [
            39.2009005,
            -6.7790606
          ],
          [
            39.2008788,
            -6.7791231
          ],
          [
            39.2008656,
            -6.7791938
          ],
          [
            39.2008173,
            -6.7794027
          ],
          [
            39.2007919,
            -6.7794813
          ],
          [
            39.2007703,
            -6.7796286
          ],
          [
            39.2007296,
            -6.7797547
          ],
          [
            39.200659,
            -6.7798883
          ]
        ]
      },
      "id": "way/359821756"
    },
    {
      "type": "Feature",
      "properties": {
        "@id": "way/359822975",
        "highway": "footway",
        "smoothness": "good",
        "surface": "paving_stones",
        "width": "1.5"
      },
      "geometry": {
        "type": "LineString",
        "coordinates": [
          [
            39.2040095,
            -6.7786949
          ],
          [
            39.2038778,
            -6.7785323
          ],
          [
            39.203867,
            -6.7782202
          ],
          [
            39.2038186,
            -6.7780717
          ],
          [
            39.2037731,
            -6.7779592
          ],
          [
            39.2036954,
            -6.7778047
          ],
          [
            39.2035693,
            -6.7775223
          ],
          [
            39.2034482,
            -6.7773707
          ],
          [
            39.2029477,
            -6.7770974
          ],
          [
            39.2027363,
            -6.7769478
          ]
        ]
      },
      "id": "way/359822975"
    },
    {
      "type": "Feature",
      "properties": {
        "@id": "way/359825459",
        "highway": "residential",
        "lane_markings": "no",
        "name": "Chief Kunambi Street",
        "smoothness": "intermediate",
        "surface": "asphalt",
        "width": "6"
      },
      "geometry": {
        "type": "LineString",
        "coordinates": [
          [
            39.2108455,
            -6.7738902
          ],
          [
            39.2109418,
            -6.7741921
          ],
          [
            39.2109507,
            -6.7742489
          ],
          [
            39.210947,
            -6.7743135
          ],
          [
            39.2109095,
            -6.7744625
          ],
          [
            39.2108552,
            -6.7745802
          ],
          [
            39.2106989,
            -6.7747787
          ],
          [
            39.2105698,
            -6.774937
          ],
          [
            39.2104244,
            -6.7751175
          ],
          [
            39.2102909,
            -6.7752717
          ],
          [
            39.2102224,
            -6.7753509
          ],
          [
            39.2101108,
            -6.775486
          ],
          [
            39.2100265,
            -6.775591
          ],
          [
            39.2098558,
            -6.7757991
          ],
          [
            39.2097528,
            -6.7759259
          ],
          [
            39.2090044,
            -6.776871
          ],
          [
            39.2089128,
            -6.7769946
          ],
          [
            39.208487,
            -6.7776598
          ],
          [
            39.2082119,
            -6.7782515
          ],
          [
            39.2080001,
            -6.7786367
          ],
          [
            39.2079249,
            -6.7787602
          ],
          [
            39.2078461,
            -6.778882
          ],
          [
            39.2077401,
            -6.7790059
          ],
          [
            39.2076205,
            -6.7791113
          ],
          [
            39.2073869,
            -6.7792497
          ],
          [
            39.2072249,
            -6.7792729
          ],
          [
            39.2070559,
            -6.7792702
          ],
          [
            39.2068024,
            -6.7792316
          ],
          [
            39.2065771,
            -6.7791185
          ],
          [
            39.2063263,
            -6.7790239
          ],
          [
            39.2058804,
            -6.7788993
          ],
          [
            39.2058666,
            -6.77888
          ],
          [
            39.2058458,
            -6.7788594
          ],
          [
            39.2058268,
            -6.7788208
          ],
          [
            39.2058081,
            -6.7787872
          ],
          [
            39.2057315,
            -6.77865
          ],
          [
            39.2057148,
            -6.7786117
          ],
          [
            39.205696,
            -6.7785431
          ],
          [
            39.2056943,
            -6.7784839
          ],
          [
            39.2056981,
            -6.7784509
          ],
          [
            39.205753,
            -6.7783017
          ]
        ]
      },
      "id": "way/359825459"
    },
    {
      "type": "Feature",
      "properties": {
        "@id": "way/359825744",
        "highway": "service",
        "surface": "paving_stones",
        "width": "3"
      },
      "geometry": {
        "type": "LineString",
        "coordinates": [
          [
            39.2106989,
            -6.7747787
          ],
          [
            39.2106543,
            -6.7747498
          ],
          [
            39.2105854,
            -6.7746924
          ],
          [
            39.2105285,
            -6.774634
          ],
          [
            39.2105001,
            -6.7745739
          ]
        ]
      },
      "id": "way/359825744"
    },
    {
      "type": "Feature",
      "properties": {
        "@id": "way/359827022",
        "highway": "service",
        "surface": "paving_stones",
        "width": "3"
      },
      "geometry": {
        "type": "LineString",
        "coordinates": [
          [
            39.2104244,
            -6.7751175
          ],
          [
            39.2103557,
            -6.7750521
          ],
          [
            39.2102291,
            -6.7749507
          ],
          [
            39.2101436,
            -6.7748828
          ]
        ]
      },
      "id": "way/359827022"
    },
    {
      "type": "Feature",
      "properties": {
        "@id": "way/359827023",
        "highway": "service",
        "surface": "paving_stones",
        "width": "3"
      },
      "geometry": {
        "type": "LineString",
        "coordinates": [
          [
            39.2101108,
            -6.775486
          ],
          [
            39.2100924,
            -6.7754608
          ],
          [
            39.2100775,
            -6.7754442
          ],
          [
            39.2100493,
            -6.7753964
          ],
          [
            39.2100438,
            -6.7753708
          ],
          [
            39.2100448,
            -6.7753476
          ],
          [
            39.210065,
            -6.7752198
          ]
        ]
      },
      "id": "way/359827023"
    },
    {
      "type": "Feature",
      "properties": {
        "@id": "way/359865825",
        "highway": "service",
        "name": "Chief Kunambi Street",
        "smoothness": "intermediate",
        "surface": "asphalt",
        "width": "4.5"
      },
      "geometry": {
        "type": "LineString",
        "coordinates": [
          [
            39.2022622,
            -6.7765411
          ],
          [
            39.2022362,
            -6.7766327
          ],
          [
            39.2022677,
            -6.776698
          ],
          [
            39.2023401,
            -6.7767839
          ],
          [
            39.2024484,
            -6.7768702
          ],
          [
            39.202542,
            -6.7769111
          ],
          [
            39.2026805,
            -6.7769514
          ],
          [
            39.2027363,
            -6.7769478
          ],
          [
            39.2027584,
            -6.7769446
          ],
          [
            39.203296,
            -6.7766784
          ],
          [
            39.2036249,
            -6.7764541
          ],
          [
            39.2038808,
            -6.7762523
          ],
          [
            39.2040218,
            -6.7761651
          ],
          [
            39.2041645,
            -6.776131
          ],
          [
            39.2043187,
            -6.7761287
          ],
          [
            39.2044602,
            -6.7761648
          ],
          [
            39.2045194,
            -6.7761894
          ],
          [
            39.2045659,
            -6.776235
          ],
          [
            39.204713,
            -6.7764533
          ],
          [
            39.2049141,
            -6.7767955
          ],
          [
            39.2049476,
            -6.7769222
          ],
          [
            39.2049852,
            -6.7770659
          ],
          [
            39.2049879,
            -6.7771951
          ],
          [
            39.2050201,
            -6.7773789
          ],
          [
            39.2050555,
            -6.7775307
          ],
          [
            39.2051019,
            -6.7776465
          ],
          [
            39.2052057,
            -6.7777864
          ],
          [
            39.2053774,
            -6.7778716
          ],
          [
            39.2057348,
            -6.7780003
          ],
          [
            39.2060146,
            -6.778102
          ]
        ]
      },
      "id": "way/359865825"
    },
    {
      "type": "Feature",
      "properties": {
        "@id": "way/359865826",
        "highway": "service",
        "smoothness": "good",
        "surface": "paved"
      },
      "geometry": {
        "type": "LineString",
        "coordinates": [
          [
            39.2027363,
            -6.7769478
          ],
          [
            39.2027316,
            -6.7769073
          ],
          [
            39.2027264,
            -6.7768758
          ],
          [
            39.2027244,
            -6.7768232
          ],
          [
            39.2027255,
            -6.7767447
          ]
        ]
      },
      "id": "way/359865826"
    },
    {
      "type": "Feature",
      "properties": {
        "@id": "way/359869965",
        "highway": "footway",
        "smoothness": "good",
        "surface": "paving_stones"
      },
      "geometry": {
        "type": "LineString",
        "coordinates": [
          [
            39.2034043,
            -6.7804468
          ],
          [
            39.2037261,
            -6.7804207
          ],
          [
            39.2040726,
            -6.7804265
          ],
          [
            39.2044643,
            -6.7804179
          ],
          [
            39.2044941,
            -6.7803976
          ],
          [
            39.2045142,
            -6.780384
          ],
          [
            39.2045376,
            -6.7803795
          ],
          [
            39.2046768,
            -6.7803776
          ],
          [
            39.2047606,
            -6.780341
          ],
          [
            39.2048581,
            -6.7802984
          ],
          [
            39.204871,
            -6.7802821
          ],
          [
            39.2048736,
            -6.7802518
          ],
          [
            39.2048716,
            -6.7802012
          ],
          [
            39.204868,
            -6.780149
          ],
          [
            39.2048639,
            -6.7800345
          ],
          [
            39.2048783,
            -6.7799798
          ],
          [
            39.2049679,
            -6.7799663
          ],
          [
            39.205127,
            -6.7799459
          ],
          [
            39.205215,
            -6.7799461
          ],
          [
            39.2052223,
            -6.779855
          ],
          [
            39.2052197,
            -6.7798154
          ]
        ]
      },
      "id": "way/359869965"
    },
    {
      "type": "Feature",
      "properties": {
        "@id": "way/359869966",
        "highway": "service"
      },
      "geometry": {
        "type": "LineString",
        "coordinates": [
          [
            39.2051962,
            -6.7808008
          ],
          [
            39.2051615,
            -6.7807051
          ],
          [
            39.2050848,
            -6.7805804
          ],
          [
            39.2050127,
            -6.7804991
          ],
          [
            39.2050069,
            -6.7804688
          ]
        ]
      },
      "id": "way/359869966"
    },
    {
      "type": "Feature",
      "properties": {
        "@id": "way/359869968",
        "highway": "service",
        "source": "Yahoo"
      },
      "geometry": {
        "type": "LineString",
        "coordinates": [
          [
            39.2058075,
            -6.780811
          ],
          [
            39.205808,
            -6.7807773
          ],
          [
            39.2058044,
            -6.7807174
          ],
          [
            39.2058029,
            -6.78064
          ],
          [
            39.2058022,
            -6.7805959
          ],
          [
            39.2058022,
            -6.7805641
          ],
          [
            39.2058117,
            -6.7805555
          ],
          [
            39.2058386,
            -6.7805562
          ]
        ]
      },
      "id": "way/359869968"
    },
    {
      "type": "Feature",
      "properties": {
        "@id": "way/359971913",
        "highway": "service",
        "surface": "paving_stones",
        "width": "3"
      },
      "geometry": {
        "type": "LineString",
        "coordinates": [
          [
            39.2097528,
            -6.7759259
          ],
          [
            39.2098419,
            -6.7759697
          ],
          [
            39.2099296,
            -6.7759932
          ],
          [
            39.2100043,
            -6.7759966
          ],
          [
            39.2100913,
            -6.7759776
          ]
        ]
      },
      "id": "way/359971913"
    },
    {
      "type": "Feature",
      "properties": {
        "@id": "way/359971917",
        "highway": "service",
        "surface": "paving_stones",
        "width": "3"
      },
      "geometry": {
        "type": "LineString",
        "coordinates": [
          [
            39.2100265,
            -6.775591
          ],
          [
            39.2101979,
            -6.775695
          ],
          [
            39.2102279,
            -6.7757032
          ],
          [
            39.2102629,
            -6.7757009
          ],
          [
            39.2103063,
            -6.775676
          ],
          [
            39.2103339,
            -6.7756549
          ]
        ]
      },
      "id": "way/359971917"
    },
    {
      "type": "Feature",
      "properties": {
        "@id": "way/359971922",
        "highway": "service",
        "smoothness": "good",
        "surface": "concrete",
        "width": "3"
      },
      "geometry": {
        "type": "LineString",
        "coordinates": [
          [
            39.2102909,
            -6.7752717
          ],
          [
            39.2103688,
            -6.7753348
          ],
          [
            39.2104526,
            -6.7753808
          ],
          [
            39.2105109,
            -6.7753927
          ],
          [
            39.2105564,
            -6.7753877
          ],
          [
            39.2106044,
            -6.7753573
          ]
        ]
      },
      "id": "way/359971922"
    },
    {
      "type": "Feature",
      "properties": {
        "@id": "way/359971925",
        "highway": "service",
        "surface": "paving_stones",
        "width": "3"
      },
      "geometry": {
        "type": "LineString",
        "coordinates": [
          [
            39.2105698,
            -6.774937
          ],
          [
            39.2106213,
            -6.7750005
          ],
          [
            39.2106602,
            -6.7750318
          ],
          [
            39.2106969,
            -6.775053
          ],
          [
            39.21073,
            -6.7750636
          ],
          [
            39.2107729,
            -6.7750681
          ],
          [
            39.2108115,
            -6.7750619
          ],
          [
            39.210855,
            -6.7750447
          ]
        ]
      },
      "id": "way/359971925"
    },
    {
      "type": "Feature",
      "properties": {
        "@id": "way/360693318",
        "highway": "residential",
        "lane_markings": "no",
        "name": "Chief Kunambi Street",
        "smoothness": "intermediate",
        "surface": "asphalt",
        "width": "5"
      },
      "geometry": {
        "type": "LineString",
        "coordinates": [
          [
            39.2110295,
            -6.7738266
          ],
          [
            39.2110075,
            -6.7737559
          ],
          [
            39.2109269,
            -6.773527
          ],
          [
            39.2109098,
            -6.7734858
          ],
          [
            39.2108734,
            -6.7734443
          ],
          [
            39.2107923,
            -6.7733864
          ],
          [
            39.2107382,
            -6.773358
          ],
          [
            39.2106715,
            -6.7733343
          ],
          [
            39.2105649,
            -6.773304
          ],
          [
            39.2103861,
            -6.7732701
          ],
          [
            39.2102416,
            -6.7732521
          ],
          [
            39.2101048,
            -6.7732666
          ],
          [
            39.2099838,
            -6.7732835
          ],
          [
            39.2098537,
            -6.7733447
          ],
          [
            39.2097444,
            -6.7734373
          ],
          [
            39.2096761,
            -6.7735164
          ],
          [
            39.2096224,
            -6.7735957
          ],
          [
            39.2095815,
            -6.7736816
          ],
          [
            39.209547,
            -6.7737594
          ],
          [
            39.2094554,
            -6.7739453
          ],
          [
            39.2093854,
            -6.774077
          ],
          [
            39.2091714,
            -6.7744014
          ],
          [
            39.2091067,
            -6.774482
          ],
          [
            39.2090323,
            -6.7745467
          ],
          [
            39.2088362,
            -6.7747102
          ],
          [
            39.2087191,
            -6.774783
          ],
          [
            39.2082799,
            -6.7750025
          ],
          [
            39.208092,
            -6.775132
          ],
          [
            39.2080244,
            -6.7751971
          ],
          [
            39.207971,
            -6.7752598
          ],
          [
            39.207893,
            -6.7753649
          ],
          [
            39.2078563,
            -6.7754151
          ],
          [
            39.2078046,
            -6.7755058
          ],
          [
            39.2077388,
            -6.7756433
          ],
          [
            39.2076408,
            -6.7758824
          ],
          [
            39.2075534,
            -6.776105
          ],
          [
            39.2075399,
            -6.7761322
          ],
          [
            39.2073844,
            -6.7764449
          ]
        ]
      },
      "id": "way/360693318"
    },
    {
      "type": "Feature",
      "properties": {
        "@id": "way/360714924",
        "highway": "service"
      },
      "geometry": {
        "type": "LineString",
        "coordinates": [
          [
            39.2049852,
            -6.7770659
          ],
          [
            39.2051457,
            -6.77706
          ],
          [
            39.2052491,
            -6.7770143
          ],
          [
            39.205367,
            -6.7769392
          ],
          [
            39.2054527,
            -6.7769171
          ],
          [
            39.2055701,
            -6.7769209
          ],
          [
            39.2056391,
            -6.7769392
          ],
          [
            39.2058198,
            -6.7769709
          ]
        ]
      },
      "id": "way/360714924"
    },
    {
      "type": "Feature",
      "properties": {
        "@id": "way/360715657",
        "highway": "service",
        "surface": "paving_stones"
      },
      "geometry": {
        "type": "LineString",
        "coordinates": [
          [
            39.2097548,
            -6.7755867
          ],
          [
            39.2097804,
            -6.7756828
          ],
          [
            39.2097998,
            -6.7757312
          ],
          [
            39.2098171,
            -6.7757606
          ],
          [
            39.2098558,
            -6.7757991
          ]
        ]
      },
      "id": "way/360715657"
    },
    {
      "type": "Feature",
      "properties": {
        "@id": "way/364156777",
        "highway": "path"
      },
      "geometry": {
        "type": "LineString",
        "coordinates": [
          [
            39.1983546,
            -6.7843577
          ],
          [
            39.1981402,
            -6.784193
          ],
          [
            39.1981204,
            -6.7841743
          ],
          [
            39.1981351,
            -6.78415
          ],
          [
            39.1981291,
            -6.7841297
          ],
          [
            39.1980643,
            -6.7840808
          ],
          [
            39.1979838,
            -6.7840141
          ],
          [
            39.1978267,
            -6.7839108
          ],
          [
            39.1977788,
            -6.7838955
          ],
          [
            39.1976859,
            -6.783892
          ],
          [
            39.1976356,
            -6.7839
          ],
          [
            39.1976101,
            -6.7839073
          ],
          [
            39.1975605,
            -6.7839266
          ],
          [
            39.1975189,
            -6.7839346
          ],
          [
            39.1975048,
            -6.7839293
          ],
          [
            39.1975008,
            -6.7839146
          ],
          [
            39.1975102,
            -6.783888
          ],
          [
            39.1975263,
            -6.7838614
          ],
          [
            39.1975646,
            -6.7838205
          ],
          [
            39.1975991,
            -6.7837724
          ],
          [
            39.1976842,
            -6.7836657
          ],
          [
            39.1978133,
            -6.7835581
          ],
          [
            39.1978773,
            -6.7835582
          ],
          [
            39.1979378,
            -6.7835444
          ]
        ]
      },
      "id": "way/364156777"
    },
    {
      "type": "Feature",
      "properties": {
        "@id": "way/364156779",
        "highway": "residential",
        "smoothness": "intermediate",
        "surface": "unpaved"
      },
      "geometry": {
        "type": "LineString",
        "coordinates": [
          [
            39.198574,
            -6.783931
          ],
          [
            39.1985965,
            -6.7839426
          ],
          [
            39.1987011,
            -6.7839785
          ],
          [
            39.1987869,
            -6.7840145
          ],
          [
            39.1988561,
            -6.7840691
          ],
          [
            39.1988808,
            -6.7841051
          ],
          [
            39.19898,
            -6.7844766
          ],
          [
            39.1990203,
            -6.7845911
          ],
          [
            39.1990672,
            -6.7847283
          ],
          [
            39.1990843,
            -6.7847534
          ],
          [
            39.1991182,
            -6.7847709
          ],
          [
            39.1993285,
            -6.784763
          ],
          [
            39.1993741,
            -6.7847631
          ],
          [
            39.1994323,
            -6.7847651
          ],
          [
            39.1994786,
            -6.7847725
          ],
          [
            39.1995366,
            -6.7847742
          ],
          [
            39.199581,
            -6.7847754
          ],
          [
            39.1996204,
            -6.7847975
          ],
          [
            39.1996428,
            -6.7848221
          ],
          [
            39.1996852,
            -6.7848558
          ],
          [
            39.1997634,
            -6.7848818
          ],
          [
            39.1998441,
            -6.784906
          ],
          [
            39.1998792,
            -6.7849117
          ],
          [
            39.199903,
            -6.7849197
          ],
          [
            39.1999285,
            -6.7849283
          ],
          [
            39.199943,
            -6.7849467
          ],
          [
            39.1999624,
            -6.7849807
          ],
          [
            39.1999698,
            -6.7850253
          ],
          [
            39.1999751,
            -6.7850705
          ],
          [
            39.1999725,
            -6.7851391
          ],
          [
            39.1999741,
            -6.7851643
          ],
          [
            39.1999828,
            -6.7851838
          ],
          [
            39.2000271,
            -6.785241
          ],
          [
            39.2000679,
            -6.7852962
          ],
          [
            39.2001127,
            -6.785429
          ],
          [
            39.200116,
            -6.7854828
          ],
          [
            39.2000683,
            -6.7856164
          ],
          [
            39.2000196,
            -6.7856512
          ],
          [
            39.1999664,
            -6.7856892
          ],
          [
            39.1999503,
            -6.7857079
          ],
          [
            39.1999363,
            -6.7857252
          ],
          [
            39.1999402,
            -6.7857681
          ],
          [
            39.1999462,
            -6.7858
          ],
          [
            39.1999476,
            -6.7858178
          ],
          [
            39.1999488,
            -6.7858371
          ],
          [
            39.1999481,
            -6.7858479
          ],
          [
            39.1999419,
            -6.7858717
          ],
          [
            39.1999132,
            -6.7859686
          ],
          [
            39.1999169,
            -6.7861618
          ],
          [
            39.1998834,
            -6.7862504
          ],
          [
            39.1998621,
            -6.7863492
          ],
          [
            39.1998193,
            -6.7863923
          ]
        ]
      },
      "id": "way/364156779"
    },
    {
      "type": "Feature",
      "properties": {
        "@id": "way/364156781",
        "highway": "path"
      },
      "geometry": {
        "type": "LineString",
        "coordinates": [
          [
            39.198574,
            -6.783931
          ],
          [
            39.1986126,
            -6.7838574
          ],
          [
            39.1986877,
            -6.7838241
          ],
          [
            39.1987442,
            -6.7837863
          ],
          [
            39.1988687,
            -6.7836749
          ],
          [
            39.1989364,
            -6.7835869
          ],
          [
            39.1989523,
            -6.7835613
          ],
          [
            39.1990748,
            -6.7833867
          ],
          [
            39.1991388,
            -6.7832756
          ],
          [
            39.1992193,
            -6.783064
          ],
          [
            39.1992321,
            -6.7830538
          ],
          [
            39.1993374,
            -6.7829699
          ],
          [
            39.1994055,
            -6.782948
          ],
          [
            39.1994826,
            -6.7828426
          ],
          [
            39.1995297,
            -6.7827691
          ],
          [
            39.1995497,
            -6.7827024
          ],
          [
            39.1995978,
            -6.7826816
          ],
          [
            39.1996559,
            -6.7826825
          ],
          [
            39.1997039,
            -6.7826547
          ],
          [
            39.199744,
            -6.7826179
          ],
          [
            39.1999629,
            -6.7824298
          ]
        ]
      },
      "id": "way/364156781"
    },
    {
      "type": "Feature",
      "properties": {
        "@id": "way/364156782",
        "highway": "residential",
        "smoothness": "intermediate",
        "surface": "unpaved",
        "width": "3"
      },
      "geometry": {
        "type": "LineString",
        "coordinates": [
          [
            39.1976629,
            -6.7826073
          ],
          [
            39.1975888,
            -6.7827983
          ],
          [
            39.1975067,
            -6.7831017
          ],
          [
            39.1974606,
            -6.7832637
          ],
          [
            39.1974512,
            -6.7833114
          ],
          [
            39.1974331,
            -6.7833799
          ],
          [
            39.1974339,
            -6.7835683
          ],
          [
            39.1974396,
            -6.7837624
          ],
          [
            39.1974246,
            -6.7838874
          ],
          [
            39.197393,
            -6.7839678
          ],
          [
            39.1973653,
            -6.7839892
          ],
          [
            39.1972741,
            -6.7840451
          ],
          [
            39.1971914,
            -6.7841145
          ],
          [
            39.1971474,
            -6.7841803
          ],
          [
            39.1971125,
            -6.7842582
          ],
          [
            39.1970933,
            -6.784343
          ]
        ]
      },
      "id": "way/364156782"
    },
    {
      "type": "Feature",
      "properties": {
        "@id": "way/375883413",
        "highway": "residential"
      },
      "geometry": {
        "type": "LineString",
        "coordinates": [
          [
            39.2068377,
            -6.7768898
          ],
          [
            39.2069361,
            -6.7770683
          ],
          [
            39.2070315,
            -6.7772381
          ],
          [
            39.207053,
            -6.7774648
          ],
          [
            39.2070818,
            -6.7776418
          ],
          [
            39.2070998,
            -6.7777436
          ],
          [
            39.2071034,
            -6.7777687
          ]
        ]
      },
      "id": "way/375883413"
    },
    {
      "type": "Feature",
      "properties": {
        "@id": "way/376030787",
        "highway": "footway",
        "smoothness": "very_horrible",
        "surface": "dirt",
        "width": "4"
      },
      "geometry": {
        "type": "LineString",
        "coordinates": [
          [
            39.2002782,
            -6.7845028
          ],
          [
            39.2002891,
            -6.7846623
          ]
        ]
      },
      "id": "way/376030787"
    },
    {
      "type": "Feature",
      "properties": {
        "@id": "way/376030790",
        "highway": "path",
        "smoothness": "bad",
        "surface": "unpaved",
        "width": "4"
      },
      "geometry": {
        "type": "LineString",
        "coordinates": [
          [
            39.19983,
            -6.7798418
          ],
          [
            39.1996868,
            -6.7799876
          ],
          [
            39.1996293,
            -6.7800963
          ],
          [
            39.199633,
            -6.7802567
          ],
          [
            39.199672,
            -6.7804225
          ],
          [
            39.1997369,
            -6.7806087
          ],
          [
            39.1997852,
            -6.7807819
          ],
          [
            39.1998,
            -6.7809625
          ],
          [
            39.1997815,
            -6.7811395
          ],
          [
            39.1997592,
            -6.7812721
          ],
          [
            39.1997703,
            -6.7814749
          ],
          [
            39.199826,
            -6.7817882
          ],
          [
            39.1999207,
            -6.7822729
          ],
          [
            39.1999629,
            -6.7824298
          ],
          [
            39.2000274,
            -6.7826468
          ],
          [
            39.2000569,
            -6.7826894
          ],
          [
            39.2000838,
            -6.7827219
          ],
          [
            39.2001813,
            -6.7827468
          ],
          [
            39.2002618,
            -6.782765
          ],
          [
            39.2003185,
            -6.782784
          ],
          [
            39.2003799,
            -6.7827644
          ],
          [
            39.2004117,
            -6.7827187
          ]
        ]
      },
      "id": "way/376030790"
    },
    {
      "type": "Feature",
      "properties": {
        "@id": "way/376203469",
        "highway": "residential",
        "smoothness": "intermediate",
        "surface": "unpaved",
        "width": "2"
      },
      "geometry": {
        "type": "LineString",
        "coordinates": [
          [
            39.1963901,
            -6.7822447
          ],
          [
            39.1964989,
            -6.782308
          ],
          [
            39.1966023,
            -6.7824031
          ],
          [
            39.1966405,
            -6.782488
          ],
          [
            39.1966623,
            -6.7825258
          ],
          [
            39.1966842,
            -6.7825624
          ],
          [
            39.196855,
            -6.782745
          ],
          [
            39.1969074,
            -6.7827745
          ],
          [
            39.1971174,
            -6.7828575
          ],
          [
            39.1972071,
            -6.7828905
          ],
          [
            39.1972688,
            -6.7829638
          ],
          [
            39.1973132,
            -6.7830653
          ],
          [
            39.1973387,
            -6.7831294
          ],
          [
            39.1974176,
            -6.7832581
          ],
          [
            39.1974331,
            -6.7833799
          ]
        ]
      },
      "id": "way/376203469"
    },
    {
      "type": "Feature",
      "properties": {
        "@id": "way/376211321",
        "highway": "residential",
        "surface": "unpaved"
      },
      "geometry": {
        "type": "LineString",
        "coordinates": [
          [
            39.1981032,
            -6.7846702
          ],
          [
            39.1981559,
            -6.7846198
          ],
          [
            39.1982246,
            -6.784517
          ],
          [
            39.1983546,
            -6.7843577
          ],
          [
            39.1984243,
            -6.7842453
          ],
          [
            39.1984677,
            -6.784163
          ],
          [
            39.198537,
            -6.7840456
          ],
          [
            39.1985643,
            -6.7839619
          ],
          [
            39.198574,
            -6.783931
          ],
          [
            39.1984825,
            -6.7838867
          ],
          [
            39.1982765,
            -6.7837819
          ],
          [
            39.1979628,
            -6.783569
          ],
          [
            39.1979378,
            -6.7835444
          ]
        ]
      },
      "id": "way/376211321"
    },
    {
      "type": "Feature",
      "properties": {
        "@id": "way/376212855",
        "highway": "residential",
        "smoothness": "intermediate",
        "surface": "unpaved",
        "width": "2"
      },
      "geometry": {
        "type": "LineString",
        "coordinates": [
          [
            39.1981032,
            -6.7846702
          ],
          [
            39.1981526,
            -6.7847317
          ],
          [
            39.1984265,
            -6.7849018
          ]
        ]
      },
      "id": "way/376212855"
    },
    {
      "type": "Feature",
      "properties": {
        "@id": "way/376347849",
        "highway": "path",
        "smoothness": "intermediate",
        "surface": "unpaved",
        "width": "1"
      },
      "geometry": {
        "type": "LineString",
        "coordinates": [
          [
            39.2057348,
            -6.7780003
          ],
          [
            39.2057633,
            -6.7778713
          ],
          [
            39.2057588,
            -6.7777535
          ],
          [
            39.2057526,
            -6.7776608
          ],
          [
            39.2057365,
            -6.7774993
          ],
          [
            39.2056941,
            -6.7772926
          ],
          [
            39.2056629,
            -6.7771024
          ],
          [
            39.2056391,
            -6.7769392
          ]
        ]
      },
      "id": "way/376347849"
    },
    {
      "type": "Feature",
      "properties": {
        "@id": "way/376493434",
        "highway": "path",
        "smoothness": "intermediate",
        "surface": "unpaved",
        "width": "1.6"
      },
      "geometry": {
        "type": "LineString",
        "coordinates": [
          [
            39.2076205,
            -6.7791113
          ],
          [
            39.2078144,
            -6.7791825
          ],
          [
            39.2080013,
            -6.779262
          ],
          [
            39.2082197,
            -6.7793488
          ],
          [
            39.2084378,
            -6.7794521
          ],
          [
            39.2084831,
            -6.7794693
          ],
          [
            39.2085139,
            -6.7795026
          ],
          [
            39.2085267,
            -6.7795975
          ],
          [
            39.2085354,
            -6.7796251
          ],
          [
            39.2085689,
            -6.7796491
          ],
          [
            39.2087497,
            -6.7796549
          ],
          [
            39.2087848,
            -6.7796678
          ],
          [
            39.2089069,
            -6.7797477
          ],
          [
            39.20897,
            -6.7797853
          ],
          [
            39.208986,
            -6.7798196
          ],
          [
            39.2089801,
            -6.7799429
          ],
          [
            39.2089819,
            -6.780002
          ],
          [
            39.2090001,
            -6.7800586
          ],
          [
            39.209188,
            -6.7802643
          ]
        ]
      },
      "id": "way/376493434"
    },
    {
      "type": "Feature",
      "properties": {
        "@id": "way/376500115",
        "ford": "yes",
        "highway": "footway",
        "smoothness": "bad",
        "surface": "unpaved",
        "width": "4"
      },
      "geometry": {
        "type": "LineString",
        "coordinates": [
          [
            39.2003619,
            -6.7843353
          ],
          [
            39.2003683,
            -6.7844202
          ],
          [
            39.2002782,
            -6.7845028
          ]
        ]
      },
      "id": "way/376500115"
    },
    {
      "type": "Feature",
      "properties": {
        "@id": "way/376501901",
        "highway": "service",
        "smoothness": "intermediate",
        "surface": "unpaved",
        "width": "1"
      },
      "geometry": {
        "type": "LineString",
        "coordinates": [
          [
            39.2027255,
            -6.7767447
          ],
          [
            39.2027227,
            -6.77651
          ],
          [
            39.2027184,
            -6.7763843
          ],
          [
            39.2027156,
            -6.776257
          ]
        ]
      },
      "id": "way/376501901"
    },
    {
      "type": "Feature",
      "properties": {
        "@id": "way/376504108",
        "highway": "path",
        "smoothness": "intermediate",
        "surface": "unpaved",
        "width": "1"
      },
      "geometry": {
        "type": "LineString",
        "coordinates": [
          [
            39.1979628,
            -6.7828474
          ],
          [
            39.197989,
            -6.7829132
          ],
          [
            39.1980654,
            -6.7831076
          ],
          [
            39.1980676,
            -6.783146
          ],
          [
            39.1980436,
            -6.7832421
          ],
          [
            39.1979654,
            -6.783459
          ],
          [
            39.1979378,
            -6.7835444
          ]
        ]
      },
      "id": "way/376504108"
    },
    {
      "type": "Feature",
      "properties": {
        "@id": "way/378455012",
        "highway": "tertiary",
        "lane_markings": "no",
        "name": "University Road",
        "smoothness": "good",
        "surface": "asphalt"
      },
      "geometry": {
        "type": "LineString",
        "coordinates": [
          [
            39.2025251,
            -6.7812201
          ],
          [
            39.2024305,
            -6.7815958
          ],
          [
            39.202405,
            -6.7817529
          ],
          [
            39.2024206,
            -6.7819239
          ],
          [
            39.2024506,
            -6.7820752
          ],
          [
            39.2025203,
            -6.7822456
          ],
          [
            39.2025679,
            -6.7823641
          ],
          [
            39.2026974,
            -6.7825266
          ],
          [
            39.2028334,
            -6.7826671
          ],
          [
            39.2030273,
            -6.782777
          ],
          [
            39.2031814,
            -6.7828267
          ],
          [
            39.2033625,
            -6.7828649
          ],
          [
            39.2035885,
            -6.7828663
          ],
          [
            39.2038561,
            -6.7828409
          ],
          [
            39.204041,
            -6.7827896
          ],
          [
            39.204363,
            -6.7826771
          ],
          [
            39.2048082,
            -6.7824736
          ],
          [
            39.2052683,
            -6.7823229
          ],
          [
            39.2054842,
            -6.7823069
          ],
          [
            39.2056733,
            -6.7823309
          ],
          [
            39.2058194,
            -6.7823868
          ],
          [
            39.2059149,
            -6.782456
          ],
          [
            39.2060353,
            -6.7825786
          ],
          [
            39.2061024,
            -6.7827224
          ],
          [
            39.2061386,
            -6.7828423
          ],
          [
            39.2061614,
            -6.7830607
          ],
          [
            39.2061493,
            -6.7835245
          ],
          [
            39.2060863,
            -6.7841567
          ],
          [
            39.2060554,
            -6.7845454
          ],
          [
            39.2060734,
            -6.784851
          ],
          [
            39.2061157,
            -6.7850082
          ],
          [
            39.2061452,
            -6.7851127
          ],
          [
            39.2062075,
            -6.7852532
          ],
          [
            39.2063021,
            -6.7854037
          ],
          [
            39.2065247,
            -6.785696
          ],
          [
            39.2067172,
            -6.7858844
          ],
          [
            39.2069727,
            -6.7861588
          ],
          [
            39.2071544,
            -6.7863605
          ],
          [
            39.2079569,
            -6.7872301
          ],
          [
            39.2083429,
            -6.7876599
          ],
          [
            39.2085733,
            -6.7879093
          ],
          [
            39.2087587,
            -6.7880849
          ]
        ]
      },
      "id": "way/378455012"
    },
    {
      "type": "Feature",
      "properties": {
        "@id": "way/465626902",
        "highway": "cycleway",
        "smoothness": "intermediate",
        "surface": "paved",
        "width": "6"
      },
      "geometry": {
        "type": "LineString",
        "coordinates": [
          [
            39.2089008,
            -6.7880306
          ],
          [
            39.208922,
            -6.788026
          ],
          [
            39.209447,
            -6.7872662
          ],
          [
            39.2095869,
            -6.7871103
          ],
          [
            39.2097443,
            -6.7869545
          ],
          [
            39.2098723,
            -6.786836
          ],
          [
            39.2105084,
            -6.7862909
          ],
          [
            39.2109,
            -6.7858934
          ],
          [
            39.2110786,
            -6.7857656
          ],
          [
            39.2114101,
            -6.785486
          ],
          [
            39.2134965,
            -6.7836254
          ],
          [
            39.2136501,
            -6.7834626
          ],
          [
            39.21379,
            -6.7833073
          ],
          [
            39.2139926,
            -6.7830128
          ],
          [
            39.2140547,
            -6.7829159
          ],
          [
            39.2143239,
            -6.7825613
          ],
          [
            39.2152694,
            -6.7812909
          ],
          [
            39.2158474,
            -6.7805225
          ],
          [
            39.216349,
            -6.779846
          ],
          [
            39.2168237,
            -6.7791881
          ],
          [
            39.2173655,
            -6.7784543
          ],
          [
            39.2175212,
            -6.7781811
          ],
          [
            39.2175419,
            -6.7781285
          ],
          [
            39.2175855,
            -6.7780002
          ],
          [
            39.2176431,
            -6.7779283
          ],
          [
            39.2177625,
            -6.7778524
          ],
          [
            39.2178101,
            -6.7778094
          ],
          [
            39.2179019,
            -6.7776846
          ],
          [
            39.2181444,
            -6.7773506
          ],
          [
            39.2182654,
            -6.7772011
          ],
          [
            39.2189453,
            -6.7763089
          ],
          [
            39.2191532,
            -6.7760199
          ],
          [
            39.2202207,
            -6.7745363
          ],
          [
            39.2202917,
            -6.7744477
          ],
          [
            39.2203102,
            -6.7744242
          ],
          [
            39.2203201,
            -6.7744117
          ],
          [
            39.2203394,
            -6.7743876
          ],
          [
            39.2203677,
            -6.7743521
          ],
          [
            39.2203862,
            -6.7743271
          ]
        ]
      },
      "id": "way/465626902"
    },
    {
      "type": "Feature",
      "properties": {
        "@id": "way/471894548",
        "highway": "service",
        "maxspeed": "10",
        "name": "Heritage Building Access Road",
        "oneway": "no",
        "smoothness": "good",
        "surface": "paving_stones",
        "width": "3"
      },
      "geometry": {
        "type": "LineString",
        "coordinates": [
          [
            39.2012705,
            -6.7782642
          ],
          [
            39.2010556,
            -6.7781311
          ],
          [
            39.2009823,
            -6.7780784
          ],
          [
            39.2009022,
            -6.7780676
          ],
          [
            39.2008542,
            -6.7780783
          ],
          [
            39.2008054,
            -6.7781059
          ],
          [
            39.2007494,
            -6.7781335
          ],
          [
            39.2006172,
            -6.7781839
          ],
          [
            39.2004908,
            -6.7782169
          ],
          [
            39.200402,
            -6.7782214
          ],
          [
            39.2003556,
            -6.778207
          ],
          [
            39.2002961,
            -6.7781573
          ],
          [
            39.2002045,
            -6.7780167
          ],
          [
            39.199775,
            -6.7773422
          ]
        ]
      },
      "id": "way/471894548"
    },
    {
      "type": "Feature",
      "properties": {
        "@id": "way/478152893",
        "highway": "service",
        "service": "parking_aisle",
        "smoothness": "good",
        "surface": "paving_stones"
      },
      "geometry": {
        "type": "LineString",
        "coordinates": [
          [
            39.2009627,
            -6.7807299
          ],
          [
            39.2010177,
            -6.7807685
          ],
          [
            39.2014354,
            -6.7809476
          ],
          [
            39.20149,
            -6.7809562
          ]
        ]
      },
      "id": "way/478152893"
    },
    {
      "type": "Feature",
      "properties": {
        "@id": "way/478152894",
        "highway": "service",
        "smoothness": "good",
        "surface": "paving_stones"
      },
      "geometry": {
        "type": "LineString",
        "coordinates": [
          [
            39.2013854,
            -6.7811096
          ],
          [
            39.2014028,
            -6.7811004
          ],
          [
            39.201417,
            -6.7810866
          ],
          [
            39.2014267,
            -6.7810695
          ],
          [
            39.20149,
            -6.7809562
          ],
          [
            39.201561,
            -6.7808291
          ],
          [
            39.201579,
            -6.7808087
          ]
        ]
      },
      "id": "way/478152894"
    },
    {
      "type": "Feature",
      "properties": {
        "@id": "way/478152895",
        "highway": "service",
        "smoothness": "good",
        "surface": "paving_stones"
      },
      "geometry": {
        "type": "LineString",
        "coordinates": [
          [
            39.2011132,
            -6.7805545
          ],
          [
            39.201097,
            -6.7805553
          ],
          [
            39.2010378,
            -6.7805927
          ],
          [
            39.2009627,
            -6.7807299
          ],
          [
            39.2009547,
            -6.7807446
          ],
          [
            39.2009037,
            -6.7808657
          ],
          [
            39.2008986,
            -6.7808848
          ],
          [
            39.2009003,
            -6.7809044
          ]
        ]
      },
      "id": "way/478152895"
    },
    {
      "type": "Feature",
      "properties": {
        "@id": "way/478152896",
        "highway": "service",
        "smoothness": "good",
        "surface": "paving_stones"
      },
      "geometry": {
        "type": "LineString",
        "coordinates": [
          [
            39.2009003,
            -6.7809044
          ],
          [
            39.2009086,
            -6.7809223
          ],
          [
            39.2009225,
            -6.7809363
          ],
          [
            39.2013463,
            -6.7811121
          ],
          [
            39.201366,
            -6.7811136
          ],
          [
            39.2013854,
            -6.7811096
          ]
        ]
      },
      "id": "way/478152896"
    },
    {
      "type": "Feature",
      "properties": {
        "@id": "way/478152898",
        "highway": "residential"
      },
      "geometry": {
        "type": "LineString",
        "coordinates": [
          [
            39.2070315,
            -6.7772381
          ],
          [
            39.2073287,
            -6.7771591
          ]
        ]
      },
      "id": "way/478152898"
    },
    {
      "type": "Feature",
      "properties": {
        "@id": "way/478152901",
        "highway": "residential",
        "name": "Chief Kunambi Street",
        "smoothness": "intermediate",
        "surface": "asphalt",
        "width": "4.5"
      },
      "geometry": {
        "type": "LineString",
        "coordinates": [
          [
            39.2059449,
            -6.778354
          ],
          [
            39.2059897,
            -6.7782262
          ],
          [
            39.2060146,
            -6.778102
          ],
          [
            39.2061134,
            -6.7777914
          ],
          [
            39.2062078,
            -6.7774842
          ],
          [
            39.2062735,
            -6.7772618
          ],
          [
            39.2063192,
            -6.7771967
          ],
          [
            39.2063856,
            -6.7771332
          ],
          [
            39.2065296,
            -6.7770394
          ],
          [
            39.2068377,
            -6.7768898
          ],
          [
            39.207201,
            -6.7766114
          ],
          [
            39.2073844,
            -6.7764449
          ]
        ]
      },
      "id": "way/478152901"
    },
    {
      "type": "Feature",
      "properties": {
        "@id": "way/478161686",
        "highway": "service",
        "service": "parking_aisle",
        "surface": "unpaved"
      },
      "geometry": {
        "type": "LineString",
        "coordinates": [
          [
            39.202085,
            -6.7809928
          ],
          [
            39.2022461,
            -6.7807066
          ],
          [
            39.202348,
            -6.7805494
          ],
          [
            39.2024607,
            -6.780399
          ],
          [
            39.2026686,
            -6.780134
          ],
          [
            39.2028698,
            -6.7799076
          ],
          [
            39.2028939,
            -6.7798884
          ],
          [
            39.2029229,
            -6.7798775
          ],
          [
            39.2029538,
            -6.7798761
          ],
          [
            39.2029837,
            -6.7798842
          ],
          [
            39.2030095,
            -6.779901
          ],
          [
            39.2030276,
            -6.7799277
          ],
          [
            39.2030386,
            -6.7799591
          ],
          [
            39.2030334,
            -6.7799898
          ],
          [
            39.2030253,
            -6.7800194
          ],
          [
            39.2028376,
            -6.7802565
          ],
          [
            39.2027343,
            -6.7803817
          ],
          [
            39.2026337,
            -6.780616
          ],
          [
            39.2026033,
            -6.7806726
          ],
          [
            39.2025554,
            -6.7807156
          ],
          [
            39.2024956,
            -6.7807399
          ],
          [
            39.2023306,
            -6.7808051
          ],
          [
            39.2022803,
            -6.7808199
          ],
          [
            39.2022377,
            -6.7808505
          ],
          [
            39.2022078,
            -6.7808934
          ],
          [
            39.2021938,
            -6.7809436
          ],
          [
            39.2022018,
            -6.7810455
          ]
        ]
      },
      "id": "way/478161686"
    },
    {
      "type": "Feature",
      "properties": {
        "@id": "way/478161687",
        "highway": "service",
        "service": "parking_aisle"
      },
      "geometry": {
        "type": "LineString",
        "coordinates": [
          [
            39.2070989,
            -6.7804929
          ],
          [
            39.207166,
            -6.7805328
          ],
          [
            39.2072034,
            -6.7805482
          ],
          [
            39.2072439,
            -6.7805504
          ],
          [
            39.2072828,
            -6.7805391
          ],
          [
            39.2073156,
            -6.7805155
          ],
          [
            39.2073387,
            -6.7804824
          ],
          [
            39.2073494,
            -6.7804436
          ],
          [
            39.2073464,
            -6.7804034
          ],
          [
            39.2073302,
            -6.7803666
          ],
          [
            39.2073024,
            -6.7803372
          ],
          [
            39.2072665,
            -6.7803187
          ],
          [
            39.2072263,
            -6.7803131
          ],
          [
            39.2071526,
            -6.7803117
          ],
          [
            39.2070887,
            -6.7803271
          ],
          [
            39.2070185,
            -6.780337
          ],
          [
            39.2070515,
            -6.7804282
          ],
          [
            39.2070989,
            -6.7804929
          ]
        ]
      },
      "id": "way/478161687"
    },
    {
      "type": "Feature",
      "properties": {
        "@id": "way/478161688",
        "highway": "service"
      },
      "geometry": {
        "type": "LineString",
        "coordinates": [
          [
            39.206104,
            -6.7796904
          ],
          [
            39.2064674,
            -6.7798742
          ],
          [
            39.206872,
            -6.7802002
          ]
        ]
      },
      "id": "way/478161688"
    },
    {
      "type": "Feature",
      "properties": {
        "@id": "way/523743782",
        "highway": "path",
        "source": "Yahoo",
        "surface": "grass"
      },
      "geometry": {
        "type": "LineString",
        "coordinates": [
          [
            39.2079024,
            -6.7814376
          ],
          [
            39.207893,
            -6.7811633
          ],
          [
            39.20789,
            -6.7803203
          ],
          [
            39.2078666,
            -6.7802523
          ]
        ]
      },
      "id": "way/523743782"
    },
    {
      "type": "Feature",
      "properties": {
        "@id": "way/523743783",
        "culvert": "yes",
        "highway": "service",
        "source": "Yahoo",
        "surface": "unpaved"
      },
      "geometry": {
        "type": "LineString",
        "coordinates": [
          [
            39.2077695,
            -6.7841005
          ],
          [
            39.2078077,
            -6.7840279
          ]
        ]
      },
      "id": "way/523743783"
    },
    {
      "type": "Feature",
      "properties": {
        "@id": "way/523743784",
        "highway": "service",
        "smoothness": "bad",
        "source": "Yahoo",
        "surface": "gravel"
      },
      "geometry": {
        "type": "LineString",
        "coordinates": [
          [
            39.2067969,
            -6.7847834
          ],
          [
            39.2069859,
            -6.7846706
          ],
          [
            39.2072292,
            -6.7845392
          ],
          [
            39.2074504,
            -6.7843994
          ],
          [
            39.2076476,
            -6.7842689
          ],
          [
            39.2076704,
            -6.7842462
          ],
          [
            39.2077021,
            -6.7842049
          ],
          [
            39.2077328,
            -6.7841594
          ],
          [
            39.2077695,
            -6.7841005
          ]
        ]
      },
      "id": "way/523743784"
    },
    {
      "type": "Feature",
      "properties": {
        "@id": "way/758001357",
        "highway": "service",
        "smoothness": "intermediate",
        "surface": "paving_stones"
      },
      "geometry": {
        "type": "LineString",
        "coordinates": [
          [
            39.2067384,
            -6.7848307
          ],
          [
            39.2066686,
            -6.784442
          ],
          [
            39.2067021,
            -6.783856
          ],
          [
            39.2067102,
            -6.7831622
          ],
          [
            39.2067169,
            -6.7826322
          ],
          [
            39.206804,
            -6.7826322
          ],
          [
            39.2069529,
            -6.7826322
          ],
          [
            39.2069677,
            -6.7829971
          ],
          [
            39.2068054,
            -6.7829971
          ],
          [
            39.206804,
            -6.7826322
          ]
        ]
      },
      "id": "way/758001357"
    },
    {
      "type": "Feature",
      "properties": {
        "@id": "way/758020192",
        "highway": "service"
      },
      "geometry": {
        "type": "LineString",
        "coordinates": [
          [
            39.206872,
            -6.7802002
          ],
          [
            39.2070185,
            -6.780337
          ]
        ]
      },
      "id": "way/758020192"
    },
    {
      "type": "Feature",
      "properties": {
        "@id": "way/758039174",
        "highway": "service",
        "name": "Mtaa Maktaba",
        "name:sw": "Mtaa Maktaba",
        "smoothness": "excellent",
        "surface": "asphalt"
      },
      "geometry": {
        "type": "LineString",
        "coordinates": [
          [
            39.2033813,
            -6.779617
          ],
          [
            39.2032944,
            -6.7795679
          ],
          [
            39.2032474,
            -6.7795519
          ],
          [
            39.2032031,
            -6.7795625
          ],
          [
            39.2031267,
            -6.7796038
          ],
          [
            39.203006,
            -6.7796944
          ],
          [
            39.2028907,
            -6.7797703
          ],
          [
            39.2028404,
            -6.779783
          ],
          [
            39.2027902,
            -6.7797789
          ],
          [
            39.2027378,
            -6.7797563
          ],
          [
            39.2026104,
            -6.7796824
          ],
          [
            39.2024656,
            -6.7796105
          ],
          [
            39.2018394,
            -6.7793024
          ],
          [
            39.2012921,
            -6.7790086
          ],
          [
            39.2011746,
            -6.7789558
          ],
          [
            39.2009803,
            -6.7788686
          ]
        ]
      },
      "id": "way/758039174"
    },
    {
      "type": "Feature",
      "properties": {
        "@id": "way/758044398",
        "highway": "service"
      },
      "geometry": {
        "type": "LineString",
        "coordinates": [
          [
            39.2058268,
            -6.7788208
          ],
          [
            39.2059337,
            -6.7788421
          ],
          [
            39.2060262,
            -6.7788514
          ],
          [
            39.2061482,
            -6.7788754
          ],
          [
            39.2062354,
            -6.7788994
          ],
          [
            39.2063239,
            -6.77891
          ],
          [
            39.2064527,
            -6.7789287
          ],
          [
            39.2065331,
            -6.778926
          ],
          [
            39.2066451,
            -6.7789206
          ],
          [
            39.2067055,
            -6.7789133
          ]
        ]
      },
      "id": "way/758044398"
    },
    {
      "type": "Feature",
      "properties": {
        "@id": "way/774628187",
        "highway": "service",
        "smoothness": "good",
        "surface": "asphalt"
      },
      "geometry": {
        "type": "LineString",
        "coordinates": [
          [
            39.2038296,
            -6.7792665
          ],
          [
            39.2037973,
            -6.7791564
          ],
          [
            39.2040011,
            -6.7790831
          ],
          [
            39.2040293,
            -6.7790711
          ],
          [
            39.2040212,
            -6.77893
          ]
        ]
      },
      "id": "way/774628187"
    },
    {
      "type": "Feature",
      "properties": {
        "@id": "way/774628188",
        "highway": "service",
        "smoothness": "good",
        "surface": "asphalt"
      },
      "geometry": {
        "type": "LineString",
        "coordinates": [
          [
            39.2035569,
            -6.7792652
          ],
          [
            39.2036162,
            -6.7792975
          ],
          [
            39.2037208,
            -6.7792949
          ],
          [
            39.2038296,
            -6.7792665
          ],
          [
            39.2038791,
            -6.7792536
          ],
          [
            39.2040078,
            -6.7791977
          ],
          [
            39.2040092,
            -6.7795066
          ],
          [
            39.2041312,
            -6.7795119
          ]
        ]
      },
      "id": "way/774628188"
    },
    {
      "type": "Feature",
      "properties": {
        "@id": "way/777215512",
        "highway": "residential",
        "maxspeed": "40",
        "name": "Mosque Road",
        "oneway": "no",
        "smoothness": "bad",
        "surface": "compacted"
      },
      "geometry": {
        "type": "LineString",
        "coordinates": [
          [
            39.2024771,
            -6.7844502
          ],
          [
            39.2024481,
            -6.7843741
          ],
          [
            39.2023864,
            -6.784121
          ],
          [
            39.2023463,
            -6.7840512
          ],
          [
            39.2021281,
            -6.783885
          ],
          [
            39.2018661,
            -6.7836989
          ],
          [
            39.2017709,
            -6.7836656
          ],
          [
            39.2017088,
            -6.7836575
          ],
          [
            39.2016113,
            -6.7836669
          ],
          [
            39.2015213,
            -6.7836929
          ],
          [
            39.2014074,
            -6.7837388
          ],
          [
            39.2012371,
            -6.7838267
          ],
          [
            39.2010347,
            -6.7839252
          ],
          [
            39.2009431,
            -6.7839273
          ],
          [
            39.2008294,
            -6.783916
          ],
          [
            39.200753,
            -6.783896
          ],
          [
            39.200666,
            -6.7838577
          ],
          [
            39.2005706,
            -6.7837721
          ],
          [
            39.2005196,
            -6.783705
          ],
          [
            39.2004711,
            -6.7836304
          ],
          [
            39.200414,
            -6.783455
          ],
          [
            39.2003888,
            -6.7833775
          ],
          [
            39.2003826,
            -6.7832058
          ],
          [
            39.2004054,
            -6.7830067
          ],
          [
            39.200419,
            -6.782744
          ]
        ]
      },
      "id": "way/777215512"
    },
    {
      "type": "Feature",
      "properties": {
        "@id": "way/777215513",
        "highway": "path",
        "name": "Asu Cafe",
        "surface": "dirt"
      },
      "geometry": {
        "type": "LineString",
        "coordinates": [
          [
            39.2010347,
            -6.7839252
          ],
          [
            39.2009682,
            -6.7840252
          ],
          [
            39.2009427,
            -6.7840664
          ],
          [
            39.2009379,
            -6.7841028
          ],
          [
            39.2009481,
            -6.7841463
          ],
          [
            39.2009675,
            -6.784173
          ],
          [
            39.201006,
            -6.7842234
          ],
          [
            39.2010494,
            -6.7842695
          ],
          [
            39.2010789,
            -6.7842828
          ],
          [
            39.2011466,
            -6.7842995
          ],
          [
            39.2012097,
            -6.7843168
          ],
          [
            39.2012686,
            -6.7843368
          ],
          [
            39.2012816,
            -6.7843532
          ],
          [
            39.2012867,
            -6.7843754
          ],
          [
            39.2012814,
            -6.7844034
          ],
          [
            39.2012056,
            -6.7844839
          ],
          [
            39.2011952,
            -6.7845005
          ],
          [
            39.2011895,
            -6.7845162
          ],
          [
            39.2012083,
            -6.7845545
          ],
          [
            39.2013223,
            -6.7846597
          ],
          [
            39.2013833,
            -6.7847576
          ],
          [
            39.2013875,
            -6.7848353
          ],
          [
            39.2013927,
            -6.7849067
          ],
          [
            39.2013809,
            -6.7850094
          ],
          [
            39.2013752,
            -6.7850772
          ],
          [
            39.2013946,
            -6.7851613
          ],
          [
            39.2014121,
            -6.7851911
          ],
          [
            39.2014222,
            -6.785205
          ],
          [
            39.2014617,
            -6.7852383
          ],
          [
            39.2015972,
            -6.7853442
          ],
          [
            39.2018721,
            -6.785534
          ],
          [
            39.2019495,
            -6.7855867
          ],
          [
            39.2019784,
            -6.7856016
          ],
          [
            39.2020014,
            -6.7856067
          ],
          [
            39.2021247,
            -6.7856222
          ],
          [
            39.2021645,
            -6.7856271
          ]
        ]
      },
      "id": "way/777215513"
    },
    {
      "type": "Feature",
      "properties": {
        "@id": "way/844831842",
        "highway": "residential"
      },
      "geometry": {
        "type": "LineString",
        "coordinates": [
          [
            39.1979378,
            -6.7835444
          ],
          [
            39.1976119,
            -6.7834165
          ],
          [
            39.1974331,
            -6.7833799
          ]
        ]
      },
      "id": "way/844831842"
    },
    {
      "type": "Feature",
      "properties": {
        "@id": "way/844831844",
        "highway": "service",
        "source": "maxar",
        "surface": "unpaved"
      },
      "geometry": {
        "type": "LineString",
        "coordinates": [
          [
            39.1989484,
            -6.7779695
          ],
          [
            39.1988989,
            -6.7780044
          ],
          [
            39.1988654,
            -6.7780051
          ],
          [
            39.1988385,
            -6.7779964
          ],
          [
            39.1988009,
            -6.7779725
          ],
          [
            39.1987351,
            -6.7779179
          ],
          [
            39.1983663,
            -6.7774863
          ],
          [
            39.1983115,
            -6.7774424
          ],
          [
            39.1981707,
            -6.7773838
          ],
          [
            39.198058,
            -6.7773599
          ],
          [
            39.1979521,
            -6.7773306
          ],
          [
            39.1978729,
            -6.7772986
          ],
          [
            39.1978206,
            -6.7772933
          ],
          [
            39.1977589,
            -6.7773093
          ],
          [
            39.1977361,
            -6.7773559
          ],
          [
            39.1977469,
            -6.7773958
          ],
          [
            39.1977925,
            -6.7774305
          ],
          [
            39.1979038,
            -6.7774544
          ],
          [
            39.1979762,
            -6.7774331
          ]
        ]
      },
      "id": "way/844831844"
    },
    {
      "type": "Feature",
      "properties": {
        "@id": "way/844925031",
        "highway": "residential",
        "smoothness": "very_bad",
        "surface": "compacted",
        "width": "4"
      },
      "geometry": {
        "type": "LineString",
        "coordinates": [
          [
            39.1999024,
            -6.7794078
          ],
          [
            39.1998019,
            -6.7795362
          ],
          [
            39.1997956,
            -6.7796298
          ],
          [
            39.19983,
            -6.7798418
          ],
          [
            39.1998893,
            -6.7800899
          ],
          [
            39.1999483,
            -6.7803083
          ],
          [
            39.2000127,
            -6.780564
          ],
          [
            39.2000475,
            -6.7807345
          ],
          [
            39.2000985,
            -6.7810168
          ],
          [
            39.2001334,
            -6.7812219
          ],
          [
            39.2001602,
            -6.7813657
          ],
          [
            39.2002407,
            -6.7816773
          ],
          [
            39.2002997,
            -6.7818877
          ],
          [
            39.2003399,
            -6.7820662
          ],
          [
            39.2003694,
            -6.7822606
          ],
          [
            39.2003947,
            -6.7824133
          ],
          [
            39.2003855,
            -6.7825882
          ],
          [
            39.2004117,
            -6.7827187
          ],
          [
            39.200419,
            -6.782744
          ]
        ]
      },
      "id": "way/844925031"
    },
    {
      "type": "Feature",
      "properties": {
        "@id": "way/844925032",
        "highway": "footway",
        "smoothness": "bad",
        "surface": "unpaved",
        "width": "2"
      },
      "geometry": {
        "type": "LineString",
        "coordinates": [
          [
            39.2003694,
            -6.7822606
          ],
          [
            39.2003006,
            -6.7824409
          ],
          [
            39.2002881,
            -6.7825419
          ],
          [
            39.2002618,
            -6.782765
          ]
        ]
      },
      "id": "way/844925032"
    },
    {
      "type": "Feature",
      "properties": {
        "@id": "way/844925033",
        "highway": "service",
        "name": "Mosque Road",
        "oneway": "no",
        "smoothness": "bad",
        "surface": "compacted"
      },
      "geometry": {
        "type": "LineString",
        "coordinates": [
          [
            39.2013914,
            -6.7827436
          ],
          [
            39.2011486,
            -6.7827334
          ],
          [
            39.2009635,
            -6.7827294
          ],
          [
            39.2007603,
            -6.7827487
          ],
          [
            39.2006913,
            -6.782756
          ],
          [
            39.2005437,
            -6.7827875
          ],
          [
            39.2004901,
            -6.782784
          ],
          [
            39.200419,
            -6.782744
          ]
        ]
      },
      "id": "way/844925033"
    },
    {
      "type": "Feature",
      "properties": {
        "@id": "way/846160016",
        "highway": "footway",
        "surface": "dirt"
      },
      "geometry": {
        "type": "LineString",
        "coordinates": [
          [
            39.2078266,
            -6.7801541
          ],
          [
            39.2079355,
            -6.7801212
          ],
          [
            39.2079779,
            -6.7801308
          ],
          [
            39.2082497,
            -6.7801385
          ],
          [
            39.2084374,
            -6.7802236
          ]
        ]
      },
      "id": "way/846160016"
    },
    {
      "type": "Feature",
      "properties": {
        "@id": "way/846346021",
        "highway": "residential",
        "smoothness": "intermediate",
        "surface": "unpaved",
        "width": "3.7"
      },
      "geometry": {
        "type": "LineString",
        "coordinates": [
          [
            39.1970933,
            -6.784343
          ],
          [
            39.1972198,
            -6.7843827
          ],
          [
            39.1973573,
            -6.7844247
          ],
          [
            39.1981032,
            -6.7846702
          ]
        ]
      },
      "id": "way/846346021"
    },
    {
      "type": "Feature",
      "properties": {
        "@id": "way/854234546",
        "highway": "path",
        "source": "maxar",
        "surface": "unpaved"
      },
      "geometry": {
        "type": "LineString",
        "coordinates": [
          [
            39.2085699,
            -6.776354
          ],
          [
            39.2085379,
            -6.7763109
          ],
          [
            39.2084321,
            -6.7761613
          ],
          [
            39.2083088,
            -6.7759935
          ],
          [
            39.2081438,
            -6.7757884
          ],
          [
            39.2079976,
            -6.7755967
          ],
          [
            39.2078563,
            -6.7754151
          ]
        ]
      },
      "id": "way/854234546"
    },
    {
      "type": "Feature",
      "properties": {
        "@id": "way/854234547",
        "highway": "service",
        "source": "maxar",
        "surface": "unpaved"
      },
      "geometry": {
        "type": "LineString",
        "coordinates": [
          [
            39.2060233,
            -6.7748924
          ],
          [
            39.2060021,
            -6.774755
          ],
          [
            39.2060021,
            -6.7747084
          ],
          [
            39.2060114,
            -6.7746511
          ],
          [
            39.2060584,
            -6.7744873
          ],
          [
            39.2060852,
            -6.7744047
          ],
          [
            39.2061134,
            -6.7743288
          ],
          [
            39.2061408,
            -6.7742735
          ],
          [
            39.2062005,
            -6.774219
          ],
          [
            39.2062676,
            -6.7741797
          ],
          [
            39.2063447,
            -6.7741637
          ],
          [
            39.2065543,
            -6.7741514
          ]
        ]
      },
      "id": "way/854234547"
    },
    {
      "type": "Feature",
      "properties": {
        "@id": "way/913476160",
        "highway": "primary",
        "lanes": "2",
        "maxspeed": "50",
        "name": "Sam Nujoma Road",
        "oneway": "yes",
        "smoothness": "good",
        "surface": "asphalt"
      },
      "geometry": {
        "type": "LineString",
        "coordinates": [
          [
            39.2109895,
            -6.7859808
          ],
          [
            39.2110875,
            -6.7858749
          ],
          [
            39.211323,
            -6.7856487
          ],
          [
            39.2123602,
            -6.7847736
          ],
          [
            39.2128177,
            -6.7843794
          ],
          [
            39.2132513,
            -6.7841005
          ],
          [
            39.2138204,
            -6.7835522
          ],
          [
            39.2139868,
            -6.7833504
          ],
          [
            39.2141324,
            -6.7831804
          ],
          [
            39.2142483,
            -6.7830499
          ],
          [
            39.2148614,
            -6.782238
          ],
          [
            39.2153876,
            -6.7813651
          ],
          [
            39.2175423,
            -6.7784192
          ],
          [
            39.2175981,
            -6.7783429
          ],
          [
            39.2176821,
            -6.7782311
          ],
          [
            39.2177282,
            -6.778177
          ],
          [
            39.2177692,
            -6.7781071
          ],
          [
            39.2179259,
            -6.7779116
          ],
          [
            39.2179426,
            -6.7778871
          ],
          [
            39.2179556,
            -6.7778696
          ],
          [
            39.2192448,
            -6.776074
          ],
          [
            39.2194453,
            -6.7758024
          ],
          [
            39.2196708,
            -6.7755111
          ],
          [
            39.2198841,
            -6.7752409
          ],
          [
            39.2200324,
            -6.7750032
          ],
          [
            39.2201628,
            -6.7748176
          ],
          [
            39.2203148,
            -6.774606
          ],
          [
            39.2204151,
            -6.7744775
          ],
          [
            39.2204589,
            -6.7744164
          ],
          [
            39.2205705,
            -6.7742627
          ],
          [
            39.2207822,
            -6.7739755
          ],
          [
            39.2211056,
            -6.7735191
          ],
          [
            39.2214647,
            -6.7730694
          ],
          [
            39.2215726,
            -6.772941
          ],
          [
            39.2216702,
            -6.7728239
          ],
          [
            39.2217947,
            -6.7726919
          ],
          [
            39.2220434,
            -6.7724229
          ]
        ]
      },
      "id": "way/913476160"
    },
    {
      "type": "Feature",
      "properties": {
        "@id": "way/996637891",
        "highway": "service",
        "source": "maxar",
        "surface": "unpaved"
      },
      "geometry": {
        "type": "LineString",
        "coordinates": [
          [
            39.2123848,
            -6.7760127
          ],
          [
            39.2122275,
            -6.7760721
          ],
          [
            39.2121041,
            -6.77612
          ],
          [
            39.2119324,
            -6.7761826
          ]
        ]
      },
      "id": "way/996637891"
    },
    {
      "type": "Feature",
      "properties": {
        "@id": "way/997015308",
        "highway": "path",
        "source": "maxar",
        "surface": "unpaved"
      },
      "geometry": {
        "type": "LineString",
        "coordinates": [
          [
            39.2071125,
            -6.7754462
          ],
          [
            39.2070521,
            -6.7754875
          ],
          [
            39.2069744,
            -6.7755247
          ],
          [
            39.2068966,
            -6.7755474
          ],
          [
            39.2068215,
            -6.7755647
          ],
          [
            39.2067651,
            -6.7755873
          ],
          [
            39.2066243,
            -6.7756473
          ],
          [
            39.2064983,
            -6.7756979
          ],
          [
            39.2064325,
            -6.7757365
          ],
          [
            39.2064004,
            -6.7757618
          ],
          [
            39.2063574,
            -6.7758177
          ],
          [
            39.2063132,
            -6.7758737
          ],
          [
            39.2062408,
            -6.7759442
          ],
          [
            39.2061764,
            -6.7759815
          ],
          [
            39.2061174,
            -6.7759829
          ]
        ]
      },
      "id": "way/997015308"
    },
    {
      "type": "Feature",
      "properties": {
        "@id": "way/997124532",
        "highway": "path",
        "source": "maxar",
        "surface": "unpaved"
      },
      "geometry": {
        "type": "LineString",
        "coordinates": [
          [
            39.2091765,
            -6.7821394
          ],
          [
            39.2092046,
            -6.782206
          ],
          [
            39.2092509,
            -6.782262
          ],
          [
            39.2093153,
            -6.7822972
          ],
          [
            39.20945,
            -6.7824897
          ],
          [
            39.2095466,
            -6.7828086
          ],
          [
            39.2095446,
            -6.783041
          ],
          [
            39.2095882,
            -6.7832161
          ],
          [
            39.209623,
            -6.7832827
          ],
          [
            39.2097652,
            -6.7834871
          ],
          [
            39.2099677,
            -6.7836603
          ],
          [
            39.2100388,
            -6.7836989
          ]
        ]
      },
      "id": "way/997124532"
    },
    {
      "type": "Feature",
      "properties": {
        "@id": "way/997124534",
        "highway": "path",
        "source": "maxar",
        "surface": "unpaved"
      },
      "geometry": {
        "type": "LineString",
        "coordinates": [
          [
            39.2078238,
            -6.7839807
          ],
          [
            39.2078541,
            -6.7839646
          ],
          [
            39.207885,
            -6.7839359
          ],
          [
            39.2079218,
            -6.783894
          ],
          [
            39.2079963,
            -6.7837735
          ],
          [
            39.2080566,
            -6.783635
          ],
          [
            39.2080888,
            -6.7835591
          ],
          [
            39.2081277,
            -6.7834911
          ],
          [
            39.2082109,
            -6.7833713
          ],
          [
            39.2082632,
            -6.7833007
          ],
          [
            39.2083369,
            -6.7832208
          ],
          [
            39.2083704,
            -6.7831915
          ],
          [
            39.2084536,
            -6.7831409
          ],
          [
            39.2085408,
            -6.7831003
          ],
          [
            39.208644,
            -6.783017
          ],
          [
            39.2087044,
            -6.7829238
          ],
          [
            39.2087513,
            -6.7828399
          ],
          [
            39.2087956,
            -6.7827161
          ],
          [
            39.2088184,
            -6.7826055
          ],
          [
            39.2088532,
            -6.7824764
          ]
        ]
      },
      "id": "way/997124534"
    },
    {
      "type": "Feature",
      "properties": {
        "@id": "way/998748467",
        "highway": "service",
        "name": "Kilimahewa Street",
        "smoothness": "intermediate",
        "source": "Bing",
        "surface": "asphalt",
        "width": "4"
      },
      "geometry": {
        "type": "LineString",
        "coordinates": [
          [
            39.2067853,
            -6.773093
          ],
          [
            39.2067444,
            -6.7731276
          ],
          [
            39.2067236,
            -6.7731516
          ],
          [
            39.2067149,
            -6.7731862
          ],
          [
            39.2067102,
            -6.7732315
          ],
          [
            39.2066994,
            -6.7733567
          ],
          [
            39.2066485,
            -6.7737269
          ],
          [
            39.2065543,
            -6.7741514
          ],
          [
            39.206458,
            -6.7743368
          ],
          [
            39.20634,
            -6.7744993
          ],
          [
            39.2061642,
            -6.7746882
          ],
          [
            39.2060233,
            -6.7748924
          ],
          [
            39.2058653,
            -6.7750853
          ],
          [
            39.2056212,
            -6.7755567
          ],
          [
            39.2053567,
            -6.7759725
          ],
          [
            39.2052618,
            -6.776116
          ],
          [
            39.2051193,
            -6.7762549
          ],
          [
            39.2050512,
            -6.7763185
          ],
          [
            39.205021,
            -6.7763611
          ],
          [
            39.2050094,
            -6.7764027
          ],
          [
            39.2049819,
            -6.7765885
          ],
          [
            39.2049141,
            -6.7767955
          ]
        ]
      },
      "id": "way/998748467"
    },
    {
      "type": "Feature",
      "properties": {
        "@id": "way/998748468",
        "highway": "path",
        "smoothness": "intermediate",
        "surface": "unpaved",
        "width": "1"
      },
      "geometry": {
        "type": "LineString",
        "coordinates": [
          [
            39.2061642,
            -6.7746882
          ],
          [
            39.2062311,
            -6.7747107
          ],
          [
            39.2062978,
            -6.774749
          ],
          [
            39.2063644,
            -6.7748029
          ],
          [
            39.2064862,
            -6.7748655
          ],
          [
            39.2065814,
            -6.7748948
          ],
          [
            39.2066485,
            -6.7749255
          ],
          [
            39.2067316,
            -6.7749787
          ],
          [
            39.206804,
            -6.7750427
          ],
          [
            39.2069462,
            -6.7751705
          ],
          [
            39.2070615,
            -6.7753276
          ],
          [
            39.2071125,
            -6.7754462
          ],
          [
            39.2071809,
            -6.7756473
          ],
          [
            39.2071889,
            -6.7757325
          ],
          [
            39.2071849,
            -6.7758364
          ],
          [
            39.207201,
            -6.7759149
          ],
          [
            39.2072171,
            -6.7759549
          ],
          [
            39.2072506,
            -6.7759895
          ],
          [
            39.2073131,
            -6.7760338
          ],
          [
            39.2074428,
            -6.7760883
          ],
          [
            39.2075125,
            -6.7761194
          ],
          [
            39.2075399,
            -6.7761322
          ]
        ]
      },
      "id": "way/998748468"
    },
    {
      "type": "Feature",
      "properties": {
        "@id": "way/1001005330",
        "highway": "path",
        "source": "maxar",
        "surface": "unpaved"
      },
      "geometry": {
        "type": "LineString",
        "coordinates": [
          [
            39.1997934,
            -6.779189
          ],
          [
            39.1997803,
            -6.779162
          ],
          [
            39.199774,
            -6.7791447
          ],
          [
            39.1997696,
            -6.7791251
          ],
          [
            39.1997589,
            -6.7791064
          ],
          [
            39.1997465,
            -6.7790868
          ],
          [
            39.1997297,
            -6.7790598
          ],
          [
            39.1997109,
            -6.7790259
          ],
          [
            39.1996801,
            -6.7789619
          ],
          [
            39.1996533,
            -6.7789027
          ],
          [
            39.1996271,
            -6.7788414
          ],
          [
            39.199601,
            -6.7787675
          ],
          [
            39.1995882,
            -6.7787349
          ],
          [
            39.1995594,
            -6.7786876
          ],
          [
            39.1995185,
            -6.7786303
          ],
          [
            39.199499,
            -6.778599
          ],
          [
            39.1994843,
            -6.7785598
          ],
          [
            39.1994715,
            -6.7785008
          ],
          [
            39.1994635,
            -6.7784566
          ],
          [
            39.1994581,
            -6.7784186
          ],
          [
            39.1994521,
            -6.7783843
          ],
          [
            39.199444,
            -6.77835
          ],
          [
            39.1994414,
            -6.7783021
          ],
          [
            39.199432,
            -6.7782655
          ],
          [
            39.1994152,
            -6.7782102
          ],
          [
            39.1994065,
            -6.7781549
          ],
          [
            39.1994186,
            -6.7780843
          ],
          [
            39.199426,
            -6.7780398
          ],
          [
            39.199436,
            -6.7780191
          ],
          [
            39.1994501,
            -6.7779845
          ],
          [
            39.1994481,
            -6.7779519
          ],
          [
            39.1994454,
            -6.7779159
          ],
          [
            39.1994575,
            -6.7778852
          ],
          [
            39.1994608,
            -6.7778649
          ],
          [
            39.1994588,
            -6.7778439
          ],
          [
            39.1994534,
            -6.7778094
          ],
          [
            39.1994494,
            -6.7777661
          ],
          [
            39.199436,
            -6.7777268
          ],
          [
            39.1994319,
            -6.7776922
          ],
          [
            39.199431,
            -6.7776665
          ],
          [
            39.1994353,
            -6.7776315
          ],
          [
            39.1994458,
            -6.7775753
          ],
          [
            39.1993931,
            -6.777541
          ],
          [
            39.1993545,
            -6.7775124
          ],
          [
            39.1993217,
            -6.7774857
          ],
          [
            39.1993012,
            -6.7774604
          ],
          [
            39.1992744,
            -6.7774105
          ],
          [
            39.199259,
            -6.7773785
          ],
          [
            39.1992355,
            -6.7773472
          ],
          [
            39.1991953,
            -6.7773006
          ]
        ]
      },
      "id": "way/1001005330"
    },
    {
      "type": "Feature",
      "properties": {
        "@id": "way/1001005331",
        "highway": "path",
        "source": "maxar",
        "surface": "unpaved"
      },
      "geometry": {
        "type": "LineString",
        "coordinates": [
          [
            39.2002045,
            -6.7780167
          ],
          [
            39.2001146,
            -6.7780311
          ],
          [
            39.2000643,
            -6.7780224
          ],
          [
            39.2000435,
            -6.7780204
          ],
          [
            39.2000201,
            -6.7780251
          ],
          [
            39.1999416,
            -6.7780684
          ],
          [
            39.1999114,
            -6.7780764
          ],
          [
            39.1998752,
            -6.7780677
          ],
          [
            39.1998497,
            -6.7780684
          ],
          [
            39.1998216,
            -6.778073
          ],
          [
            39.1997813,
            -6.7780877
          ],
          [
            39.1997338,
            -6.7780986
          ],
          [
            39.1997046,
            -6.778099
          ],
          [
            39.1996801,
            -6.7780983
          ],
          [
            39.199664,
            -6.7781043
          ],
          [
            39.1996552,
            -6.7781143
          ],
          [
            39.1996458,
            -6.7781362
          ],
          [
            39.1996298,
            -6.7781703
          ],
          [
            39.1996023,
            -6.7782062
          ],
          [
            39.1995782,
            -6.7782282
          ],
          [
            39.1995413,
            -6.7782628
          ],
          [
            39.1995044,
            -6.7783048
          ],
          [
            39.1994708,
            -6.778328
          ],
          [
            39.199444,
            -6.77835
          ],
          [
            39.1994337,
            -6.7783627
          ],
          [
            39.1994239,
            -6.7783673
          ],
          [
            39.1994139,
            -6.7783673
          ],
          [
            39.1993851,
            -6.7783674
          ],
          [
            39.1993408,
            -6.7783657
          ],
          [
            39.1993086,
            -6.7783653
          ],
          [
            39.1992898,
            -6.778369
          ],
          [
            39.1992667,
            -6.7783813
          ],
          [
            39.1992144,
            -6.7784059
          ],
          [
            39.1991738,
            -6.7784259
          ],
          [
            39.199143,
            -6.7784066
          ],
          [
            39.1991041,
            -6.7784459
          ],
          [
            39.1990336,
            -6.7785078
          ]
        ]
      },
      "id": "way/1001005331"
    },
    {
      "type": "Feature",
      "properties": {
        "@id": "way/1003346708",
        "highway": "service"
      },
      "geometry": {
        "type": "LineString",
        "coordinates": [
          [
            39.2026805,
            -6.7769514
          ],
          [
            39.2026838,
            -6.7770056
          ],
          [
            39.2026902,
            -6.7770579
          ],
          [
            39.2027009,
            -6.7771528
          ],
          [
            39.2026949,
            -6.7771961
          ],
          [
            39.2026681,
            -6.7772413
          ],
          [
            39.2026292,
            -6.7772979
          ],
          [
            39.2025929,
            -6.7773359
          ],
          [
            39.2025494,
            -6.7773692
          ],
          [
            39.2024984,
            -6.7773838
          ],
          [
            39.2024139,
            -6.7773945
          ],
          [
            39.2023194,
            -6.7773812
          ],
          [
            39.2021846,
            -6.7773526
          ]
        ]
      },
      "id": "way/1003346708"
    },
    {
      "type": "Feature",
      "properties": {
        "@id": "way/1003346709",
        "highway": "service",
        "service": "parking_aisle"
      },
      "geometry": {
        "type": "LineString",
        "coordinates": [
          [
            39.2004123,
            -6.7762905
          ],
          [
            39.2004164,
            -6.7763411
          ],
          [
            39.2004109,
            -6.7763795
          ],
          [
            39.2003989,
            -6.7764117
          ],
          [
            39.2003869,
            -6.776449
          ],
          [
            39.2004056,
            -6.7765022
          ],
          [
            39.2004459,
            -6.7765355
          ],
          [
            39.2006537,
            -6.7765635
          ],
          [
            39.2007208,
            -6.7765648
          ],
          [
            39.2007543,
            -6.7765462
          ],
          [
            39.2007717,
            -6.7765036
          ],
          [
            39.2007798,
            -6.776445
          ],
          [
            39.200753,
            -6.776409
          ],
          [
            39.2007168,
            -6.7763944
          ],
          [
            39.2005277,
            -6.7763904
          ],
          [
            39.2004109,
            -6.7763795
          ]
        ]
      },
      "id": "way/1003346709"
    },
    {
      "type": "Feature",
      "properties": {
        "@id": "way/1003346710",
        "highway": "service",
        "smoothness": "good",
        "surface": "paving_stones"
      },
      "geometry": {
        "type": "LineString",
        "coordinates": [
          [
            39.2002498,
            -6.7763248
          ],
          [
            39.2003292,
            -6.7763158
          ],
          [
            39.2004123,
            -6.7762905
          ],
          [
            39.2004503,
            -6.7762888
          ],
          [
            39.2005035,
            -6.7762865
          ],
          [
            39.2006993,
            -6.7762878
          ],
          [
            39.2007583,
            -6.7762798
          ],
          [
            39.2007878,
            -6.7762692
          ],
          [
            39.2008106,
            -6.7762679
          ],
          [
            39.2009179,
            -6.7763051
          ],
          [
            39.2010292,
            -6.7763411
          ],
          [
            39.2012988,
            -6.776425
          ],
          [
            39.2016475,
            -6.7765861
          ]
        ]
      },
      "id": "way/1003346710"
    },
    {
      "type": "Feature",
      "properties": {
        "@id": "way/1004227389",
        "highway": "service",
        "service": "parking_aisle"
      },
      "geometry": {
        "type": "LineString",
        "coordinates": [
          [
            39.2022622,
            -6.7765411
          ],
          [
            39.2024347,
            -6.7766714
          ],
          [
            39.2025433,
            -6.7767127
          ],
          [
            39.202648,
            -6.7767047
          ]
        ]
      },
      "id": "way/1004227389"
    },
    {
      "type": "Feature",
      "properties": {
        "@id": "way/1004227390",
        "highway": "service",
        "smoothness": "good",
        "surface": "asphalt"
      },
      "geometry": {
        "type": "LineString",
        "coordinates": [
          [
            39.2029065,
            -6.7809872
          ],
          [
            39.2029135,
            -6.7807984
          ],
          [
            39.2030302,
            -6.7805853
          ]
        ]
      },
      "id": "way/1004227390"
    },
    {
      "type": "Feature",
      "properties": {
        "@id": "way/1004227391",
        "highway": "service",
        "service": "parking_aisle"
      },
      "geometry": {
        "type": "LineString",
        "coordinates": [
          [
            39.2024903,
            -6.7825767
          ],
          [
            39.2028365,
            -6.7829478
          ]
        ]
      },
      "id": "way/1004227391"
    },
    {
      "type": "Feature",
      "properties": {
        "@id": "way/1004227392",
        "highway": "service"
      },
      "geometry": {
        "type": "LineString",
        "coordinates": [
          [
            39.2024506,
            -6.7820752
          ],
          [
            39.2023583,
            -6.7821328
          ],
          [
            39.2023596,
            -6.7822313
          ],
          [
            39.2025273,
            -6.782539
          ],
          [
            39.2024903,
            -6.7825767
          ],
          [
            39.2023475,
            -6.7827227
          ],
          [
            39.2026922,
            -6.783077
          ],
          [
            39.2028365,
            -6.7829478
          ],
          [
            39.2030273,
            -6.782777
          ]
        ]
      },
      "id": "way/1004227392"
    },
    {
      "type": "Feature",
      "properties": {
        "@id": "way/1004227393",
        "covered": "yes",
        "highway": "footway",
        "smoothness": "good",
        "surface": "paving_stones"
      },
      "geometry": {
        "type": "LineString",
        "coordinates": [
          [
            39.2033362,
            -6.7804494
          ],
          [
            39.2034043,
            -6.7804468
          ]
        ]
      },
      "id": "way/1004227393"
    },
    {
      "type": "Feature",
      "properties": {
        "@id": "way/1004227394",
        "highway": "footway",
        "smoothness": "good",
        "surface": "paving_stones"
      },
      "geometry": {
        "type": "LineString",
        "coordinates": [
          [
            39.2029855,
            -6.7803832
          ],
          [
            39.2031355,
            -6.7804345
          ],
          [
            39.203249,
            -6.780436
          ],
          [
            39.2033362,
            -6.7804494
          ]
        ]
      },
      "id": "way/1004227394"
    },
    {
      "type": "Feature",
      "properties": {
        "@id": "way/1076261064",
        "highway": "track",
        "smoothness": "good",
        "surface": "paving_stones",
        "tracktype": "grade1"
      },
      "geometry": {
        "type": "LineString",
        "coordinates": [
          [
            39.2044115,
            -6.7783839
          ],
          [
            39.2045832,
            -6.7783547
          ],
          [
            39.2046811,
            -6.778332
          ],
          [
            39.2047823,
            -6.7783387
          ],
          [
            39.204893,
            -6.7783627
          ],
          [
            39.2051625,
            -6.7784719
          ],
          [
            39.2052738,
            -6.7785225
          ],
          [
            39.2054683,
            -6.7785731
          ],
          [
            39.2055742,
            -6.7786144
          ],
          [
            39.2057231,
            -6.7787542
          ],
          [
            39.2058081,
            -6.7787872
          ]
        ]
      },
      "id": "way/1076261064"
    },
    {
      "type": "Feature",
      "properties": {
        "@id": "way/1155366200",
        "highway": "service",
        "smoothness": "very_bad",
        "surface": "gravel"
      },
      "geometry": {
        "type": "LineString",
        "coordinates": [
          [
            39.2022677,
            -6.776698
          ],
          [
            39.2021336,
            -6.7767086
          ],
          [
            39.2019593,
            -6.7767632
          ]
        ]
      },
      "id": "way/1155366200"
    },
    {
      "type": "Feature",
      "properties": {
        "@id": "way/1155366201",
        "highway": "service",
        "smoothness": "intermediate",
        "surface": "asphalt"
      },
      "geometry": {
        "type": "LineString",
        "coordinates": [
          [
            39.2020129,
            -6.7760066
          ],
          [
            39.2021268,
            -6.7763317
          ],
          [
            39.2021523,
            -6.7763955
          ],
          [
            39.2022145,
            -6.7764526
          ],
          [
            39.2022622,
            -6.7765411
          ]
        ]
      },
      "id": "way/1155366201"
    },
    {
      "type": "Feature",
      "properties": {
        "@id": "way/1157854627",
        "highway": "service",
        "service": "parking_aisle"
      },
      "geometry": {
        "type": "LineString",
        "coordinates": [
          [
            39.2004503,
            -6.7762888
          ],
          [
            39.2004303,
            -6.7758786
          ]
        ]
      },
      "id": "way/1157854627"
    },
    {
      "type": "Feature",
      "properties": {
        "@id": "way/1157854630",
        "highway": "path",
        "smoothness": "bad",
        "surface": "ground"
      },
      "geometry": {
        "type": "LineString",
        "coordinates": [
          [
            39.2016475,
            -6.7765861
          ],
          [
            39.2017722,
            -6.7766567
          ],
          [
            39.2019593,
            -6.7767632
          ]
        ]
      },
      "id": "way/1157854630"
    },
    {
      "type": "Feature",
      "properties": {
        "@id": "way/1179938426",
        "highway": "path",
        "surface": "dirt",
        "width": "4"
      },
      "geometry": {
        "type": "LineString",
        "coordinates": [
          [
            39.200414,
            -6.783455
          ],
          [
            39.2003691,
            -6.7836143
          ],
          [
            39.2003178,
            -6.7836687
          ],
          [
            39.2002943,
            -6.7837268
          ],
          [
            39.2002729,
            -6.7837974
          ],
          [
            39.2002662,
            -6.7838653
          ],
          [
            39.2002769,
            -6.7839146
          ],
          [
            39.2003111,
            -6.7839748
          ]
        ]
      },
      "id": "way/1179938426"
    },
    {
      "type": "Feature",
      "properties": {
        "@id": "way/1182011250",
        "highway": "service",
        "smoothness": "good",
        "surface": "paving_stones"
      },
      "geometry": {
        "type": "LineString",
        "coordinates": [
          [
            39.2131547,
            -6.7813013
          ],
          [
            39.2134287,
            -6.7809401
          ],
          [
            39.2134856,
            -6.7808967
          ],
          [
            39.2135463,
            -6.7808854
          ],
          [
            39.2136354,
            -6.7809175
          ],
          [
            39.2140162,
            -6.7811458
          ],
          [
            39.2144244,
            -6.7814335
          ],
          [
            39.2144377,
            -6.78149
          ],
          [
            39.2144244,
            -6.7815277
          ],
          [
            39.2140893,
            -6.7819749
          ],
          [
            39.2136089,
            -6.7826172
          ],
          [
            39.2135444,
            -6.7827029
          ],
          [
            39.2134647,
            -6.7827782
          ],
          [
            39.2134116,
            -6.7827989
          ],
          [
            39.213294,
            -6.7827594
          ],
          [
            39.2131385,
            -6.7826934
          ],
          [
            39.2129678,
            -6.7826012
          ],
          [
            39.2128768,
            -6.7825522
          ],
          [
            39.2127516,
            -6.7824543
          ],
          [
            39.2126113,
            -6.7823205
          ],
          [
            39.2125301,
            -6.7821854
          ],
          [
            39.212839,
            -6.7817623
          ],
          [
            39.2131547,
            -6.7813013
          ],
          [
            39.213126,
            -6.781279
          ],
          [
            39.2125825,
            -6.7808572
          ],
          [
            39.2124682,
            -6.7807833
          ],
          [
            39.2120464,
            -6.7804628
          ],
          [
            39.2119909,
            -6.7804317
          ]
        ]
      },
      "id": "way/1182011250"
    },
    {
      "type": "Feature",
      "properties": {
        "@id": "way/1229032134",
        "highway": "service"
      },
      "geometry": {
        "type": "LineString",
        "coordinates": [
          [
            39.2009803,
            -6.7788686
          ],
          [
            39.2008884,
            -6.7788355
          ],
          [
            39.2008114,
            -6.7788078
          ],
          [
            39.2007288,
            -6.7787755
          ],
          [
            39.2006286,
            -6.7787267
          ],
          [
            39.2004373,
            -6.7786259
          ]
        ]
      },
      "id": "way/1229032134"
    },
    {
      "type": "Feature",
      "properties": {
        "@id": "way/1230082921",
        "highway": "residential",
        "lane_markings": "no",
        "smoothness": "intermediate",
        "source": "Yahoo",
        "surface": "asphalt"
      },
      "geometry": {
        "type": "LineString",
        "coordinates": [
          [
            39.2078266,
            -6.7801541
          ],
          [
            39.2072448,
            -6.7796304
          ]
        ]
      },
      "id": "way/1230082921"
    },
    {
      "type": "Feature",
      "properties": {
        "@id": "way/1239377927",
        "highway": "residential",
        "maxspeed": "40",
        "name": "Mosque Road",
        "oneway": "no",
        "surface": "dirt"
      },
      "geometry": {
        "type": "LineString",
        "coordinates": [
          [
            39.2041363,
            -6.7861463
          ],
          [
            39.2039984,
            -6.7859548
          ],
          [
            39.2038617,
            -6.7858243
          ],
          [
            39.2033954,
            -6.7855193
          ],
          [
            39.2032769,
            -6.7853609
          ],
          [
            39.2031482,
            -6.7852011
          ],
          [
            39.2030117,
            -6.7849648
          ],
          [
            39.2028129,
            -6.7848095
          ],
          [
            39.2024771,
            -6.7844502
          ]
        ]
      },
      "id": "way/1239377927"
    },
    {
      "type": "Feature",
      "properties": {
        "@id": "way/1239382590",
        "highway": "service",
        "smoothness": "intermediate",
        "surface": "paving_stones"
      },
      "geometry": {
        "type": "LineString",
        "coordinates": [
          [
            39.2019593,
            -6.7767632
          ],
          [
            39.2018428,
            -6.77682
          ],
          [
            39.2017408,
            -6.7768766
          ],
          [
            39.2016585,
            -6.7769314
          ],
          [
            39.2016166,
            -6.7769843
          ],
          [
            39.2015899,
            -6.7770364
          ],
          [
            39.2015415,
            -6.7771308
          ],
          [
            39.2015137,
            -6.777216
          ],
          [
            39.2015053,
            -6.7773053
          ],
          [
            39.2014235,
            -6.777533
          ],
          [
            39.2013377,
            -6.7777914
          ],
          [
            39.2012894,
            -6.7779245
          ],
          [
            39.201268,
            -6.7780657
          ],
          [
            39.2012705,
            -6.7782642
          ]
        ]
      },
      "id": "way/1239382590"
    },
    {
      "type": "Feature",
      "properties": {
        "@id": "way/1251091227",
        "highway": "path"
      },
      "geometry": {
        "type": "LineString",
        "coordinates": [
          [
            39.2007543,
            -6.7771062
          ],
          [
            39.2007754,
            -6.7771108
          ],
          [
            39.2008127,
            -6.7771128
          ],
          [
            39.2008388,
            -6.7771128
          ],
          [
            39.2008613,
            -6.7771072
          ],
          [
            39.2008794,
            -6.7770942
          ],
          [
            39.2008938,
            -6.7770879
          ],
          [
            39.2009166,
            -6.7770832
          ]
        ]
      },
      "id": "way/1251091227"
    },
    {
      "type": "Feature",
      "properties": {
        "@id": "way/1251091228",
        "highway": "path"
      },
      "geometry": {
        "type": "LineString",
        "coordinates": [
          [
            39.2006873,
            -6.7772427
          ],
          [
            39.2007087,
            -6.777226
          ],
          [
            39.2007245,
            -6.7772084
          ],
          [
            39.2007379,
            -6.7771904
          ],
          [
            39.2007523,
            -6.7771778
          ],
          [
            39.2007707,
            -6.7771684
          ],
          [
            39.2008076,
            -6.7771591
          ],
          [
            39.2008371,
            -6.7771508
          ],
          [
            39.2008596,
            -6.7771441
          ],
          [
            39.2008787,
            -6.7771338
          ],
          [
            39.2008901,
            -6.7771165
          ],
          [
            39.2009002,
            -6.7770982
          ],
          [
            39.2009166,
            -6.7770832
          ],
          [
            39.2009421,
            -6.7770682
          ],
          [
            39.2009592,
            -6.7770539
          ],
          [
            39.2009719,
            -6.7770359
          ],
          [
            39.200986,
            -6.7770216
          ],
          [
            39.2010058,
            -6.777007
          ],
          [
            39.2010329,
            -6.7769926
          ],
          [
            39.2010701,
            -6.7769777
          ],
          [
            39.2010795,
            -6.7769597
          ],
          [
            39.2010836,
            -6.7769377
          ],
          [
            39.2010795,
            -6.7769051
          ],
          [
            39.2010782,
            -6.7768551
          ],
          [
            39.2010809,
            -6.7768112
          ],
          [
            39.2010755,
            -6.7767759
          ],
          [
            39.2010608,
            -6.77673
          ],
          [
            39.2010467,
            -6.7766907
          ],
          [
            39.2010376,
            -6.7766541
          ],
          [
            39.2010371,
            -6.7766416
          ],
          [
            39.2010388,
            -6.7766289
          ],
          [
            39.2010418,
            -6.7766166
          ],
          [
            39.2010415,
            -6.7766038
          ],
          [
            39.2010383,
            -6.7765828
          ],
          [
            39.2010323,
            -6.7765605
          ],
          [
            39.2010242,
            -6.7765375
          ],
          [
            39.2010168,
            -6.7765092
          ],
          [
            39.2010101,
            -6.7764949
          ],
          [
            39.2010038,
            -6.7764819
          ],
          [
            39.2009991,
            -6.7764636
          ],
          [
            39.2009927,
            -6.7764297
          ]
        ]
      },
      "id": "way/1251091228"
    },
    {
      "type": "Feature",
      "properties": {
        "@id": "way/1251091229",
        "highway": "path"
      },
      "geometry": {
        "type": "LineString",
        "coordinates": [
          [
            39.2001394,
            -6.7773798
          ],
          [
            39.2001746,
            -6.7773775
          ],
          [
            39.2002179,
            -6.7773735
          ],
          [
            39.2002722,
            -6.7773725
          ],
          [
            39.2003044,
            -6.7773749
          ],
          [
            39.2003325,
            -6.7773759
          ],
          [
            39.20035,
            -6.7773695
          ],
          [
            39.2003667,
            -6.7773512
          ],
          [
            39.2003842,
            -6.7773243
          ],
          [
            39.2004003,
            -6.7773079
          ],
          [
            39.2004187,
            -6.7772976
          ],
          [
            39.2004395,
            -6.7772913
          ],
          [
            39.2004723,
            -6.777293
          ],
          [
            39.2005186,
            -6.7773033
          ],
          [
            39.2005659,
            -6.7773166
          ],
          [
            39.2006115,
            -6.7773252
          ],
          [
            39.2006356,
            -6.7773233
          ],
          [
            39.2006591,
            -6.7773059
          ],
          [
            39.2006785,
            -6.7772813
          ],
          [
            39.2006873,
            -6.7772427
          ],
          [
            39.2007007,
            -6.7772074
          ],
          [
            39.2007262,
            -6.7771581
          ],
          [
            39.2007543,
            -6.7771062
          ],
          [
            39.2007878,
            -6.7770449
          ],
          [
            39.2008153,
            -6.7769963
          ],
          [
            39.2008361,
            -6.7769743
          ],
          [
            39.2008522,
            -6.7769597
          ],
          [
            39.2008609,
            -6.7769424
          ],
          [
            39.2008656,
            -6.7769058
          ],
          [
            39.2008871,
            -6.7768458
          ],
          [
            39.2009152,
            -6.7767726
          ],
          [
            39.2009501,
            -6.776678
          ],
          [
            39.2009736,
            -6.7766134
          ],
          [
            39.2009934,
            -6.7765725
          ],
          [
            39.2010074,
            -6.7765518
          ],
          [
            39.2010242,
            -6.7765375
          ]
        ]
      },
      "id": "way/1251091229"
    },
    {
      "type": "Feature",
      "properties": {
        "@id": "way/1251091230",
        "highway": "path"
      },
      "geometry": {
        "type": "LineString",
        "coordinates": [
          [
            39.1998416,
            -6.7772664
          ],
          [
            39.1999295,
            -6.7773359
          ],
          [
            39.1999812,
            -6.7773605
          ],
          [
            39.2000194,
            -6.7773732
          ],
          [
            39.2000717,
            -6.7773805
          ],
          [
            39.2001173,
            -6.7773832
          ],
          [
            39.2001394,
            -6.7773798
          ],
          [
            39.2001508,
            -6.7773672
          ],
          [
            39.2001589,
            -6.7773439
          ],
          [
            39.2001729,
            -6.7773139
          ],
          [
            39.2002018,
            -6.7772753
          ],
          [
            39.2002279,
            -6.7772487
          ],
          [
            39.2002527,
            -6.7772433
          ],
          [
            39.2002796,
            -6.777248
          ],
          [
            39.2002953,
            -6.7772557
          ],
          [
            39.2003077,
            -6.777266
          ],
          [
            39.2003215,
            -6.7772773
          ],
          [
            39.2003369,
            -6.777284
          ],
          [
            39.2003543,
            -6.7772833
          ],
          [
            39.2003741,
            -6.7772793
          ],
          [
            39.2003972,
            -6.7772836
          ],
          [
            39.2004187,
            -6.7772976
          ]
        ]
      },
      "id": "way/1251091230"
    },
    {
      "type": "Feature",
      "properties": {
        "@id": "way/1251091231",
        "highway": "path",
        "surface": "unpaved"
      },
      "geometry": {
        "type": "LineString",
        "coordinates": [
          [
            39.1992811,
            -6.7776808
          ],
          [
            39.1992814,
            -6.7776532
          ],
          [
            39.1992808,
            -6.7776339
          ],
          [
            39.1992771,
            -6.7776166
          ],
          [
            39.1992677,
            -6.7776016
          ],
          [
            39.1992623,
            -6.7775919
          ],
          [
            39.1992603,
            -6.7775776
          ],
          [
            39.1992603,
            -6.7775563
          ],
          [
            39.199256,
            -6.777529
          ],
          [
            39.1992462,
            -6.7774884
          ],
          [
            39.1992308,
            -6.7774464
          ],
          [
            39.1992258,
            -6.7774128
          ],
          [
            39.1992278,
            -6.7773835
          ],
          [
            39.1992355,
            -6.7773472
          ]
        ]
      },
      "id": "way/1251091231"
    },
    {
      "type": "Feature",
      "properties": {
        "@id": "way/1251091232",
        "highway": "path",
        "surface": "unpaved"
      },
      "geometry": {
        "type": "LineString",
        "coordinates": [
          [
            39.1994065,
            -6.7781549
          ],
          [
            39.1993924,
            -6.7781456
          ],
          [
            39.199384,
            -6.7781309
          ],
          [
            39.1993777,
            -6.7781113
          ],
          [
            39.1993693,
            -6.7780853
          ],
          [
            39.1993569,
            -6.7780364
          ],
          [
            39.1993465,
            -6.7779695
          ],
          [
            39.1993344,
            -6.7779235
          ],
          [
            39.1993274,
            -6.7778942
          ],
          [
            39.199318,
            -6.7778623
          ],
          [
            39.1993056,
            -6.7778383
          ],
          [
            39.1992985,
            -6.7778213
          ],
          [
            39.1992959,
            -6.7778093
          ],
          [
            39.1992912,
            -6.7777857
          ],
          [
            39.1992848,
            -6.7777601
          ],
          [
            39.1992821,
            -6.7777364
          ],
          [
            39.1992804,
            -6.7777028
          ],
          [
            39.1992811,
            -6.7776808
          ]
        ]
      },
      "id": "way/1251091232"
    },
    {
      "type": "Feature",
      "properties": {
        "@id": "way/1251147720",
        "highway": "path"
      },
      "geometry": {
        "type": "LineString",
        "coordinates": [
          [
            39.2079426,
            -6.7773466
          ],
          [
            39.2079587,
            -6.7774012
          ],
          [
            39.2079688,
            -6.7774458
          ],
          [
            39.2079835,
            -6.7774924
          ],
          [
            39.2080077,
            -6.777547
          ],
          [
            39.2080197,
            -6.7775749
          ],
          [
            39.2080332,
            -6.7775923
          ],
          [
            39.2080529,
            -6.7776059
          ],
          [
            39.208062,
            -6.7776149
          ],
          [
            39.2080677,
            -6.7776286
          ],
          [
            39.2080747,
            -6.7776479
          ],
          [
            39.2080858,
            -6.7776718
          ],
          [
            39.2080985,
            -6.7776941
          ],
          [
            39.208114,
            -6.7777144
          ],
          [
            39.2081334,
            -6.7777371
          ],
          [
            39.2081371,
            -6.7777471
          ],
          [
            39.2081344,
            -6.7777597
          ],
          [
            39.2081197,
            -6.7777774
          ],
          [
            39.2080892,
            -6.7778013
          ],
          [
            39.2080536,
            -6.7778283
          ],
          [
            39.2080254,
            -6.7778486
          ],
          [
            39.2080151,
            -6.7778599
          ],
          [
            39.2080087,
            -6.7778759
          ],
          [
            39.2080124,
            -6.7778886
          ],
          [
            39.2080174,
            -6.7779016
          ],
          [
            39.2080187,
            -6.7779162
          ],
          [
            39.2080144,
            -6.7779305
          ],
          [
            39.208004,
            -6.7779412
          ]
        ]
      },
      "id": "way/1251147720"
    },
    {
      "type": "Feature",
      "properties": {
        "@id": "way/1251147721",
        "highway": "path",
        "surface": "unpaved"
      },
      "geometry": {
        "type": "LineString",
        "coordinates": [
          [
            39.2074692,
            -6.778223
          ],
          [
            39.2075058,
            -6.7782132
          ],
          [
            39.2075323,
            -6.7782015
          ],
          [
            39.2075658,
            -6.7781849
          ],
          [
            39.2075913,
            -6.7781696
          ],
          [
            39.2076127,
            -6.7781586
          ],
          [
            39.2076325,
            -6.7781539
          ],
          [
            39.2076486,
            -6.7781506
          ],
          [
            39.2076644,
            -6.7781449
          ],
          [
            39.2076804,
            -6.7781353
          ],
          [
            39.2076996,
            -6.778124
          ],
          [
            39.2077482,
            -6.778099
          ],
          [
            39.2078105,
            -6.7780657
          ]
        ]
      },
      "id": "way/1251147721"
    },
    {
      "type": "Feature",
      "properties": {
        "@id": "way/1251147722",
        "highway": "service",
        "surface": "unpaved"
      },
      "geometry": {
        "type": "LineString",
        "coordinates": [
          [
            39.2082322,
            -6.7768342
          ],
          [
            39.2082229,
            -6.7768871
          ],
          [
            39.2082075,
            -6.7769331
          ],
          [
            39.20818,
            -6.7769903
          ],
          [
            39.2081498,
            -6.7770343
          ],
          [
            39.2081257,
            -6.7770815
          ],
          [
            39.2080982,
            -6.7771401
          ],
          [
            39.2080593,
            -6.7772014
          ],
          [
            39.208009,
            -6.777266
          ],
          [
            39.2079681,
            -6.7773119
          ],
          [
            39.2079426,
            -6.7773466
          ],
          [
            39.2078944,
            -6.7774238
          ],
          [
            39.207834,
            -6.7775476
          ],
          [
            39.2077857,
            -6.7776489
          ],
          [
            39.2076959,
            -6.777782
          ],
          [
            39.2076328,
            -6.7778886
          ],
          [
            39.2075604,
            -6.7780257
          ],
          [
            39.2075041,
            -6.7781443
          ],
          [
            39.2074692,
            -6.778223
          ],
          [
            39.2074397,
            -6.7782894
          ]
        ]
      },
      "id": "way/1251147722"
    },
    {
      "type": "Feature",
      "properties": {
        "@id": "way/1252255696",
        "highway": "residential",
        "smoothness": "intermediate",
        "surface": "unpaved",
        "width": "2"
      },
      "geometry": {
        "type": "LineString",
        "coordinates": [
          [
            39.1981526,
            -6.7847317
          ],
          [
            39.1981381,
            -6.7848078
          ],
          [
            39.198111,
            -6.7849068
          ],
          [
            39.1980614,
            -6.7850049
          ],
          [
            39.1980168,
            -6.7850629
          ],
          [
            39.1979501,
            -6.7851295
          ]
        ]
      },
      "id": "way/1252255696"
    },
    {
      "type": "Feature",
      "properties": {
        "@id": "way/1281458629",
        "highway": "service"
      },
      "geometry": {
        "type": "LineString",
        "coordinates": [
          [
            39.2119378,
            -6.7768546
          ],
          [
            39.2119512,
            -6.7766834
          ],
          [
            39.2119485,
            -6.7764916
          ],
          [
            39.2119324,
            -6.7764037
          ],
          [
            39.2119016,
            -6.7763011
          ],
          [
            39.2118385,
            -6.7761879
          ],
          [
            39.2117903,
            -6.7761507
          ]
        ]
      },
      "id": "way/1281458629"
    },
    {
      "type": "Feature",
      "properties": {
        "@id": "way/1289064059",
        "highway": "path",
        "source": "Yahoo",
        "surface": "grass"
      },
      "geometry": {
        "type": "LineString",
        "coordinates": [
          [
            39.2078421,
            -6.7801809
          ],
          [
            39.2078266,
            -6.7801541
          ]
        ]
      },
      "id": "way/1289064059"
    },
    {
      "type": "Feature",
      "properties": {
        "@id": "way/1289064060",
        "bridge": "yes",
        "highway": "path",
        "layer": "1",
        "source": "Yahoo",
        "surface": "concrete"
      },
      "geometry": {
        "type": "LineString",
        "coordinates": [
          [
            39.2078666,
            -6.7802523
          ],
          [
            39.2078421,
            -6.7801809
          ]
        ]
      },
      "id": "way/1289064060"
    },
    {
      "type": "Feature",
      "properties": {
        "@id": "way/1303545408",
        "highway": "service"
      },
      "geometry": {
        "type": "LineString",
        "coordinates": [
          [
            39.2128223,
            -6.7794326
          ],
          [
            39.2125641,
            -6.7794733
          ],
          [
            39.2124072,
            -6.7794733
          ],
          [
            39.2123495,
            -6.7795053
          ],
          [
            39.2122409,
            -6.7796824
          ],
          [
            39.2119995,
            -6.7800899
          ],
          [
            39.2118278,
            -6.7802724
          ],
          [
            39.2117541,
            -6.7803136
          ],
          [
            39.2117259,
            -6.7803403
          ],
          [
            39.2116996,
            -6.7803998
          ]
        ]
      },
      "id": "way/1303545408"
    },
    {
      "type": "Feature",
      "properties": {
        "@id": "way/1418003797",
        "highway": "path"
      },
      "geometry": {
        "type": "LineString",
        "coordinates": [
          [
            39.2088908,
            -6.7846337
          ],
          [
            39.2088707,
            -6.7848095
          ],
          [
            39.2088908,
            -6.7849494
          ],
          [
            39.2089002,
            -6.7851331
          ],
          [
            39.2088492,
            -6.7852796
          ],
          [
            39.2088586,
            -6.7853862
          ]
        ]
      },
      "id": "way/1418003797"
    },
    {
      "type": "Feature",
      "properties": {
        "@id": "way/1471916494",
        "highway": "path",
        "smoothness": "very_horrible",
        "surface": "dirt",
        "width": "4"
      },
      "geometry": {
        "type": "LineString",
        "coordinates": [
          [
            39.2003111,
            -6.7839748
          ],
          [
            39.2003345,
            -6.7840704
          ],
          [
            39.200348,
            -6.7842325
          ],
          [
            39.2003619,
            -6.7843353
          ]
        ]
      },
      "id": "way/1471916494"
    },
    {
      "type": "Feature",
      "properties": {
        "@id": "way/1471916495",
        "highway": "footway",
        "incline": "up",
        "smoothness": "very_bad",
        "surface": "dirt",
        "width": "2"
      },
      "geometry": {
        "type": "LineString",
        "coordinates": [
          [
            39.2002891,
            -6.7846623
          ],
          [
            39.2003449,
            -6.7847369
          ],
          [
            39.2003772,
            -6.7850448
          ],
          [
            39.200418,
            -6.7851305
          ],
          [
            39.2004208,
            -6.7852077
          ],
          [
            39.2004578,
            -6.7852971
          ],
          [
            39.2004085,
            -6.7853555
          ],
          [
            39.2005007,
            -6.7855016
          ]
        ]
      },
      "id": "way/1471916495"
    },
    {
      "type": "Feature",
      "properties": {
        "@id": "way/1473825649",
        "highway": "service"
      },
      "geometry": {
        "type": "LineString",
        "coordinates": [
          [
            39.2015415,
            -6.7771308
          ],
          [
            39.201154,
            -6.7769337
          ]
        ]
      },
      "id": "way/1473825649"
    },
    {
      "type": "Feature",
      "properties": {
        "@id": "way/1532752749",
        "highway": "service",
        "smoothness": "excellent",
        "surface": "paving_stones"
      },
      "geometry": {
        "type": "LineString",
        "coordinates": [
          [
            39.2024656,
            -6.7796105
          ],
          [
            39.2028118,
            -6.7789086
          ],
          [
            39.2028707,
            -6.7787892
          ],
          [
            39.2028864,
            -6.7787573
          ],
          [
            39.2029024,
            -6.778725
          ],
          [
            39.2029114,
            -6.7787068
          ]
        ]
      },
      "id": "way/1532752749"
    },
    {
      "type": "Feature",
      "properties": {
        "@id": "way/1532752750",
        "highway": "footway",
        "lit": "yes",
        "smoothness": "excellent",
        "surface": "paving_stones"
      },
      "geometry": {
        "type": "LineString",
        "coordinates": [
          [
            39.2027227,
            -6.7787171
          ],
          [
            39.2027897,
            -6.7787497
          ]
        ]
      },
      "id": "way/1532752750"
    },
    {
      "type": "Feature",
      "properties": {
        "@id": "way/1532752751",
        "handrail": "yes",
        "highway": "steps",
        "incline": "down",
        "lit": "yes",
        "ramp": "no",
        "smoothness": "excellent",
        "step_count": "35",
        "surface": "paving_stones"
      },
      "geometry": {
        "type": "LineString",
        "coordinates": [
          [
            39.2026185,
            -6.7786663
          ],
          [
            39.2027227,
            -6.7787171
          ]
        ]
      },
      "id": "way/1532752751"
    },
    {
      "type": "Feature",
      "properties": {
        "@id": "way/1532752752",
        "highway": "footway",
        "lit": "yes",
        "smoothness": "excellent",
        "surface": "paving_stones"
      },
      "geometry": {
        "type": "LineString",
        "coordinates": [
          [
            39.2029024,
            -6.778725
          ],
          [
            39.2028404,
            -6.7786643
          ]
        ]
      },
      "id": "way/1532752752"
    },
    {
      "type": "Feature",
      "properties": {
        "@id": "way/1532752753",
        "handrail": "yes",
        "highway": "steps",
        "incline": "down",
        "ramp": "yes",
        "ramp:wheelchair": "yes",
        "smoothness": "excellent",
        "step_count": "15",
        "surface": "paving_stones"
      },
      "geometry": {
        "type": "LineString",
        "coordinates": [
          [
            39.2027897,
            -6.7787497
          ],
          [
            39.2028707,
            -6.7787892
          ],
          [
            39.2031628,
            -6.7788584
          ]
        ]
      },
      "id": "way/1532752753"
    },
    {
      "type": "Feature",
      "properties": {
        "@id": "way/1532752754",
        "handrail": "yes",
        "highway": "steps",
        "incline": "up",
        "ramp": "yes",
        "ramp:wheelchair": "yes",
        "smoothness": "excellent",
        "step_count": "16",
        "surface": "paving_stones"
      },
      "geometry": {
        "type": "LineString",
        "coordinates": [
          [
            39.2033679,
            -6.778907
          ],
          [
            39.2035721,
            -6.7789593
          ],
          [
            39.2037151,
            -6.7789959
          ]
        ]
      },
      "id": "way/1532752754"
    },
    {
      "type": "Feature",
      "properties": {
        "@id": "way/1532758103",
        "highway": "footway",
        "lit": "yes",
        "smoothness": "excellent",
        "surface": "paving_stones"
      },
      "geometry": {
        "type": "LineString",
        "coordinates": [
          [
            39.202456,
            -6.7786303
          ],
          [
            39.2021939,
            -6.7785635
          ]
        ]
      },
      "id": "way/1532758103"
    },
    {
      "type": "Feature",
      "properties": {
        "@id": "way/1532758104",
        "highway": "footway",
        "lit": "yes",
        "smoothness": "excellent",
        "surface": "paving_stones"
      },
      "geometry": {
        "type": "LineString",
        "coordinates": [
          [
            39.2028118,
            -6.7789086
          ],
          [
            39.2026379,
            -6.77876
          ]
        ]
      },
      "id": "way/1532758104"
    },
    {
      "type": "Feature",
      "properties": {
        "@id": "way/1532758105",
        "highway": "footway",
        "layer": "1",
        "lit": "yes",
        "smoothness": "excellent",
        "surface": "paving_stones",
        "tunnel": "building_passage"
      },
      "geometry": {
        "type": "LineString",
        "coordinates": [
          [
            39.2026914,
            -6.7786459
          ],
          [
            39.2024849,
            -6.7785668
          ]
        ]
      },
      "id": "way/1532758105"
    },
    {
      "type": "Feature",
      "properties": {
        "@id": "way/1532758106",
        "highway": "footway",
        "lit": "yes",
        "smoothness": "excellent",
        "surface": "paving_stones"
      },
      "geometry": {
        "type": "LineString",
        "coordinates": [
          [
            39.2028864,
            -6.7787573
          ],
          [
            39.2026914,
            -6.7786459
          ]
        ]
      },
      "id": "way/1532758106"
    },
    {
      "type": "Feature",
      "properties": {
        "@id": "way/1532758107",
        "highway": "service",
        "smoothness": "excellent",
        "surface": "paving_stones"
      },
      "geometry": {
        "type": "LineString",
        "coordinates": [
          [
            39.2017761,
            -6.7786086
          ],
          [
            39.2014461,
            -6.77844
          ],
          [
            39.2014179,
            -6.7784256
          ],
          [
            39.2012808,
            -6.7783787
          ]
        ]
      },
      "id": "way/1532758107"
    },
    {
      "type": "Feature",
      "properties": {
        "@id": "way/1532758108",
        "highway": "service"
      },
      "geometry": {
        "type": "LineString",
        "coordinates": [
          [
            39.2011746,
            -6.7789558
          ],
          [
            39.2014461,
            -6.77844
          ]
        ]
      },
      "id": "way/1532758108"
    },
    {
      "type": "Feature",
      "properties": {
        "@id": "way/1532758109",
        "highway": "service",
        "smoothness": "excellent",
        "surface": "paving_stones"
      },
      "geometry": {
        "type": "LineString",
        "coordinates": [
          [
            39.2025061,
            -6.7779229
          ],
          [
            39.202262,
            -6.778428
          ],
          [
            39.2021939,
            -6.7785635
          ],
          [
            39.2018394,
            -6.7793024
          ]
        ]
      },
      "id": "way/1532758109"
    },
    {
      "type": "Feature",
      "properties": {
        "@id": "way/1532758110",
        "highway": "footway",
        "lit": "yes",
        "smoothness": "excellent",
        "surface": "paving_stones"
      },
      "geometry": {
        "type": "LineString",
        "coordinates": [
          [
            39.2024849,
            -6.7785668
          ],
          [
            39.202262,
            -6.778428
          ]
        ]
      },
      "id": "way/1532758110"
    },
    {
      "type": "Feature",
      "properties": {
        "@id": "way/1532758111",
        "highway": "footway",
        "layer": "1",
        "smoothness": "excellent",
        "surface": "paving_stones",
        "tunnel": "building_passage"
      },
      "geometry": {
        "type": "LineString",
        "coordinates": [
          [
            39.2026379,
            -6.77876
          ],
          [
            39.202456,
            -6.7786303
          ]
        ]
      },
      "id": "way/1532758111"
    },
    {
      "type": "Feature",
      "properties": {
        "@id": "way/1532938717",
        "handrail": "yes",
        "highway": "steps",
        "incline": "up",
        "ramp": "yes",
        "ramp:wheelchair": "yes",
        "step_count": "24",
        "surface": "paving_stones"
      },
      "geometry": {
        "type": "LineString",
        "coordinates": [
          [
            39.2021939,
            -6.7785635
          ],
          [
            39.2017761,
            -6.7786086
          ]
        ]
      },
      "id": "way/1532938717"
    },
    {
      "type": "Feature",
      "properties": {
        "@id": "way/1533270283",
        "bicycle": "yes",
        "highway": "footway"
      },
      "geometry": {
        "type": "LineString",
        "coordinates": [
          [
            39.2017761,
            -6.7786086
          ],
          [
            39.2016902,
            -6.7781698
          ]
        ]
      },
      "id": "way/1533270283"
    },
    {
      "type": "Feature",
      "properties": {
        "@id": "way/1533270284",
        "highway": "path",
        "smoothness": "horrible",
        "surface": "dirt"
      },
      "geometry": {
        "type": "LineString",
        "coordinates": [
          [
            39.2018924,
            -6.7776726
          ],
          [
            39.2015899,
            -6.7770364
          ]
        ]
      },
      "id": "way/1533270284"
    },
    {
      "type": "Feature",
      "properties": {
        "@id": "way/1533270285",
        "highway": "path",
        "surface": "dirt"
      },
      "geometry": {
        "type": "LineString",
        "coordinates": [
          [
            39.2016902,
            -6.7781698
          ],
          [
            39.2018924,
            -6.7776726
          ]
        ]
      },
      "id": "way/1533270285"
    },
    {
      "type": "Feature",
      "properties": {
        "@id": "way/1533448046",
        "highway": "footway",
        "smoothness": "excellent",
        "surface": "paving_stones"
      },
      "geometry": {
        "type": "LineString",
        "coordinates": [
          [
            39.2031628,
            -6.7788584
          ],
          [
            39.2033679,
            -6.778907
          ]
        ]
      },
      "id": "way/1533448046"
    },
    {
      "type": "Feature",
      "properties": {
        "@id": "node/6120267008",
        "bench": "yes",
        "bin": "yes",
        "highway": "bus_stop",
        "lit": "no",
        "name": "DARUSO",
        "shelter": "yes"
      },
      "geometry": {
        "type": "Point",
        "coordinates": [
          39.2056185,
          -6.7782029
        ]
      },
      "id": "node/6120267008"
    },
    {
      "type": "Feature",
      "properties": {
        "@id": "node/6120267011",
        "highway": "bus_stop",
        "name": "Kontena"
      },
      "geometry": {
        "type": "Point",
        "coordinates": [
          39.2077428,
          -6.7774704
        ]
      },
      "id": "node/6120267011"
    },
    {
      "type": "Feature",
      "properties": {
        "@id": "node/6120267012",
        "highway": "bus_stop",
        "name": "Kontena"
      },
      "geometry": {
        "type": "Point",
        "coordinates": [
          39.2076918,
          -6.7777288
        ]
      },
      "id": "node/6120267012"
    },
    {
      "type": "Feature",
      "properties": {
        "@id": "node/6120267013",
        "bench": "yes",
        "bin": "yes",
        "highway": "bus_stop",
        "lit": "no",
        "name": "DARUSO",
        "shelter": "yes"
      },
      "geometry": {
        "type": "Point",
        "coordinates": [
          39.2055394,
          -6.7782575
        ]
      },
      "id": "node/6120267013"
    },
    {
      "type": "Feature",
      "properties": {
        "@id": "node/6120267049",
        "bench": "yes",
        "bin": "yes",
        "highway": "bus_stop",
        "lit": "yes",
        "name": "Utawala",
        "shelter": "yes"
      },
      "geometry": {
        "type": "Point",
        "coordinates": [
          39.2027391,
          -6.7810181
        ]
      },
      "id": "node/6120267049"
    },
    {
      "type": "Feature",
      "properties": {
        "@id": "node/6120267050",
        "bench": "yes",
        "bin": "yes",
        "highway": "bus_stop",
        "lit": "yes",
        "name": "Utawala",
        "shelter": "yes"
      },
      "geometry": {
        "type": "Point",
        "coordinates": [
          39.2027687,
          -6.7807065
        ]
      },
      "id": "node/6120267050"
    }
  ]
}