{
  "type": "FeatureCollection",
  "generator": "overpass-turbo",
  "copyright": "The data included in this document is from www.openstreetmap.org. The data is made available under ODbL.",
  "timestamp": "2026-08-30T12:47:11Z",
  "features": [
    {
      "type": "Feature",
      "properties": {
        "@id": "relation/11842798",
        "building": "yes",
        "type": "multipolygon"
      },
      "geometry": {
        "type": "Polygon",
        "coordinates": [
          [
            [
              39.2001857,
              -6.7812298
            ],
            [
              39.2005378,
              -6.7815943
            ],
            [
              39.2006738,
              -6.7813577
            ],
            [
              39.200853,
              -6.7811922
            ],
            [
              39.2005719,
              -6.7808729
            ],
            [
              39.2001857,
              -6.7812298
            ]
          ]
        ]
      },
      "id": "relation/11842798"
    },
    {
      "type": "Feature",
      "properties": {
        "@id": "relation/17221194",
        "building": "yes",
        "type": "multipolygon"
      },
      "geometry": {
        "type": "Polygon",
        "coordinates": [
          [
            [
              39.2126105,
              -6.7803146
            ],
            [
              39.2126417,
              -6.7802572
            ],
            [
              39.2124351,
              -6.7801467
            ],
            [
              39.2124375,
              -6.7801424
            ],
            [
              39.2123354,
              -6.7800878
            ],
            [
              39.2122962,
              -6.7801601
            ],
            [
              39.2123155,
              -6.7801704
            ],
            [
              39.2122745,
              -6.780246
            ],
            [
              39.2122597,
              -6.7802382
            ],
            [
              39.2122079,
              -6.7803338
            ],
            [
              39.2123104,
              -6.7803886
            ],
            [
              39.2123251,
              -6.7803615
            ],
            [
              39.2124402,
              -6.780423
            ],
            [
              39.2124332,
              -6.7804361
            ],
            [
              39.2125193,
              -6.7804821
            ],
            [
              39.2125651,
              -6.7803977
            ],
            [
              39.2125513,
              -6.7803904
            ],
            [
              39.2125965,
              -6.7803071
            ],
            [
              39.2126105,
              -6.7803146
            ]
          ],
          [
            [
              39.2125181,
              -6.7802705
            ],
            [
              39.2124785,
              -6.7803438
            ],
            [
              39.2123642,
              -6.7802828
            ],
            [
              39.2124039,
              -6.7802095
            ],
            [
              39.2125181,
              -6.7802705
            ]
          ]
        ]
      },
      "id": "relation/17221194"
    },
    {
      "type": "Feature",
      "properties": {
        "@id": "relation/17221869",
        "addr:city": "Dar es salaam",
        "addr:district": "Ubungo",
        "addr:housenumber": "Simba House 9",
        "addr:municipality": "Ubungo",
        "addr:street": "Chuo Kikuu",
        "building": "residential",
        "building:levels": "1",
        "building:material": "cement_block",
        "type": "multipolygon"
      },
      "geometry": {
        "type": "Polygon",
        "coordinates": [
          [
            [
              39.2095675,
              -6.7744048
            ],
            [
              39.2095701,
              -6.7744454
            ],
            [
              39.2096932,
              -6.7744376
            ],
            [
              39.2096901,
              -6.7743887
            ],
            [
              39.2096873,
              -6.7743888
            ],
            [
              39.2096846,
              -6.7743464
            ],
            [
              39.2097036,
              -6.7743452
            ],
            [
              39.2097,
              -6.7742893
            ],
            [
              39.2095564,
              -6.7742984
            ],
            [
              39.2095592,
              -6.7743427
            ],
            [
              39.2094723,
              -6.7743482
            ],
            [
              39.2094763,
              -6.7744106
            ],
            [
              39.2095675,
              -6.7744048
            ]
          ],
          [
            [
              39.2095709,
              -6.7743663
            ],
            [
              39.2096157,
              -6.7743635
            ],
            [
              39.2096175,
              -6.7743922
            ],
            [
              39.2095727,
              -6.774395
            ],
            [
              39.2095709,
              -6.7743663
            ]
          ]
        ]
      },
      "id": "relation/17221869"
    },
    {
      "type": "Feature",
      "properties": {
        "@id": "relation/17221870",
        "addr:housenumber": "8",
        "addr:street": "Sinza",
        "building": "residential",
        "building:levels": "1",
        "building:material": "cement_block",
        "type": "multipolygon"
      },
      "geometry": {
        "type": "Polygon",
        "coordinates": [
          [
            [
              39.2101051,
              -6.7758173
            ],
            [
              39.2101034,
              -6.7758654
            ],
            [
              39.2100473,
              -6.7758634
            ],
            [
              39.2100453,
              -6.7759177
            ],
            [
              39.2101161,
              -6.7759202
            ],
            [
              39.2101146,
              -6.7759623
            ],
            [
              39.2102555,
              -6.7759674
            ],
            [
              39.2102575,
              -6.7759126
            ],
            [
              39.2102066,
              -6.7759107
            ],
            [
              39.2102079,
              -6.775876
            ],
            [
              39.2102401,
              -6.7758772
            ],
            [
              39.2102421,
              -6.7758223
            ],
            [
              39.2101051,
              -6.7758173
            ]
          ],
          [
            [
              39.2101231,
              -6.7758765
            ],
            [
              39.2101489,
              -6.7758767
            ],
            [
              39.2101487,
              -6.7759133
            ],
            [
              39.2101229,
              -6.7759132
            ],
            [
              39.2101231,
              -6.7758765
            ]
          ]
        ]
      },
      "id": "relation/17221870"
    },
    {
      "type": "Feature",
      "properties": {
        "@id": "relation/17221871",
        "addr:housenumber": "10",
        "addr:street": "Sinza",
        "building": "residential",
        "building:levels": "1",
        "building:material": "cement_block",
        "type": "multipolygon"
      },
      "geometry": {
        "type": "Polygon",
        "coordinates": [
          [
            [
              39.209866,
              -6.7761316
            ],
            [
              39.2098664,
              -6.7761802
            ],
            [
              39.209765,
              -6.7761809
            ],
            [
              39.2097654,
              -6.7762357
            ],
            [
              39.209866,
              -6.7762349
            ],
            [
              39.2098663,
              -6.7762817
            ],
            [
              39.2100057,
              -6.7762807
            ],
            [
              39.2100053,
              -6.7762308
            ],
            [
              39.2099548,
              -6.7762311
            ],
            [
              39.2099545,
              -6.7761894
            ],
            [
              39.2099896,
              -6.7761891
            ],
            [
              39.2099892,
              -6.7761307
            ],
            [
              39.209866,
              -6.7761316
            ]
          ],
          [
            [
              39.2098695,
              -6.7761889
            ],
            [
              39.2098995,
              -6.7761886
            ],
            [
              39.2099,
              -6.7762314
            ],
            [
              39.2098699,
              -6.7762317
            ],
            [
              39.2098695,
              -6.7761889
            ]
          ]
        ]
      },
      "id": "relation/17221871"
    },
    {
      "type": "Feature",
      "properties": {
        "@id": "relation/17221916",
        "building": "yes",
        "type": "multipolygon"
      },
      "geometry": {
        "type": "Polygon",
        "coordinates": [
          [
            [
              39.2003535,
              -6.7777867
            ],
            [
              39.2003505,
              -6.7777973
            ],
            [
              39.2003281,
              -6.7777966
            ],
            [
              39.2003255,
              -6.7777894
            ],
            [
              39.2003061,
              -6.777797
            ],
            [
              39.2003111,
              -6.777806
            ],
            [
              39.200294,
              -6.7778236
            ],
            [
              39.2002876,
              -6.77782
            ],
            [
              39.2002794,
              -6.7778375
            ],
            [
              39.2002866,
              -6.7778396
            ],
            [
              39.2002896,
              -6.7778686
            ],
            [
              39.2002812,
              -6.7778714
            ],
            [
              39.2002881,
              -6.7778849
            ],
            [
              39.2002957,
              -6.7778809
            ],
            [
              39.2003114,
              -6.7778972
            ],
            [
              39.2003171,
              -6.7779185
            ],
            [
              39.2003014,
              -6.7779229
            ],
            [
              39.2003165,
              -6.7779519
            ],
            [
              39.2003124,
              -6.7779608
            ],
            [
              39.2003107,
              -6.7779711
            ],
            [
              39.2003107,
              -6.7779813
            ],
            [
              39.2003151,
              -6.7779932
            ],
            [
              39.2003221,
              -6.7780061
            ],
            [
              39.2003356,
              -6.7780191
            ],
            [
              39.2003359,
              -6.7780484
            ],
            [
              39.2003483,
              -6.7780461
            ],
            [
              39.200351,
              -6.778057
            ],
            [
              39.2003453,
              -6.778072
            ],
            [
              39.2003439,
              -6.7780837
            ],
            [
              39.200347,
              -6.7781013
            ],
            [
              39.2003335,
              -6.7781056
            ],
            [
              39.2003386,
              -6.7781243
            ],
            [
              39.2003526,
              -6.7781419
            ],
            [
              39.2003801,
              -6.7781589
            ],
            [
              39.200407,
              -6.7781645
            ],
            [
              39.2004306,
              -6.7781582
            ],
            [
              39.2004261,
              -6.7781461
            ],
            [
              39.2004422,
              -6.7781374
            ],
            [
              39.2004566,
              -6.7781266
            ],
            [
              39.2004804,
              -6.7781399
            ],
            [
              39.2004911,
              -6.7781198
            ],
            [
              39.2005171,
              -6.7781343
            ],
            [
              39.200533,
              -6.7781064
            ],
            [
              39.2005597,
              -6.7781223
            ],
            [
              39.2005805,
              -6.7780865
            ],
            [
              39.2005956,
              -6.7780972
            ],
            [
              39.2005899,
              -6.7781086
            ],
            [
              39.200611,
              -6.7781175
            ],
            [
              39.200615,
              -6.7781061
            ],
            [
              39.2006413,
              -6.7781095
            ],
            [
              39.2006665,
              -6.7781071
            ],
            [
              39.2006692,
              -6.7781183
            ],
            [
              39.2006893,
              -6.778111
            ],
            [
              39.2006836,
              -6.7781
            ],
            [
              39.2007037,
              -6.778085
            ],
            [
              39.2007198,
              -6.778064
            ],
            [
              39.2007305,
              -6.7780707
            ],
            [
              39.2007405,
              -6.7780491
            ],
            [
              39.2007292,
              -6.7780457
            ],
            [
              39.2007329,
              -6.7780168
            ],
            [
              39.2007302,
              -6.7779948
            ],
            [
              39.2007412,
              -6.7779914
            ],
            [
              39.2007319,
              -6.7779705
            ],
            [
              39.2007221,
              -6.7779774
            ],
            [
              39.2007077,
              -6.7779562
            ],
            [
              39.2006863,
              -6.7779405
            ],
            [
              39.2006923,
              -6.7779299
            ],
            [
              39.2006712,
              -6.7779215
            ],
            [
              39.2006678,
              -6.7779332
            ],
            [
              39.200639,
              -6.7779282
            ],
            [
              39.2006179,
              -6.7779309
            ],
            [
              39.2006125,
              -6.7779205
            ],
            [
              39.2005941,
              -6.7779282
            ],
            [
              39.2005954,
              -6.7779345
            ],
            [
              39.2005414,
              -6.7779042
            ],
            [
              39.2005439,
              -6.7779002
            ],
            [
              39.2004868,
              -6.7778681
            ],
            [
              39.2004841,
              -6.7778726
            ],
            [
              39.2003986,
              -6.7778228
            ],
            [
              39.2003914,
              -6.7778255
            ],
            [
              39.200382,
              -6.7778132
            ],
            [
              39.2003691,
              -6.7778023
            ],
            [
              39.2003721,
              -6.7777944
            ],
            [
              39.2003535,
              -6.7777867
            ]
          ],
          [
            [
              39.2003461,
              -6.7778347
            ],
            [
              39.2003551,
              -6.7778415
            ],
            [
              39.2003577,
              -6.7778524
            ],
            [
              39.2003526,
              -6.7778624
            ],
            [
              39.2003422,
              -6.7778668
            ],
            [
              39.2003314,
              -6.7778635
            ],
            [
              39.2003252,
              -6.7778541
            ],
            [
              39.2003266,
              -6.777843
            ],
            [
              39.2003348,
              -6.7778353
            ],
            [
              39.2003461,
              -6.7778347
            ]
          ],
          [
            [
              39.2004103,
              -6.7779125
            ],
            [
              39.2005461,
              -6.7779908
            ],
            [
              39.2005434,
              -6.7780121
            ],
            [
              39.2005138,
              -6.7780209
            ],
            [
              39.2005119,
              -6.7780101
            ],
            [
              39.2004777,
              -6.7780192
            ],
            [
              39.2004816,
              -6.7780301
            ],
            [
              39.2004449,
              -6.7780404
            ],
            [
              39.2004261,
              -6.7780304
            ],
            [
              39.2004154,
              -6.7779933
            ],
            [
              39.2004251,
              -6.7779896
            ],
            [
              39.2004167,
              -6.777956
            ],
            [
              39.2004056,
              -6.7779593
            ],
            [
              39.2003951,
              -6.7779252
            ],
            [
              39.2004103,
              -6.7779125
            ]
          ]
        ]
      },
      "id": "relation/17221916"
    },
    {
      "type": "Feature",
      "properties": {
        "@id": "relation/17236374",
        "addr:street": "Chuo Kikuu",
        "building": "university",
        "building:levels": "4",
        "building:material": "cement_block",
        "material": "cement_block",
        "name": "College of Engineering and Technology/ COET",
        "roof:shape": "flat",
        "type": "multipolygon"
      },
      "geometry": {
        "type": "Polygon",
        "coordinates": [
          [
            [
              39.2068907,
              -6.7807948
            ],
            [
              39.2068228,
              -6.7807948
            ],
            [
              39.2068228,
              -6.7809071
            ],
            [
              39.2068664,
              -6.7809071
            ],
            [
              39.2068664,
              -6.7810156
            ],
            [
              39.2068178,
              -6.7810155
            ],
            [
              39.2068178,
              -6.7811313
            ],
            [
              39.2072539,
              -6.7811313
            ],
            [
              39.2072539,
              -6.7810233
            ],
            [
              39.2072362,
              -6.7810233
            ],
            [
              39.2071481,
              -6.7810233
            ],
            [
              39.207148,
              -6.7809108
            ],
            [
              39.2072649,
              -6.7809108
            ],
            [
              39.2072649,
              -6.7807947
            ],
            [
              39.2068907,
              -6.7807948
            ]
          ],
          [
            [
              39.2069355,
              -6.7809143
            ],
            [
              39.2070863,
              -6.7809189
            ],
            [
              39.2070832,
              -6.7810186
            ],
            [
              39.2069323,
              -6.781014
            ],
            [
              39.2069355,
              -6.7809143
            ]
          ]
        ]
      },
      "id": "relation/17236374"
    },
    {
      "type": "Feature",
      "properties": {
        "@id": "relation/21037461",
        "addr:city": "Dar es salaam",
        "addr:district": "Ubungo",
        "addr:municipality": "Ubungo",
        "air_conditioning": "yes",
        "amenity": "library",
        "building": "university",
        "building:levels": "3",
        "internet_access": "wlan",
        "layer": "2",
        "name": "University of Dar es Salaam - New Library",
        "name:sw": "Maktaba mpya UDSM",
        "roof:shape": "flat",
        "type": "multipolygon",
        "wheelchair": "limited"
      },
      "geometry": {
        "type": "Polygon",
        "coordinates": [
          [
            [
              39.202739,
              -6.7788571
            ],
            [
              39.2026379,
              -6.77876
            ],
            [
              39.2025947,
              -6.7787186
            ],
            [
              39.2026185,
              -6.7786663
            ],
            [
              39.2026385,
              -6.7786223
            ],
            [
              39.2026914,
              -6.7786459
            ],
            [
              39.2027385,
              -6.778667
            ],
            [
              39.2027794,
              -6.7786777
            ],
            [
              39.2028102,
              -6.7786756
            ],
            [
              39.2028404,
              -6.7786643
            ],
            [
              39.2028692,
              -6.778651
            ],
            [
              39.2028974,
              -6.7786352
            ],
            [
              39.2029343,
              -6.7786024
            ],
            [
              39.2029899,
              -6.7784958
            ],
            [
              39.2030899,
              -6.7783208
            ],
            [
              39.2028373,
              -6.7782074
            ],
            [
              39.2028468,
              -6.7781842
            ],
            [
              39.20271,
              -6.778118
            ],
            [
              39.2027008,
              -6.7781314
            ],
            [
              39.202514,
              -6.7780433
            ],
            [
              39.2024455,
              -6.7781796
            ],
            [
              39.2025269,
              -6.7782264
            ],
            [
              39.2024817,
              -6.7783227
            ],
            [
              39.2023958,
              -6.7782814
            ],
            [
              39.2023274,
              -6.7784239
            ],
            [
              39.2024977,
              -6.7785385
            ],
            [
              39.2024849,
              -6.7785668
            ],
            [
              39.202456,
              -6.7786303
            ],
            [
              39.2024414,
              -6.7786623
            ],
            [
              39.202239,
              -6.7786045
            ],
            [
              39.2021706,
              -6.7787396
            ],
            [
              39.2022422,
              -6.7787799
            ],
            [
              39.202201,
              -6.7788801
            ],
            [
              39.2021223,
              -6.7788384
            ],
            [
              39.2020449,
              -6.7789859
            ],
            [
              39.2021282,
              -6.7790252
            ],
            [
              39.2020838,
              -6.7791218
            ],
            [
              39.2019905,
              -6.7790784
            ],
            [
              39.2019242,
              -6.779227
            ],
            [
              39.2024715,
              -6.7795078
            ],
            [
              39.2025406,
              -6.7793548
            ],
            [
              39.2024133,
              -6.7792896
            ],
            [
              39.2024642,
              -6.779199
            ],
            [
              39.2025728,
              -6.7792469
            ],
            [
              39.2026448,
              -6.7791044
            ],
            [
              39.2025359,
              -6.7790439
            ],
            [
              39.2025876,
              -6.7789466
            ],
            [
              39.2026694,
              -6.7789892
            ],
            [
              39.202739,
              -6.7788571
            ]
          ],
          [
            [
              39.202278,
              -6.7791017
            ],
            [
              39.2023464,
              -6.7791367
            ],
            [
              39.2022885,
              -6.7792484
            ],
            [
              39.2022202,
              -6.7792134
            ],
            [
              39.202278,
              -6.7791017
            ]
          ],
          [
            [
              39.2024042,
              -6.7788626
            ],
            [
              39.2024726,
              -6.7788976
            ],
            [
              39.2024147,
              -6.7790093
            ],
            [
              39.2023464,
              -6.7789743
            ],
            [
              39.2024042,
              -6.7788626
            ]
          ],
          [
            [
              39.2026844,
              -6.7782875
            ],
            [
              39.2027528,
              -6.7783225
            ],
            [
              39.2026949,
              -6.7784342
            ],
            [
              39.2026266,
              -6.7783992
            ],
            [
              39.2026844,
              -6.7782875
            ]
          ]
        ]
      },
      "id": "relation/21037461"
    },
    {
      "type": "Feature",
      "properties": {
        "@id": "way/36072767",
        "addr:street": "Chuo Kikuu",
        "building": "public",
        "building:levels": "2",
        "building:material": "cement_block",
        "name": "Nkrumah Hall",
        "source": "Yahoo"
      },
      "geometry": {
        "type": "Polygon",
        "coordinates": [
          [
            [
              39.2044486,
              -6.7805418
            ],
            [
              39.2043957,
              -6.780545
            ],
            [
              39.2043847,
              -6.7805697
            ],
            [
              39.2043984,
              -6.7805973
            ],
            [
              39.2044486,
              -6.7805976
            ],
            [
              39.2044423,
              -6.7806239
            ],
            [
              39.2045333,
              -6.7807326
            ],
            [
              39.2046669,
              -6.7807326
            ],
            [
              39.2047613,
              -6.7806388
            ],
            [
              39.2047613,
              -6.7805061
            ],
            [
              39.2046669,
              -6.7804124
            ],
            [
              39.2045333,
              -6.7804123
            ],
            [
              39.2044477,
              -6.7805093
            ],
            [
              39.2044486,
              -6.7805418
            ]
          ]
        ]
      },
      "id": "way/36072767"
    },
    {
      "type": "Feature",
      "properties": {
        "@id": "way/36072781",
        "addr:street": "Chuo Kikuu",
        "building": "university",
        "building:levels": "4",
        "building:material": "cement_block",
        "government": "education",
        "office": "government"
      },
      "geometry": {
        "type": "Polygon",
        "coordinates": [
          [
            [
              39.2065038,
              -6.7843413
            ],
            [
              39.2065038,
              -6.7843419
            ],
            [
              39.2066279,
              -6.7843466
            ],
            [
              39.2066431,
              -6.7839466
            ],
            [
              39.2065264,
              -6.7839422
            ],
            [
              39.2065264,
              -6.7838554
            ],
            [
              39.2062763,
              -6.7838554
            ],
            [
              39.2062762,
              -6.7843412
            ],
            [
              39.2065038,
              -6.7843413
            ]
          ]
        ]
      },
      "id": "way/36072781"
    },
    {
      "type": "Feature",
      "properties": {
        "@id": "way/36072785",
        "addr:street": "Chuo Kikuu",
        "building": "university",
        "building:levels": "2",
        "building:material": "cement_block"
      },
      "geometry": {
        "type": "Polygon",
        "coordinates": [
          [
            [
              39.2067824,
              -6.7835978
            ],
            [
              39.2071353,
              -6.7835961
            ],
            [
              39.2071345,
              -6.7834267
            ],
            [
              39.2067815,
              -6.7834284
            ],
            [
              39.2067824,
              -6.7835978
            ]
          ]
        ]
      },
      "id": "way/36072785"
    },
    {
      "type": "Feature",
      "properties": {
        "@id": "way/36072787",
        "building": "university",
        "building:levels": "3",
        "building:material": "cement_block"
      },
      "geometry": {
        "type": "Polygon",
        "coordinates": [
          [
            [
              39.2067254,
              -6.783753
            ],
            [
              39.2067241,
              -6.7839278
            ],
            [
              39.2071387,
              -6.7839309
            ],
            [
              39.20714,
              -6.7837562
            ],
            [
              39.2067254,
              -6.783753
            ]
          ]
        ]
      },
      "id": "way/36072787"
    },
    {
      "type": "Feature",
      "properties": {
        "@id": "way/36072904",
        "addr:city": "Dar es salaam",
        "addr:district": "Ubungo",
        "addr:municipality": "Ubungo",
        "addr:street": "Chuo Kikuu",
        "amenity": "college",
        "building": "public",
        "building:levels": "1",
        "building:material": "cement_block",
        "name": "Theatre",
        "source": "Yahoo"
      },
      "geometry": {
        "type": "Polygon",
        "coordinates": [
          [
            [
              39.2064862,
              -6.7803066
            ],
            [
              39.2064929,
              -6.7802151
            ],
            [
              39.2063937,
              -6.7802078
            ],
            [
              39.206395,
              -6.7801891
            ],
            [
              39.2064218,
              -6.7801831
            ],
            [
              39.2064124,
              -6.7801379
            ],
            [
              39.2063628,
              -6.7801485
            ],
            [
              39.2063203,
              -6.7799601
            ],
            [
              39.206283,
              -6.7799721
            ],
            [
              39.2062468,
              -6.7799907
            ],
            [
              39.2061955,
              -6.780036
            ],
            [
              39.2061704,
              -6.7800706
            ],
            [
              39.2061583,
              -6.7801285
            ],
            [
              39.206163,
              -6.7801846
            ],
            [
              39.2060536,
              -6.7802046
            ],
            [
              39.2060577,
              -6.7802451
            ],
            [
              39.2061187,
              -6.7802344
            ],
            [
              39.2061234,
              -6.7802531
            ],
            [
              39.206161,
              -6.780327
            ],
            [
              39.2062043,
              -6.7803694
            ],
            [
              39.206284,
              -6.7803991
            ],
            [
              39.2063769,
              -6.7804035
            ],
            [
              39.2063782,
              -6.7804794
            ],
            [
              39.2064285,
              -6.7804755
            ],
            [
              39.2064305,
              -6.780301
            ],
            [
              39.2064862,
              -6.7803066
            ]
          ]
        ]
      },
      "id": "way/36072904"
    },
    {
      "type": "Feature",
      "properties": {
        "@id": "way/36072911",
        "addr:street": "Chuo Kikuu",
        "building": "public",
        "building:levels": "1",
        "building:material": "cement_block",
        "name": "SR",
        "source": "Yahoo"
      },
      "geometry": {
        "type": "Polygon",
        "coordinates": [
          [
            [
              39.2041921,
              -6.7798274
            ],
            [
              39.204195,
              -6.7800043
            ],
            [
              39.2043839,
              -6.7800012
            ],
            [
              39.2043811,
              -6.7798243
            ],
            [
              39.2041921,
              -6.7798274
            ]
          ]
        ]
      },
      "id": "way/36072911"
    },
    {
      "type": "Feature",
      "properties": {
        "@id": "way/36072912",
        "addr:street": "Chuo Kikuu",
        "building": "public",
        "building:levels": "2",
        "building:material": "cement_block",
        "name": "UDSM Chemistry Department",
        "source": "Yahoo"
      },
      "geometry": {
        "type": "Polygon",
        "coordinates": [
          [
            [
              39.2040088,
              -6.7808326
            ],
            [
              39.2040096,
              -6.7809878
            ],
            [
              39.2044525,
              -6.7809855
            ],
            [
              39.2044517,
              -6.7808302
            ],
            [
              39.2040088,
              -6.7808326
            ]
          ]
        ]
      },
      "id": "way/36072912"
    },
    {
      "type": "Feature",
      "properties": {
        "@id": "way/36072913",
        "addr:street": "Chuo Kikuu",
        "building": "university",
        "building:levels": "3",
        "building:material": "cement_block",
        "name": "UDSM Physics Department",
        "source": "Maduhu"
      },
      "geometry": {
        "type": "Polygon",
        "coordinates": [
          [
            [
              39.2036061,
              -6.7807494
            ],
            [
              39.2036027,
              -6.7808818
            ],
            [
              39.2039429,
              -6.7808904
            ],
            [
              39.2039463,
              -6.7807581
            ],
            [
              39.2036061,
              -6.7807494
            ]
          ]
        ]
      },
      "id": "way/36072913"
    },
    {
      "type": "Feature",
      "properties": {
        "@id": "way/36073069",
        "addr:street": "Chuo Kikuu",
        "building": "university",
        "building:levels": "2",
        "building:material": "cement_block",
        "name": "SR",
        "source": "Yahoo"
      },
      "geometry": {
        "type": "Polygon",
        "coordinates": [
          [
            [
              39.2040926,
              -6.7800993
            ],
            [
              39.2040925,
              -6.7801504
            ],
            [
              39.2041815,
              -6.7801506
            ],
            [
              39.2041815,
              -6.7801838
            ],
            [
              39.2041078,
              -6.7801837
            ],
            [
              39.2041075,
              -6.7803665
            ],
            [
              39.2042921,
              -6.7803667
            ],
            [
              39.2042923,
              -6.7801822
            ],
            [
              39.2042029,
              -6.7801821
            ],
            [
              39.204203,
              -6.7801465
            ],
            [
              39.2042446,
              -6.7801465
            ],
            [
              39.2042447,
              -6.7800995
            ],
            [
              39.2040926,
              -6.7800993
            ]
          ]
        ]
      },
      "id": "way/36073069"
    },
    {
      "type": "Feature",
      "properties": {
        "@id": "way/36073071",
        "building": "commercial",
        "building:levels": "2",
        "building:material": "cement_block",
        "name": "Dar es Salaam Publisher Printers and Book Seller"
      },
      "geometry": {
        "type": "Polygon",
        "coordinates": [
          [
            [
              39.2059108,
              -6.7803602
            ],
            [
              39.2059093,
              -6.7806476
            ],
            [
              39.2060545,
              -6.7806484
            ],
            [
              39.206056,
              -6.7803609
            ],
            [
              39.2059108,
              -6.7803602
            ]
          ]
        ]
      },
      "id": "way/36073071"
    },
    {
      "type": "Feature",
      "properties": {
        "@id": "way/161755773",
        "building": "university",
        "building:levels": "5",
        "building:material": "concrete",
        "name": "Hall of Residence"
      },
      "geometry": {
        "type": "Polygon",
        "coordinates": [
          [
            [
              39.2028018,
              -6.7771766
            ],
            [
              39.2027645,
              -6.7772209
            ],
            [
              39.2028843,
              -6.7773201
            ],
            [
              39.202839,
              -6.777374
            ],
            [
              39.2029279,
              -6.7774477
            ],
            [
              39.2029736,
              -6.7773933
            ],
            [
              39.2030449,
              -6.7774523
            ],
            [
              39.2030817,
              -6.7774084
            ],
            [
              39.2028018,
              -6.7771766
            ]
          ]
        ]
      },
      "id": "way/161755773"
    },
    {
      "type": "Feature",
      "properties": {
        "@id": "way/161755776",
        "building": "university",
        "building:levels": "5",
        "building:material": "concrete",
        "name": "Hall of Residence"
      },
      "geometry": {
        "type": "Polygon",
        "coordinates": [
          [
            [
              39.2030494,
              -6.7775188
            ],
            [
              39.2030879,
              -6.7775529
            ],
            [
              39.2030513,
              -6.7775935
            ],
            [
              39.203136,
              -6.7776687
            ],
            [
              39.2031713,
              -6.7776295
            ],
            [
              39.2033187,
              -6.7777604
            ],
            [
              39.2033551,
              -6.77772
            ],
            [
              39.2030845,
              -6.7774798
            ],
            [
              39.2030494,
              -6.7775188
            ]
          ]
        ]
      },
      "id": "way/161755776"
    },
    {
      "type": "Feature",
      "properties": {
        "@id": "way/161755896",
        "building": "university",
        "building:levels": "1",
        "building:material": "stones",
        "name": "Offices"
      },
      "geometry": {
        "type": "Polygon",
        "coordinates": [
          [
            [
              39.2020903,
              -6.7768341
            ],
            [
              39.2020904,
              -6.7769852
            ],
            [
              39.2021066,
              -6.7769852
            ],
            [
              39.2021067,
              -6.7769933
            ],
            [
              39.2021447,
              -6.7769933
            ],
            [
              39.2021447,
              -6.7770115
            ],
            [
              39.2021923,
              -6.7770114
            ],
            [
              39.2021923,
              -6.7769798
            ],
            [
              39.2022047,
              -6.7769798
            ],
            [
              39.2022046,
              -6.776834
            ],
            [
              39.2020903,
              -6.7768341
            ]
          ]
        ]
      },
      "id": "way/161755896"
    },
    {
      "type": "Feature",
      "properties": {
        "@id": "way/161756514",
        "building": "university",
        "building:levels": "4",
        "building:material": "cement_block"
      },
      "geometry": {
        "type": "Polygon",
        "coordinates": [
          [
            [
              39.2027263,
              -6.7758318
            ],
            [
              39.2027265,
              -6.7758902
            ],
            [
              39.2027265,
              -6.7759121
            ],
            [
              39.2030871,
              -6.7759109
            ],
            [
              39.2030868,
              -6.7758306
            ],
            [
              39.2027263,
              -6.7758318
            ]
          ]
        ]
      },
      "id": "way/161756514"
    },
    {
      "type": "Feature",
      "properties": {
        "@id": "way/161756515",
        "addr:city": "Dar es salaam",
        "addr:district": "Ubungo",
        "addr:municipality": "Ubungo",
        "building": "university",
        "building:levels": "1",
        "building:material": "cement_block",
        "government": "administrative",
        "name": "Daruso Office",
        "office": "government"
      },
      "geometry": {
        "type": "Polygon",
        "coordinates": [
          [
            [
              39.2025673,
              -6.7764365
            ],
            [
              39.2025706,
              -6.7766087
            ],
            [
              39.202638,
              -6.7766074
            ],
            [
              39.2026347,
              -6.7764352
            ],
            [
              39.2025673,
              -6.7764365
            ]
          ]
        ]
      },
      "id": "way/161756515"
    },
    {
      "type": "Feature",
      "properties": {
        "@id": "way/161756517",
        "building": "university",
        "building:levels": "4",
        "building:material": "cement_block",
        "name": "Block B"
      },
      "geometry": {
        "type": "Polygon",
        "coordinates": [
          [
            [
              39.2022941,
              -6.77618
            ],
            [
              39.2022937,
              -6.7762455
            ],
            [
              39.2025473,
              -6.7762469
            ],
            [
              39.2025477,
              -6.7761814
            ],
            [
              39.2022941,
              -6.77618
            ]
          ]
        ]
      },
      "id": "way/161756517"
    },
    {
      "type": "Feature",
      "properties": {
        "@id": "way/161756520",
        "building": "university",
        "building:levels": "4",
        "building:material": "cement_block",
        "name": "Block C"
      },
      "geometry": {
        "type": "Polygon",
        "coordinates": [
          [
            [
              39.202337,
              -6.7757909
            ],
            [
              39.2023368,
              -6.7758637
            ],
            [
              39.2025869,
              -6.7758645
            ],
            [
              39.2025872,
              -6.7757916
            ],
            [
              39.202337,
              -6.7757909
            ]
          ]
        ]
      },
      "id": "way/161756520"
    },
    {
      "type": "Feature",
      "properties": {
        "@id": "way/161756521",
        "addr:city": "Dar es salaam",
        "addr:district": "Ubungo",
        "addr:municipality": "Ubungo",
        "amenity": "university",
        "building": "university",
        "building:levels": "2",
        "building:material": "cement_block",
        "name": "Wardens' Office",
        "operator": "UDSM"
      },
      "geometry": {
        "type": "Polygon",
        "coordinates": [
          [
            [
              39.2021693,
              -6.7758523
            ],
            [
              39.2021749,
              -6.7761089
            ],
            [
              39.2022668,
              -6.7761069
            ],
            [
              39.2022611,
              -6.7758503
            ],
            [
              39.2021693,
              -6.7758523
            ]
          ]
        ]
      },
      "id": "way/161756521"
    },
    {
      "type": "Feature",
      "properties": {
        "@id": "way/161756819",
        "building": "university",
        "building:levels": "2",
        "building:material": "cement_block",
        "name": "Apartment 4"
      },
      "geometry": {
        "type": "Polygon",
        "coordinates": [
          [
            [
              39.2026927,
              -6.775558
            ],
            [
              39.2026934,
              -6.7756315
            ],
            [
              39.2027326,
              -6.7756311
            ],
            [
              39.2027329,
              -6.7756632
            ],
            [
              39.2028386,
              -6.7756623
            ],
            [
              39.2028383,
              -6.7756308
            ],
            [
              39.2028712,
              -6.7756305
            ],
            [
              39.2028712,
              -6.7756215
            ],
            [
              39.2028837,
              -6.7756214
            ],
            [
              39.2028833,
              -6.775569
            ],
            [
              39.2028715,
              -6.7755691
            ],
            [
              39.2028714,
              -6.7755565
            ],
            [
              39.2026927,
              -6.775558
            ]
          ]
        ]
      },
      "id": "way/161756819"
    },
    {
      "type": "Feature",
      "properties": {
        "@id": "way/161756821",
        "building": "university",
        "building:levels": "2",
        "building:material": "cement_block",
        "name": "Apartment 1"
      },
      "geometry": {
        "type": "Polygon",
        "coordinates": [
          [
            [
              39.2029338,
              -6.7754915
            ],
            [
              39.203115,
              -6.7755567
            ],
            [
              39.2031402,
              -6.7754878
            ],
            [
              39.2030923,
              -6.7754706
            ],
            [
              39.2030991,
              -6.7754518
            ],
            [
              39.2029658,
              -6.7754038
            ],
            [
              39.2029338,
              -6.7754915
            ]
          ]
        ]
      },
      "id": "way/161756821"
    },
    {
      "type": "Feature",
      "properties": {
        "@id": "way/161756822",
        "building": "university",
        "building:levels": "2",
        "building:material": "cement_block",
        "name": "Apartment 3"
      },
      "geometry": {
        "type": "Polygon",
        "coordinates": [
          [
            [
              39.2029318,
              -6.7755579
            ],
            [
              39.2029125,
              -6.7756343
            ],
            [
              39.2029613,
              -6.7756464
            ],
            [
              39.2029544,
              -6.7756739
            ],
            [
              39.203049,
              -6.7756975
            ],
            [
              39.2030571,
              -6.7756652
            ],
            [
              39.2030878,
              -6.7756728
            ],
            [
              39.2031059,
              -6.7756012
            ],
            [
              39.2029318,
              -6.7755579
            ]
          ]
        ]
      },
      "id": "way/161756822"
    },
    {
      "type": "Feature",
      "properties": {
        "@id": "way/161756823",
        "building": "university",
        "building:levels": "2",
        "building:material": "cement_block",
        "name": "Apartment 2"
      },
      "geometry": {
        "type": "Polygon",
        "coordinates": [
          [
            [
              39.2026961,
              -6.7754618
            ],
            [
              39.2028698,
              -6.7754647
            ],
            [
              39.20287,
              -6.7754526
            ],
            [
              39.2028864,
              -6.7754529
            ],
            [
              39.2028873,
              -6.7753951
            ],
            [
              39.202838,
              -6.7753943
            ],
            [
              39.2028385,
              -6.7753616
            ],
            [
              39.2026978,
              -6.7753593
            ],
            [
              39.2026961,
              -6.7754618
            ]
          ]
        ]
      },
      "id": "way/161756823"
    },
    {
      "type": "Feature",
      "properties": {
        "@id": "way/161757102",
        "addr:street": "Chuo Kikuu",
        "building": "university",
        "building:levels": "2",
        "building:material": "cement_block",
        "name": "COET"
      },
      "geometry": {
        "type": "Polygon",
        "coordinates": [
          [
            [
              39.2071787,
              -6.7832746
            ],
            [
              39.2071833,
              -6.7834438
            ],
            [
              39.2074518,
              -6.7834362
            ],
            [
              39.2074471,
              -6.7832671
            ],
            [
              39.2071787,
              -6.7832746
            ]
          ]
        ]
      },
      "id": "way/161757102"
    },
    {
      "type": "Feature",
      "properties": {
        "@id": "way/161758098",
        "addr:street": "Chuo Kikuu",
        "building": "university",
        "building:levels": "3",
        "building:material": "cement_block",
        "name": "Computer Center"
      },
      "geometry": {
        "type": "Polygon",
        "coordinates": [
          [
            [
              39.2029903,
              -6.7815522
            ],
            [
              39.2029759,
              -6.7815422
            ],
            [
              39.2029477,
              -6.7815588
            ],
            [
              39.2029088,
              -6.7815222
            ],
            [
              39.2028873,
              -6.7815495
            ],
            [
              39.202888,
              -6.7815571
            ],
            [
              39.2027583,
              -6.7815576
            ],
            [
              39.2027572,
              -6.7816517
            ],
            [
              39.2027951,
              -6.7816304
            ],
            [
              39.202825,
              -6.7816291
            ],
            [
              39.2028223,
              -6.7816647
            ],
            [
              39.2028602,
              -6.7816682
            ],
            [
              39.2028685,
              -6.7816642
            ],
            [
              39.2028702,
              -6.7816307
            ],
            [
              39.2028773,
              -6.7816304
            ],
            [
              39.2029202,
              -6.7816747
            ],
            [
              39.2029366,
              -6.7816817
            ],
            [
              39.2029571,
              -6.7816584
            ],
            [
              39.2029608,
              -6.781642
            ],
            [
              39.2029423,
              -6.7816284
            ],
            [
              39.2029524,
              -6.7816151
            ],
            [
              39.2029765,
              -6.7816379
            ],
            [
              39.2030134,
              -6.7815974
            ],
            [
              39.2030127,
              -6.7815788
            ],
            [
              39.2029903,
              -6.7815522
            ]
          ]
        ]
      },
      "id": "way/161758098"
    },
    {
      "type": "Feature",
      "properties": {
        "@id": "way/161758364",
        "addr:street": "University Road",
        "building": "commercial",
        "building:material": "cement_block",
        "building:min_level": "1",
        "name": "NBC Bank-UDSM"
      },
      "geometry": {
        "type": "Polygon",
        "coordinates": [
          [
            [
              39.2023139,
              -6.7812304
            ],
            [
              39.2022545,
              -6.781392
            ],
            [
              39.2024241,
              -6.7814536
            ],
            [
              39.2024836,
              -6.781292
            ],
            [
              39.2023139,
              -6.7812304
            ]
          ]
        ]
      },
      "id": "way/161758364"
    },
    {
      "type": "Feature",
      "properties": {
        "@id": "way/239986444",
        "building": "public",
        "building:levels": "1",
        "building:material": "cement_block",
        "name": "UDSM Auxiliary Police"
      },
      "geometry": {
        "type": "Polygon",
        "coordinates": [
          [
            [
              39.2024061,
              -6.7806832
            ],
            [
              39.2023544,
              -6.7807095
            ],
            [
              39.2023764,
              -6.7807519
            ],
            [
              39.2026036,
              -6.7806358
            ],
            [
              39.2025817,
              -6.7805935
            ],
            [
              39.2024061,
              -6.7806832
            ]
          ]
        ]
      },
      "id": "way/239986444"
    },
    {
      "type": "Feature",
      "properties": {
        "@id": "way/358896705",
        "building": "public",
        "building:levels": "4",
        "building:material": "cement_block",
        "name": "UDBS"
      },
      "geometry": {
        "type": "Polygon",
        "coordinates": [
          [
            [
              39.2015683,
              -6.7805992
            ],
            [
              39.2016307,
              -6.780606
            ],
            [
              39.2016292,
              -6.7806622
            ],
            [
              39.2018203,
              -6.7806659
            ],
            [
              39.2018231,
              -6.7804145
            ],
            [
              39.2016774,
              -6.780419
            ],
            [
              39.2016767,
              -6.7804122
            ],
            [
              39.201682,
              -6.7804105
            ],
            [
              39.2016812,
              -6.7803926
            ],
            [
              39.2016696,
              -6.7803926
            ],
            [
              39.20167,
              -6.7803984
            ],
            [
              39.2016341,
              -6.7803975
            ],
            [
              39.2016307,
              -6.7803549
            ],
            [
              39.2015847,
              -6.7803545
            ],
            [
              39.2015859,
              -6.7803942
            ],
            [
              39.2015113,
              -6.7803925
            ],
            [
              39.2015104,
              -6.7803546
            ],
            [
              39.2014681,
              -6.7803549
            ],
            [
              39.2014688,
              -6.7803436
            ],
            [
              39.2014394,
              -6.7803444
            ],
            [
              39.2014397,
              -6.7804003
            ],
            [
              39.201421,
              -6.7804037
            ],
            [
              39.2014285,
              -6.7804656
            ],
            [
              39.201463,
              -6.7805253
            ],
            [
              39.2015172,
              -6.7805748
            ],
            [
              39.2015683,
              -6.7805992
            ]
          ]
        ]
      },
      "id": "way/358896705"
    },
    {
      "type": "Feature",
      "properties": {
        "@id": "way/358896775",
        "addr:city": "Dar es salaam",
        "addr:housenumber": "35901",
        "addr:street": "Chuo Kikuu",
        "building": "yes",
        "building:levels": "3",
        "building:material": "cement_block",
        "name": "Science complex",
        "name:en": "College of natural and Applied sciences(CoNAS)"
      },
      "geometry": {
        "type": "Polygon",
        "coordinates": [
          [
            [
              39.2019328,
              -6.7823427
            ],
            [
              39.2018969,
              -6.7823006
            ],
            [
              39.2019184,
              -6.7822713
            ],
            [
              39.2018909,
              -6.782248
            ],
            [
              39.2018694,
              -6.7822739
            ],
            [
              39.2018084,
              -6.782216
            ],
            [
              39.2017682,
              -6.78226
            ],
            [
              39.2017864,
              -6.7822901
            ],
            [
              39.2015451,
              -6.7825668
            ],
            [
              39.2015248,
              -6.7825449
            ],
            [
              39.2014725,
              -6.7825938
            ],
            [
              39.2014906,
              -6.7826069
            ],
            [
              39.2014635,
              -6.782642
            ],
            [
              39.2014537,
              -6.7826934
            ],
            [
              39.2014735,
              -6.7827561
            ],
            [
              39.2015066,
              -6.7827936
            ],
            [
              39.2014959,
              -6.7828106
            ],
            [
              39.2015335,
              -6.7828406
            ],
            [
              39.2015466,
              -6.7828206
            ],
            [
              39.2018438,
              -6.7830683
            ],
            [
              39.2018328,
              -6.7830925
            ],
            [
              39.2018761,
              -6.7831226
            ],
            [
              39.2019224,
              -6.7830609
            ],
            [
              39.2019513,
              -6.7830823
            ],
            [
              39.2019776,
              -6.7830473
            ],
            [
              39.2019486,
              -6.7830259
            ],
            [
              39.2020163,
              -6.7829358
            ],
            [
              39.2019159,
              -6.7828599
            ],
            [
              39.2019627,
              -6.7827931
            ],
            [
              39.2019875,
              -6.7826683
            ],
            [
              39.2019583,
              -6.7825449
            ],
            [
              39.2018655,
              -6.7824309
            ],
            [
              39.2019328,
              -6.7823427
            ]
          ]
        ]
      },
      "id": "way/358896775"
    },
    {
      "type": "Feature",
      "properties": {
        "@id": "way/358896776",
        "addr:street": "Chuo Kikuu",
        "building": "construction",
        "building:levels": "1",
        "building:material": "cement_block"
      },
      "geometry": {
        "type": "Polygon",
        "coordinates": [
          [
            [
              39.2023954,
              -6.7828024
            ],
            [
              39.2023489,
              -6.782845
            ],
            [
              39.2023547,
              -6.7828512
            ],
            [
              39.2025969,
              -6.7831114
            ],
            [
              39.2026434,
              -6.7830688
            ],
            [
              39.2023954,
              -6.7828024
            ]
          ]
        ]
      },
      "id": "way/358896776"
    },
    {
      "type": "Feature",
      "properties": {
        "@id": "way/358897619",
        "addr:street": "Chuo Kikuu",
        "building": "university",
        "building:levels": "1",
        "building:material": "cement_block"
      },
      "geometry": {
        "type": "Polygon",
        "coordinates": [
          [
            [
              39.203991,
              -6.780722
            ],
            [
              39.2039925,
              -6.7806788
            ],
            [
              39.2039126,
              -6.7806761
            ],
            [
              39.2039111,
              -6.7807194
            ],
            [
              39.203991,
              -6.780722
            ]
          ]
        ]
      },
      "id": "way/358897619"
    },
    {
      "type": "Feature",
      "properties": {
        "@id": "way/358897800",
        "addr:street": "Changanyikeni",
        "building": "yes",
        "building:levels": "1",
        "building:material": "cement_block"
      },
      "geometry": {
        "type": "Polygon",
        "coordinates": [
          [
            [
              39.2018436,
              -6.7810856
            ],
            [
              39.2019899,
              -6.7811639
            ],
            [
              39.2020221,
              -6.7811046
            ],
            [
              39.2019653,
              -6.7810742
            ],
            [
              39.2019576,
              -6.7810883
            ],
            [
              39.2018681,
              -6.7810404
            ],
            [
              39.2018436,
              -6.7810856
            ]
          ]
        ]
      },
      "id": "way/358897800"
    },
    {
      "type": "Feature",
      "properties": {
        "@id": "way/358897801",
        "addr:street": "Changanyikeni",
        "building": "commercial",
        "building:levels": "1",
        "building:material": "cement_block"
      },
      "geometry": {
        "type": "Polygon",
        "coordinates": [
          [
            [
              39.2007453,
              -6.7804399
            ],
            [
              39.200798,
              -6.7805302
            ],
            [
              39.2008393,
              -6.7805064
            ],
            [
              39.2008686,
              -6.7805566
            ],
            [
              39.2009613,
              -6.7805036
            ],
            [
              39.200869,
              -6.7803432
            ],
            [
              39.2007726,
              -6.7803987
            ],
            [
              39.2007837,
              -6.7804177
            ],
            [
              39.2007453,
              -6.7804399
            ]
          ]
        ]
      },
      "id": "way/358897801"
    },
    {
      "type": "Feature",
      "properties": {
        "@id": "way/359801663",
        "building": "public",
        "building:levels": "7",
        "building:material": "cement_block",
        "name": "UDBS"
      },
      "geometry": {
        "type": "Polygon",
        "coordinates": [
          [
            [
              39.2023493,
              -6.7798979
            ],
            [
              39.2023304,
              -6.7799308
            ],
            [
              39.2023147,
              -6.7799228
            ],
            [
              39.2022777,
              -6.7799825
            ],
            [
              39.2022448,
              -6.7799622
            ],
            [
              39.202192,
              -6.780056
            ],
            [
              39.202171,
              -6.7800437
            ],
            [
              39.2021398,
              -6.7801043
            ],
            [
              39.2022436,
              -6.7801652
            ],
            [
              39.2022037,
              -6.7802374
            ],
            [
              39.2021836,
              -6.780273
            ],
            [
              39.2021521,
              -6.7803246
            ],
            [
              39.2021303,
              -6.7803097
            ],
            [
              39.2020945,
              -6.7803653
            ],
            [
              39.2021439,
              -6.7803972
            ],
            [
              39.2021303,
              -6.7804323
            ],
            [
              39.202196,
              -6.7804661
            ],
            [
              39.2022134,
              -6.7804382
            ],
            [
              39.2022419,
              -6.7804499
            ],
            [
              39.2023752,
              -6.7802346
            ],
            [
              39.2024184,
              -6.7802635
            ],
            [
              39.2024432,
              -6.7802213
            ],
            [
              39.2025114,
              -6.7802629
            ],
            [
              39.2025374,
              -6.7802004
            ],
            [
              39.202461,
              -6.7801803
            ],
            [
              39.2024716,
              -6.7801252
            ],
            [
              39.2024689,
              -6.7800646
            ],
            [
              39.2024568,
              -6.7800193
            ],
            [
              39.2024309,
              -6.7799725
            ],
            [
              39.2023911,
              -6.7799294
            ],
            [
              39.2023493,
              -6.7798979
            ]
          ]
        ]
      },
      "id": "way/359801663"
    },
    {
      "type": "Feature",
      "properties": {
        "@id": "way/359801664",
        "building": "public",
        "building:levels": "4",
        "building:material": "cement_block",
        "name": "UDBS"
      },
      "geometry": {
        "type": "Polygon",
        "coordinates": [
          [
            [
              39.2021142,
              -6.7804243
            ],
            [
              39.2020805,
              -6.7805122
            ],
            [
              39.2019084,
              -6.7805154
            ],
            [
              39.2019092,
              -6.7806619
            ],
            [
              39.2020407,
              -6.780661
            ],
            [
              39.2020404,
              -6.7806122
            ],
            [
              39.2020567,
              -6.7806121
            ],
            [
              39.202057,
              -6.7806609
            ],
            [
              39.2022225,
              -6.7806605
            ],
            [
              39.202213,
              -6.7805085
            ],
            [
              39.2021887,
              -6.7805093
            ],
            [
              39.2022047,
              -6.7804781
            ],
            [
              39.2021142,
              -6.7804243
            ]
          ]
        ]
      },
      "id": "way/359801664"
    },
    {
      "type": "Feature",
      "properties": {
        "@id": "way/359803719",
        "addr:city": "Dar es salaam",
        "addr:district": "Ubungo",
        "addr:municipality": "Ubungo",
        "addr:street": "Changanyikeni",
        "amenity": "community_centre",
        "building": "public",
        "building:levels": "1",
        "building:material": "cement_block",
        "office": "government"
      },
      "geometry": {
        "type": "Polygon",
        "coordinates": [
          [
            [
              39.2017693,
              -6.7812187
            ],
            [
              39.2017656,
              -6.7813175
            ],
            [
              39.2019975,
              -6.7813261
            ],
            [
              39.2019983,
              -6.7813051
            ],
            [
              39.2020929,
              -6.7813086
            ],
            [
              39.2020955,
              -6.7812402
            ],
            [
              39.2020047,
              -6.7812369
            ],
            [
              39.2020053,
              -6.7812207
            ],
            [
              39.2019681,
              -6.7812193
            ],
            [
              39.2019668,
              -6.7812543
            ],
            [
              39.2018298,
              -6.7812492
            ],
            [
              39.2018309,
              -6.7812209
            ],
            [
              39.2017693,
              -6.7812187
            ]
          ]
        ]
      },
      "id": "way/359803719"
    },
    {
      "type": "Feature",
      "properties": {
        "@id": "way/359804209",
        "building": "public",
        "building:levels": "4",
        "building:material": "cement_block",
        "check_date": "2023-12-10",
        "government": "education",
        "name": "Administration Block",
        "office": "government"
      },
      "geometry": {
        "type": "Polygon",
        "coordinates": [
          [
            [
              39.203404,
              -6.7802543
            ],
            [
              39.203336,
              -6.7802544
            ],
            [
              39.2033362,
              -6.7804494
            ],
            [
              39.203337,
              -6.7809587
            ],
            [
              39.2034053,
              -6.7809586
            ],
            [
              39.2034047,
              -6.7805825
            ],
            [
              39.2034886,
              -6.7805824
            ],
            [
              39.2034887,
              -6.7806627
            ],
            [
              39.2036484,
              -6.7806625
            ],
            [
              39.2036482,
              -6.7805016
            ],
            [
              39.2034901,
              -6.7805018
            ],
            [
              39.2034871,
              -6.7805018
            ],
            [
              39.2034872,
              -6.7805548
            ],
            [
              39.2034852,
              -6.7805548
            ],
            [
              39.2034045,
              -6.780555
            ],
            [
              39.2034045,
              -6.7805406
            ],
            [
              39.203392,
              -6.7805406
            ],
            [
              39.203392,
              -6.7805014
            ],
            [
              39.2034043,
              -6.7805014
            ],
            [
              39.2034043,
              -6.7804468
            ],
            [
              39.2034042,
              -6.7804218
            ],
            [
              39.203404,
              -6.7802543
            ]
          ]
        ]
      },
      "id": "way/359804209"
    },
    {
      "type": "Feature",
      "properties": {
        "@id": "way/359804523",
        "addr:housenumber": "113B",
        "addr:street": "Chuo Kikuu",
        "building": "university",
        "building:levels": "3",
        "building:material": "cement_block",
        "name": "College of Humanities",
        "office": "government"
      },
      "geometry": {
        "type": "Polygon",
        "coordinates": [
          [
            [
              39.2035433,
              -6.7802351
            ],
            [
              39.2035433,
              -6.780317
            ],
            [
              39.2040128,
              -6.780317
            ],
            [
              39.2040128,
              -6.7802351
            ],
            [
              39.2035433,
              -6.7802351
            ]
          ]
        ]
      },
      "id": "way/359804523"
    },
    {
      "type": "Feature",
      "properties": {
        "@id": "way/359808970",
        "addr:street": "University of Dar es Salaam",
        "building": "university",
        "building:levels": "4",
        "building:material": "cement_block",
        "name": "Mineral Engineering"
      },
      "geometry": {
        "type": "Polygon",
        "coordinates": [
          [
            [
              39.2071614,
              -6.7839168
            ],
            [
              39.2071586,
              -6.7841275
            ],
            [
              39.2072077,
              -6.7841282
            ],
            [
              39.207208,
              -6.7841099
            ],
            [
              39.2073036,
              -6.7841111
            ],
            [
              39.207303,
              -6.7841585
            ],
            [
              39.207599,
              -6.7841623
            ],
            [
              39.2075998,
              -6.7841014
            ],
            [
              39.2076258,
              -6.7841017
            ],
            [
              39.2076271,
              -6.7840062
            ],
            [
              39.2076001,
              -6.7840058
            ],
            [
              39.2076005,
              -6.7839785
            ],
            [
              39.2074711,
              -6.7839769
            ],
            [
              39.2074717,
              -6.7839367
            ],
            [
              39.2072126,
              -6.7839333
            ],
            [
              39.2072128,
              -6.7839175
            ],
            [
              39.2071614,
              -6.7839168
            ]
          ]
        ]
      },
      "id": "way/359808970"
    },
    {
      "type": "Feature",
      "properties": {
        "@id": "way/359814322",
        "building": "public",
        "building:levels": "1",
        "building:material": "cement_block",
        "name": "FPA"
      },
      "geometry": {
        "type": "Polygon",
        "coordinates": [
          [
            [
              39.2013703,
              -6.7798125
            ],
            [
              39.2011393,
              -6.7796743
            ],
            [
              39.2010961,
              -6.7797456
            ],
            [
              39.2013271,
              -6.7798838
            ],
            [
              39.2013703,
              -6.7798125
            ]
          ]
        ]
      },
      "id": "way/359814322"
    },
    {
      "type": "Feature",
      "properties": {
        "@id": "way/359814324",
        "building": "public",
        "building:levels": "1",
        "building:material": "cement_block",
        "name": "FPA"
      },
      "geometry": {
        "type": "Polygon",
        "coordinates": [
          [
            [
              39.2014511,
              -6.7797068
            ],
            [
              39.2013851,
              -6.7796726
            ],
            [
              39.2013288,
              -6.7797798
            ],
            [
              39.201385,
              -6.7798089
            ],
            [
              39.2013959,
              -6.7797882
            ],
            [
              39.201408,
              -6.7797944
            ],
            [
              39.2014247,
              -6.7797626
            ],
            [
              39.2014127,
              -6.7797563
            ],
            [
              39.2014248,
              -6.7797333
            ],
            [
              39.2014345,
              -6.7797383
            ],
            [
              39.2014511,
              -6.7797068
            ]
          ]
        ]
      },
      "id": "way/359814324"
    },
    {
      "type": "Feature",
      "properties": {
        "@id": "way/359814327",
        "building": "public",
        "building:levels": "1",
        "building:material": "cement_block",
        "name": "FPA"
      },
      "geometry": {
        "type": "Polygon",
        "coordinates": [
          [
            [
              39.2011343,
              -6.7796725
            ],
            [
              39.2010799,
              -6.7796417
            ],
            [
              39.2010301,
              -6.7797283
            ],
            [
              39.2010845,
              -6.7797591
            ],
            [
              39.2011343,
              -6.7796725
            ]
          ]
        ]
      },
      "id": "way/359814327"
    },
    {
      "type": "Feature",
      "properties": {
        "@id": "way/359814332",
        "building": "public",
        "building:levels": "1",
        "building:material": "cement_block",
        "name": "FPA"
      },
      "geometry": {
        "type": "Polygon",
        "coordinates": [
          [
            [
              39.2011491,
              -6.7796764
            ],
            [
              39.2012581,
              -6.7794868
            ],
            [
              39.2014873,
              -6.7796168
            ],
            [
              39.2015337,
              -6.7795361
            ],
            [
              39.2012363,
              -6.7793676
            ],
            [
              39.2010809,
              -6.7796378
            ],
            [
              39.2011491,
              -6.7796764
            ]
          ]
        ]
      },
      "id": "way/359814332"
    },
    {
      "type": "Feature",
      "properties": {
        "@id": "way/359814742",
        "addr:street": "University",
        "building": "university",
        "building:levels": "3",
        "building:material": "cement_block",
        "name": "Petroleum COET"
      },
      "geometry": {
        "type": "Polygon",
        "coordinates": [
          [
            [
              39.2075784,
              -6.7809342
            ],
            [
              39.2075788,
              -6.7810475
            ],
            [
              39.2076227,
              -6.7810474
            ],
            [
              39.2076228,
              -6.7810887
            ],
            [
              39.2075964,
              -6.7810888
            ],
            [
              39.2075966,
              -6.7811508
            ],
            [
              39.2077562,
              -6.7811503
            ],
            [
              39.2077556,
              -6.7809745
            ],
            [
              39.2077555,
              -6.7809337
            ],
            [
              39.2075784,
              -6.7809342
            ]
          ]
        ]
      },
      "id": "way/359814742"
    },
    {
      "type": "Feature",
      "properties": {
        "@id": "way/359814951",
        "building": "public",
        "building:levels": "1",
        "building:material": "cement_block",
        "name": "FPA"
      },
      "geometry": {
        "type": "Polygon",
        "coordinates": [
          [
            [
              39.2015019,
              -6.7796558
            ],
            [
              39.2015593,
              -6.7796921
            ],
            [
              39.2015493,
              -6.7797078
            ],
            [
              39.2015844,
              -6.7797299
            ],
            [
              39.2015965,
              -6.779711
            ],
            [
              39.2016512,
              -6.7797455
            ],
            [
              39.2017163,
              -6.7796439
            ],
            [
              39.2015518,
              -6.77954
            ],
            [
              39.2015207,
              -6.7795886
            ],
            [
              39.2015379,
              -6.7795995
            ],
            [
              39.2015019,
              -6.7796558
            ]
          ]
        ]
      },
      "id": "way/359814951"
    },
    {
      "type": "Feature",
      "properties": {
        "@id": "way/359815405",
        "building": "public",
        "building:levels": "1",
        "building:material": "cement_block",
        "name": "FPA"
      },
      "geometry": {
        "type": "Polygon",
        "coordinates": [
          [
            [
              39.2014615,
              -6.7797286
            ],
            [
              39.2014958,
              -6.7797476
            ],
            [
              39.2015182,
              -6.7797076
            ],
            [
              39.2014839,
              -6.7796887
            ],
            [
              39.2014615,
              -6.7797286
            ]
          ]
        ]
      },
      "id": "way/359815405"
    },
    {
      "type": "Feature",
      "properties": {
        "@id": "way/359815414",
        "addr:street": "Chuo Kikuu",
        "building": "university",
        "building:levels": "6",
        "building:material": "cement_block",
        "name": "Institute of Resource Assessment",
        "office": "government"
      },
      "geometry": {
        "type": "Polygon",
        "coordinates": [
          [
            [
              39.2039289,
              -6.7794797
            ],
            [
              39.2039293,
              -6.7795592
            ],
            [
              39.2039423,
              -6.7795587
            ],
            [
              39.2039408,
              -6.7796575
            ],
            [
              39.203965,
              -6.7796799
            ],
            [
              39.2040278,
              -6.7796775
            ],
            [
              39.204029,
              -6.7793728
            ],
            [
              39.2039873,
              -6.7793731
            ],
            [
              39.2039894,
              -6.7793315
            ],
            [
              39.2039327,
              -6.7793308
            ],
            [
              39.2039347,
              -6.7793737
            ],
            [
              39.2038986,
              -6.779376
            ],
            [
              39.2038989,
              -6.7794805
            ],
            [
              39.2039289,
              -6.7794797
            ]
          ]
        ]
      },
      "id": "way/359815414"
    },
    {
      "type": "Feature",
      "properties": {
        "@id": "way/359815866",
        "addr:street": "Chuo Kikuu",
        "building": "university",
        "building:levels": "4",
        "building:material": "cement_block",
        "name": "Geography & Institute of Resource Assessment",
        "office": "government"
      },
      "geometry": {
        "type": "Polygon",
        "coordinates": [
          [
            [
              39.2040279,
              -6.7796008
            ],
            [
              39.2040267,
              -6.7797271
            ],
            [
              39.2044231,
              -6.7797306
            ],
            [
              39.2044242,
              -6.7796044
            ],
            [
              39.2040279,
              -6.7796008
            ]
          ]
        ]
      },
      "id": "way/359815866"
    },
    {
      "type": "Feature",
      "properties": {
        "@id": "way/359817886",
        "addr:housenumber": "113A",
        "addr:street": "Chuo Kikuu",
        "building": "university",
        "building:levels": "10",
        "building:material": "cement_block",
        "name": "College of Social Sciencies",
        "office": "government"
      },
      "geometry": {
        "type": "Polygon",
        "coordinates": [
          [
            [
              39.2034249,
              -6.7800526
            ],
            [
              39.2034224,
              -6.7802188
            ],
            [
              39.2035326,
              -6.7802204
            ],
            [
              39.2035351,
              -6.7800542
            ],
            [
              39.2034249,
              -6.7800526
            ]
          ]
        ]
      },
      "id": "way/359817886"
    },
    {
      "type": "Feature",
      "properties": {
        "@id": "way/359819172",
        "addr:city": "Dar es salaam",
        "addr:district": "Ubungo",
        "addr:municipality": "Ubungo",
        "addr:street": "Chuo Kikuu",
        "amenity": "college",
        "building": "university",
        "building:levels": "3",
        "building:material": "cement_block",
        "name": "College of Arts and Social Sciences"
      },
      "geometry": {
        "type": "Polygon",
        "coordinates": [
          [
            [
              39.2035663,
              -6.7799287
            ],
            [
              39.2035665,
              -6.7800156
            ],
            [
              39.204035,
              -6.7800149
            ],
            [
              39.2040349,
              -6.779928
            ],
            [
              39.2035663,
              -6.7799287
            ]
          ]
        ]
      },
      "id": "way/359819172"
    },
    {
      "type": "Feature",
      "properties": {
        "@id": "way/359819235",
        "building": "university",
        "building:levels": "4",
        "building:material": "cement_block",
        "name": "Block D"
      },
      "geometry": {
        "type": "Polygon",
        "coordinates": [
          [
            [
              39.2027254,
              -6.7761392
            ],
            [
              39.2027258,
              -6.7762055
            ],
            [
              39.2030044,
              -6.776204
            ],
            [
              39.203004,
              -6.7761377
            ],
            [
              39.2027254,
              -6.7761392
            ]
          ]
        ]
      },
      "id": "way/359819235"
    },
    {
      "type": "Feature",
      "properties": {
        "@id": "way/359819269",
        "addr:street": "Chuo Kikuu",
        "building": "university",
        "building:levels": "1",
        "building:material": "cement_block",
        "name": "School of Law",
        "office": "government"
      },
      "geometry": {
        "type": "Polygon",
        "coordinates": [
          [
            [
              39.2058803,
              -6.7799022
            ],
            [
              39.2058801,
              -6.779794
            ],
            [
              39.2053573,
              -6.7797951
            ],
            [
              39.2053575,
              -6.7799033
            ],
            [
              39.2058803,
              -6.7799022
            ]
          ]
        ]
      },
      "id": "way/359819269"
    },
    {
      "type": "Feature",
      "properties": {
        "@id": "way/359819655",
        "addr:city": "Dar es salaam",
        "addr:district": "Ubungo",
        "addr:municipality": "Ubungo",
        "amenity": "police",
        "building": "university",
        "building:levels": "1",
        "building:material": "brick",
        "name": "Auxiliary Police Post",
        "office": "yes"
      },
      "geometry": {
        "type": "Polygon",
        "coordinates": [
          [
            [
              39.2067425,
              -6.7846106
            ],
            [
              39.2067407,
              -6.7846683
            ],
            [
              39.206797,
              -6.78467
            ],
            [
              39.2067987,
              -6.7846123
            ],
            [
              39.2067425,
              -6.7846106
            ]
          ]
        ]
      },
      "id": "way/359819655"
    },
    {
      "type": "Feature",
      "properties": {
        "@id": "way/359819687",
        "addr:housenumber": "113C",
        "addr:street": "Chuo Kikuu",
        "building": "university",
        "building:levels": "1",
        "building:material": "cement_block",
        "name": "College of Arts and Social Sciences",
        "office": "government"
      },
      "geometry": {
        "type": "Polygon",
        "coordinates": [
          [
            [
              39.2039252,
              -6.7800314
            ],
            [
              39.2038914,
              -6.7800311
            ],
            [
              39.203891,
              -6.7800677
            ],
            [
              39.2038676,
              -6.7800675
            ],
            [
              39.2038664,
              -6.7802037
            ],
            [
              39.2038924,
              -6.7802039
            ],
            [
              39.2038921,
              -6.7802303
            ],
            [
              39.2039297,
              -6.7802306
            ],
            [
              39.20393,
              -6.7802009
            ],
            [
              39.2039575,
              -6.7802012
            ],
            [
              39.2039587,
              -6.7800677
            ],
            [
              39.2039249,
              -6.7800674
            ],
            [
              39.2039252,
              -6.7800314
            ]
          ]
        ]
      },
      "id": "way/359819687"
    },
    {
      "type": "Feature",
      "properties": {
        "@id": "way/359820795",
        "addr:city": "Dar es salaam",
        "addr:district": "Ubungo",
        "addr:municipality": "Ubungo",
        "addr:street": "Chuo Kikuu",
        "amenity": "library",
        "building": "university",
        "building:levels": "3",
        "building:material": "cement_block",
        "name": "Maktaba"
      },
      "geometry": {
        "type": "Polygon",
        "coordinates": [
          [
            [
              39.204895,
              -6.7800141
            ],
            [
              39.2048976,
              -6.7802939
            ],
            [
              39.2058822,
              -6.780285
            ],
            [
              39.2058796,
              -6.7800052
            ],
            [
              39.204895,
              -6.7800141
            ]
          ]
        ]
      },
      "id": "way/359820795"
    },
    {
      "type": "Feature",
      "properties": {
        "@id": "way/359821108",
        "addr:street": "Chuo Kikuu",
        "building": "university",
        "building:levels": "1",
        "building:material": "cement_block",
        "name": "ATB",
        "office": "government"
      },
      "geometry": {
        "type": "Polygon",
        "coordinates": [
          [
            [
              39.2036696,
              -6.7801937
            ],
            [
              39.2036701,
              -6.7800594
            ],
            [
              39.2035734,
              -6.780059
            ],
            [
              39.2035728,
              -6.7801958
            ],
            [
              39.2036052,
              -6.7801959
            ],
            [
              39.2036051,
              -6.7802216
            ],
            [
              39.2036516,
              -6.7802218
            ],
            [
              39.2036517,
              -6.7801937
            ],
            [
              39.2036696,
              -6.7801937
            ]
          ]
        ]
      },
      "id": "way/359821108"
    },
    {
      "type": "Feature",
      "properties": {
        "@id": "way/359821655",
        "addr:city": "Dar es salaam",
        "addr:district": "Ubungo",
        "addr:municipality": "Ubungo",
        "addr:street": "Changanyikeni",
        "amenity": "fuel",
        "building": "utility",
        "building:levels": "1",
        "building:material": "cement_block"
      },
      "geometry": {
        "type": "Polygon",
        "coordinates": [
          [
            [
              39.2003457,
              -6.7801553
            ],
            [
              39.2003174,
              -6.7802412
            ],
            [
              39.2003699,
              -6.7802583
            ],
            [
              39.2003983,
              -6.7801724
            ],
            [
              39.2003457,
              -6.7801553
            ]
          ]
        ]
      },
      "id": "way/359821655"
    },
    {
      "type": "Feature",
      "properties": {
        "@id": "way/359821752",
        "building": "university",
        "building:levels": "4",
        "building:material": "cement_block",
        "name": "Department of Philosophy and Religious Studies",
        "office": "yes"
      },
      "geometry": {
        "type": "Polygon",
        "coordinates": [
          [
            [
              39.2013433,
              -6.7778516
            ],
            [
              39.201327,
              -6.7778899
            ],
            [
              39.2013492,
              -6.7779235
            ],
            [
              39.2014472,
              -6.7778733
            ],
            [
              39.2014547,
              -6.7778819
            ],
            [
              39.2014708,
              -6.777848
            ],
            [
              39.2015057,
              -6.7778586
            ],
            [
              39.2015182,
              -6.777823
            ],
            [
              39.2014828,
              -6.777812
            ],
            [
              39.2014923,
              -6.7777791
            ],
            [
              39.2014795,
              -6.7777747
            ],
            [
              39.2014373,
              -6.7776835
            ],
            [
              39.2013927,
              -6.7777095
            ],
            [
              39.2013794,
              -6.7777466
            ],
            [
              39.2013665,
              -6.7777403
            ],
            [
              39.2013317,
              -6.7778456
            ],
            [
              39.2013433,
              -6.7778516
            ]
          ]
        ]
      },
      "id": "way/359821752"
    },
    {
      "type": "Feature",
      "properties": {
        "@id": "way/359821753",
        "building": "university",
        "building:levels": "2",
        "building:material": "cement_block",
        "name": "Yombo 4"
      },
      "geometry": {
        "type": "Polygon",
        "coordinates": [
          [
            [
              39.201489,
              -6.777523
            ],
            [
              39.2014384,
              -6.7776827
            ],
            [
              39.2014802,
              -6.7777713
            ],
            [
              39.2016466,
              -6.7778236
            ],
            [
              39.2017455,
              -6.7777695
            ],
            [
              39.2018078,
              -6.7776126
            ],
            [
              39.2017584,
              -6.7775084
            ],
            [
              39.2017649,
              -6.7774864
            ],
            [
              39.2016602,
              -6.7774611
            ],
            [
              39.2016529,
              -6.7774864
            ],
            [
              39.2015878,
              -6.7774704
            ],
            [
              39.201489,
              -6.777523
            ]
          ]
        ]
      },
      "id": "way/359821753"
    },
    {
      "type": "Feature",
      "properties": {
        "@id": "way/359821754",
        "building": "university",
        "building:levels": "2",
        "building:material": "cement_block",
        "name": "Yombo 5"
      },
      "geometry": {
        "type": "Polygon",
        "coordinates": [
          [
            [
              39.2013102,
              -6.7780906
            ],
            [
              39.2013616,
              -6.7782001
            ],
            [
              39.2015117,
              -6.7782598
            ],
            [
              39.2016271,
              -6.7782014
            ],
            [
              39.2016575,
              -6.7780315
            ],
            [
              39.2016065,
              -6.7779327
            ],
            [
              39.2014537,
              -6.7778846
            ],
            [
              39.2014463,
              -6.7778756
            ],
            [
              39.2013491,
              -6.7779256
            ],
            [
              39.2013548,
              -6.7779378
            ],
            [
              39.2013102,
              -6.7780906
            ]
          ]
        ]
      },
      "id": "way/359821754"
    },
    {
      "type": "Feature",
      "properties": {
        "@id": "way/359821755",
        "addr:city": "Dar es salaam",
        "addr:district": "Ubungo",
        "addr:municipality": "Ubungo",
        "amenity": "cafe",
        "building": "university",
        "building:levels": "1",
        "building:material": "cement_block",
        "name": "Yombo Cafeteria"
      },
      "geometry": {
        "type": "Polygon",
        "coordinates": [
          [
            [
              39.2013015,
              -6.7765787
            ],
            [
              39.201256,
              -6.7766972
            ],
            [
              39.2012223,
              -6.7766845
            ],
            [
              39.2011835,
              -6.7767856
            ],
            [
              39.2013222,
              -6.7768381
            ],
            [
              39.2013394,
              -6.7767933
            ],
            [
              39.2014214,
              -6.7768243
            ],
            [
              39.2014718,
              -6.7766932
            ],
            [
              39.2013884,
              -6.7766616
            ],
            [
              39.2014051,
              -6.7766179
            ],
            [
              39.2013015,
              -6.7765787
            ]
          ]
        ]
      },
      "id": "way/359821755"
    },
    {
      "type": "Feature",
      "properties": {
        "@id": "way/359822460",
        "addr:city": "Dar es salaam",
        "addr:district": "Ubungo",
        "addr:municipality": "Ubungo",
        "addr:street": "Chuo Kikuu",
        "building": "hospital",
        "building:levels": "2",
        "building:material": "cement_block",
        "name": "University Health Centre"
      },
      "geometry": {
        "type": "Polygon",
        "coordinates": [
          [
            [
              39.2082326,
              -6.7788926
            ],
            [
              39.2080205,
              -6.77889
            ],
            [
              39.2080189,
              -6.7790141
            ],
            [
              39.2083307,
              -6.7790226
            ],
            [
              39.2083311,
              -6.7788939
            ],
            [
              39.2082614,
              -6.7788908
            ],
            [
              39.2082618,
              -6.7787725
            ],
            [
              39.2082752,
              -6.7787718
            ],
            [
              39.20829,
              -6.7787635
            ],
            [
              39.2083009,
              -6.7787807
            ],
            [
              39.2084211,
              -6.7787083
            ],
            [
              39.2084286,
              -6.7787206
            ],
            [
              39.2084762,
              -6.778691
            ],
            [
              39.2084143,
              -6.7785863
            ],
            [
              39.2082692,
              -6.7786723
            ],
            [
              39.2082797,
              -6.7786923
            ],
            [
              39.2082702,
              -6.7786988
            ],
            [
              39.2082585,
              -6.7787059
            ],
            [
              39.2082467,
              -6.7787069
            ],
            [
              39.2082357,
              -6.7787046
            ],
            [
              39.2082191,
              -6.7786923
            ],
            [
              39.2082303,
              -6.7786701
            ],
            [
              39.2081343,
              -6.7786119
            ],
            [
              39.2080759,
              -6.778702
            ],
            [
              39.2081948,
              -6.7787782
            ],
            [
              39.2082058,
              -6.7787614
            ],
            [
              39.2082202,
              -6.7787698
            ],
            [
              39.2082342,
              -6.7787723
            ],
            [
              39.2082326,
              -6.7788926
            ]
          ]
        ]
      },
      "id": "way/359822460"
    },
    {
      "type": "Feature",
      "properties": {
        "@id": "way/359822780",
        "access": "yes",
        "addr:city": "Dar es salaam",
        "addr:district": "Ubungo",
        "addr:municipality": "Ubungo",
        "amenity": "parking_space",
        "building": "yes",
        "capacity": "6",
        "name": "Swiming Pool Parking",
        "parking": "surface",
        "smoothness": "good",
        "surface": "paved"
      },
      "geometry": {
        "type": "Polygon",
        "coordinates": [
          [
            [
              39.2080087,
              -6.7800449
            ],
            [
              39.208008,
              -6.7800804
            ],
            [
              39.2080072,
              -6.7801256
            ],
            [
              39.208164,
              -6.7801285
            ],
            [
              39.2082395,
              -6.7801299
            ],
            [
              39.208241,
              -6.7800492
            ],
            [
              39.2081522,
              -6.7800476
            ],
            [
              39.2080087,
              -6.7800449
            ]
          ]
        ]
      },
      "id": "way/359822780"
    },
    {
      "type": "Feature",
      "properties": {
        "@id": "way/359822972",
        "building": "university",
        "building:levels": "1",
        "building:material": "concrete",
        "name": "Lecture Rooms"
      },
      "geometry": {
        "type": "Polygon",
        "coordinates": [
          [
            [
              39.2022857,
              -6.776988
            ],
            [
              39.202283,
              -6.7772067
            ],
            [
              39.2025673,
              -6.7772101
            ],
            [
              39.20257,
              -6.7769914
            ],
            [
              39.2022857,
              -6.776988
            ]
          ]
        ]
      },
      "id": "way/359822972"
    },
    {
      "type": "Feature",
      "properties": {
        "@id": "way/359822980",
        "addr:street": "Chuo Kikuu",
        "building": "university",
        "building:levels": "1",
        "building:material": "cement_block",
        "name": "College of Social Sciencies",
        "office": "government"
      },
      "geometry": {
        "type": "Polygon",
        "coordinates": [
          [
            [
              39.2038626,
              -6.7798064
            ],
            [
              39.2038668,
              -6.7795486
            ],
            [
              39.2035984,
              -6.7795442
            ],
            [
              39.2035942,
              -6.779802
            ],
            [
              39.2038626,
              -6.7798064
            ]
          ]
        ]
      },
      "id": "way/359822980"
    },
    {
      "type": "Feature",
      "properties": {
        "@id": "way/359823593",
        "addr:city": "Dar es salaam",
        "addr:district": "Ubungo",
        "addr:municipality": "Ubungo",
        "addr:street": "University Road",
        "amenity": "atm",
        "building": "commercial",
        "building:levels": "2",
        "building:material": "cement_block",
        "government": "education",
        "name": "University Book Shop",
        "office": "government",
        "shop": "books"
      },
      "geometry": {
        "type": "Polygon",
        "coordinates": [
          [
            [
              39.2063314,
              -6.7786088
            ],
            [
              39.2063291,
              -6.7787273
            ],
            [
              39.2063287,
              -6.7787483
            ],
            [
              39.2062682,
              -6.7787472
            ],
            [
              39.2062676,
              -6.7787799
            ],
            [
              39.2062665,
              -6.7788351
            ],
            [
              39.2063246,
              -6.7788362
            ],
            [
              39.206325,
              -6.7788107
            ],
            [
              39.2063813,
              -6.7788118
            ],
            [
              39.2063803,
              -6.7788637
            ],
            [
              39.2065021,
              -6.778866
            ],
            [
              39.2065033,
              -6.7788037
            ],
            [
              39.2064661,
              -6.778803
            ],
            [
              39.2064681,
              -6.778696
            ],
            [
              39.2064697,
              -6.7786114
            ],
            [
              39.2063314,
              -6.7786088
            ]
          ]
        ]
      },
      "id": "way/359823593"
    },
    {
      "type": "Feature",
      "properties": {
        "@id": "way/359823963",
        "addr:street": "Chuo Kikuu",
        "building": "university",
        "building:levels": "3",
        "building:material": "cement_block",
        "name": "Institute of Kiswahili",
        "office": "government"
      },
      "geometry": {
        "type": "Polygon",
        "coordinates": [
          [
            [
              39.2041256,
              -6.7791747
            ],
            [
              39.204125,
              -6.7792796
            ],
            [
              39.2048178,
              -6.7792831
            ],
            [
              39.2048183,
              -6.7791782
            ],
            [
              39.2041256,
              -6.7791747
            ]
          ]
        ]
      },
      "id": "way/359823963"
    },
    {
      "type": "Feature",
      "properties": {
        "@id": "way/359827627",
        "addr:housenumber": "1",
        "addr:street": "Sinza",
        "building": "residential",
        "building:levels": "1",
        "building:material": "cement_block"
      },
      "geometry": {
        "type": "Polygon",
        "coordinates": [
          [
            [
              39.2104916,
              -6.7744066
            ],
            [
              39.2104938,
              -6.7744671
            ],
            [
              39.2103942,
              -6.7744707
            ],
            [
              39.2103965,
              -6.7745346
            ],
            [
              39.2105042,
              -6.7745308
            ],
            [
              39.2105055,
              -6.7745661
            ],
            [
              39.2106324,
              -6.7745616
            ],
            [
              39.2106287,
              -6.7744601
            ],
            [
              39.2105979,
              -6.7744612
            ],
            [
              39.2105958,
              -6.7744029
            ],
            [
              39.2104916,
              -6.7744066
            ]
          ]
        ]
      },
      "id": "way/359827627"
    },
    {
      "type": "Feature",
      "properties": {
        "@id": "way/359869949",
        "addr:city": "Dar es salaam",
        "addr:district": "Ubungo",
        "addr:municipality": "Ubungo",
        "addr:street": "Chuo Kikuu",
        "amenity": "parking",
        "building": "yes"
      },
      "geometry": {
        "type": "Polygon",
        "coordinates": [
          [
            [
              39.2048877,
              -6.7803055
            ],
            [
              39.2048958,
              -6.7804669
            ],
            [
              39.2050005,
              -6.7804617
            ],
            [
              39.2050759,
              -6.7804579
            ],
            [
              39.2050678,
              -6.7802966
            ],
            [
              39.2048877,
              -6.7803055
            ]
          ]
        ]
      },
      "id": "way/359869949"
    },
    {
      "type": "Feature",
      "properties": {
        "@id": "way/359869951",
        "building": "public",
        "building:levels": "3",
        "building:material": "concrete",
        "name": "Botany Department",
        "office": "government"
      },
      "geometry": {
        "type": "Polygon",
        "coordinates": [
          [
            [
              39.2057725,
              -6.7810786
            ],
            [
              39.2057769,
              -6.780907
            ],
            [
              39.2053015,
              -6.7808951
            ],
            [
              39.2052977,
              -6.7810446
            ],
            [
              39.2056264,
              -6.7810528
            ],
            [
              39.2056274,
              -6.7810118
            ],
            [
              39.2056475,
              -6.7810123
            ],
            [
              39.2056459,
              -6.7810754
            ],
            [
              39.2057725,
              -6.7810786
            ]
          ]
        ]
      },
      "id": "way/359869951"
    },
    {
      "type": "Feature",
      "properties": {
        "@id": "way/359869953",
        "addr:street": "Chuo Kikuu",
        "building": "public",
        "building:levels": "2",
        "building:material": "cement_block",
        "contact:email": "cvl@udsm.ac.tz",
        "contact:phone": "255 (22) 2410758",
        "name": "Centre for Virtual Learning",
        "website": "http://www.cvl.udsm.ac.tz"
      },
      "geometry": {
        "type": "Polygon",
        "coordinates": [
          [
            [
              39.2038136,
              -6.7810739
            ],
            [
              39.2038135,
              -6.781129
            ],
            [
              39.2040306,
              -6.7811295
            ],
            [
              39.2040306,
              -6.7810743
            ],
            [
              39.2038136,
              -6.7810739
            ]
          ]
        ]
      },
      "id": "way/359869953"
    },
    {
      "type": "Feature",
      "properties": {
        "@id": "way/359869954",
        "addr:street": "Chuo Kikuu",
        "building": "public",
        "building:levels": "1",
        "building:material": "wood",
        "name": "Demographic Training Unit"
      },
      "geometry": {
        "type": "Polygon",
        "coordinates": [
          [
            [
              39.2053396,
              -6.7806347
            ],
            [
              39.2053379,
              -6.7807323
            ],
            [
              39.2054981,
              -6.780735
            ],
            [
              39.2054997,
              -6.7806374
            ],
            [
              39.2053396,
              -6.7806347
            ]
          ]
        ]
      },
      "id": "way/359869954"
    },
    {
      "type": "Feature",
      "properties": {
        "@id": "way/359869955",
        "building": "public",
        "building:levels": "3",
        "building:material": "cement_block",
        "name": "Department of Zoology and Wildlife Conservation",
        "office": "government"
      },
      "geometry": {
        "type": "Polygon",
        "coordinates": [
          [
            [
              39.2049875,
              -6.7809607
            ],
            [
              39.2046369,
              -6.7809634
            ],
            [
              39.2046381,
              -6.7811159
            ],
            [
              39.2049887,
              -6.7811133
            ],
            [
              39.2049875,
              -6.7809607
            ]
          ]
        ]
      },
      "id": "way/359869955"
    },
    {
      "type": "Feature",
      "properties": {
        "@id": "way/359869956",
        "addr:street": "Chuo Kikuu",
        "building": "commercial",
        "building:levels": "1",
        "building:material": "wood",
        "name": "Fedex Service Centre"
      },
      "geometry": {
        "type": "Polygon",
        "coordinates": [
          [
            [
              39.205307,
              -6.7806566
            ],
            [
              39.205306,
              -6.7806013
            ],
            [
              39.2052351,
              -6.7806025
            ],
            [
              39.205236,
              -6.7806578
            ],
            [
              39.205307,
              -6.7806566
            ]
          ]
        ]
      },
      "id": "way/359869956"
    },
    {
      "type": "Feature",
      "properties": {
        "@id": "way/359869958",
        "addr:street": "Chuo Kikuu",
        "building": "public",
        "building:levels": "4",
        "building:material": "cement_block",
        "name": "Geology Department"
      },
      "geometry": {
        "type": "Polygon",
        "coordinates": [
          [
            [
              39.2060656,
              -6.7810445
            ],
            [
              39.2064563,
              -6.7810541
            ],
            [
              39.2064595,
              -6.7809232
            ],
            [
              39.2062988,
              -6.7809193
            ],
            [
              39.2060688,
              -6.7809136
            ],
            [
              39.2060656,
              -6.7810445
            ]
          ]
        ]
      },
      "id": "way/359869958"
    },
    {
      "type": "Feature",
      "properties": {
        "@id": "way/359869959",
        "addr:street": "Chuo Kikuu",
        "building": "public",
        "building:levels": "3",
        "building:material": "cement_block",
        "name": "Idara ya Fizikia",
        "office": "government"
      },
      "geometry": {
        "type": "Polygon",
        "coordinates": [
          [
            [
              39.2033132,
              -6.7811322
            ],
            [
              39.2033131,
              -6.7812331
            ],
            [
              39.2035294,
              -6.7812333
            ],
            [
              39.2035294,
              -6.7812474
            ],
            [
              39.2037082,
              -6.7812476
            ],
            [
              39.2037083,
              -6.7811533
            ],
            [
              39.2035492,
              -6.7811532
            ],
            [
              39.2035492,
              -6.7811324
            ],
            [
              39.2033132,
              -6.7811322
            ]
          ]
        ]
      },
      "id": "way/359869959"
    },
    {
      "type": "Feature",
      "properties": {
        "@id": "way/359869960",
        "addr:street": "Chuo Kikuu",
        "building": "public",
        "building:levels": "3",
        "building:material": "cement_block",
        "name": "Mathematics Department",
        "office": "government"
      },
      "geometry": {
        "type": "Polygon",
        "coordinates": [
          [
            [
              39.2029031,
              -6.7811195
            ],
            [
              39.2029048,
              -6.7814274
            ],
            [
              39.2030161,
              -6.7814269
            ],
            [
              39.2030145,
              -6.7811189
            ],
            [
              39.2029031,
              -6.7811195
            ]
          ]
        ]
      },
      "id": "way/359869960"
    },
    {
      "type": "Feature",
      "properties": {
        "@id": "way/359869961",
        "addr:street": "Chuo Kikuu",
        "building": "public",
        "building:levels": "1",
        "building:material": "cement_block",
        "name": "Mlimani Saccos",
        "office": "government"
      },
      "geometry": {
        "type": "Polygon",
        "coordinates": [
          [
            [
              39.2055449,
              -6.7806507
            ],
            [
              39.2055432,
              -6.7807092
            ],
            [
              39.2057333,
              -6.7807147
            ],
            [
              39.205735,
              -6.7806562
            ],
            [
              39.2055449,
              -6.7806507
            ]
          ]
        ]
      },
      "id": "way/359869961"
    },
    {
      "type": "Feature",
      "properties": {
        "@id": "way/359869963",
        "building": "public",
        "building:levels": "1",
        "building:material": "cement_block",
        "government": "education",
        "name": "Thieta ya Mihadhara ya Sayansi",
        "office": "government"
      },
      "geometry": {
        "type": "Polygon",
        "coordinates": [
          [
            [
              39.2043977,
              -6.7811283
            ],
            [
              39.2044014,
              -6.7812544
            ],
            [
              39.2044294,
              -6.7812536
            ],
            [
              39.2044306,
              -6.7812943
            ],
            [
              39.2044065,
              -6.781295
            ],
            [
              39.2044102,
              -6.7814199
            ],
            [
              39.2045404,
              -6.7814161
            ],
            [
              39.2045367,
              -6.7812925
            ],
            [
              39.2045044,
              -6.7812935
            ],
            [
              39.2045033,
              -6.7812555
            ],
            [
              39.2045207,
              -6.781255
            ],
            [
              39.204517,
              -6.7811298
            ],
            [
              39.2044949,
              -6.7811305
            ],
            [
              39.2044941,
              -6.7811034
            ],
            [
              39.2044077,
              -6.7811059
            ],
            [
              39.2044084,
              -6.781128
            ],
            [
              39.2043977,
              -6.7811283
            ]
          ]
        ]
      },
      "id": "way/359869963"
    },
    {
      "type": "Feature",
      "properties": {
        "@id": "way/359869964",
        "building": "commercial",
        "building:levels": "1",
        "building:material": "wood"
      },
      "geometry": {
        "type": "Polygon",
        "coordinates": [
          [
            [
              39.2053319,
              -6.7806069
            ],
            [
              39.2053934,
              -6.7806052
            ],
            [
              39.2053918,
              -6.7805467
            ],
            [
              39.2053303,
              -6.7805483
            ],
            [
              39.2053319,
              -6.7806069
            ]
          ]
        ]
      },
      "id": "way/359869964"
    },
    {
      "type": "Feature",
      "properties": {
        "@id": "way/359965201",
        "addr:housenumber": "13",
        "addr:street": "Sinza",
        "building": "residential",
        "building:levels": "2",
        "building:material": "cement_block"
      },
      "geometry": {
        "type": "Polygon",
        "coordinates": [
          [
            [
              39.2089917,
              -6.7763554
            ],
            [
              39.2089886,
              -6.7764687
            ],
            [
              39.2090834,
              -6.7764712
            ],
            [
              39.2090865,
              -6.7763579
            ],
            [
              39.2089917,
              -6.7763554
            ]
          ]
        ]
      },
      "id": "way/359965201"
    },
    {
      "type": "Feature",
      "properties": {
        "@id": "way/359965550",
        "addr:housenumber": "1-6",
        "addr:street": "Sinza",
        "building": "residential",
        "building:levels": "4",
        "building:material": "cement_block"
      },
      "geometry": {
        "type": "Polygon",
        "coordinates": [
          [
            [
              39.2088815,
              -6.7774687
            ],
            [
              39.2088813,
              -6.7775277
            ],
            [
              39.2092011,
              -6.7775289
            ],
            [
              39.2092014,
              -6.7774698
            ],
            [
              39.2088815,
              -6.7774687
            ]
          ]
        ]
      },
      "id": "way/359965550"
    },
    {
      "type": "Feature",
      "properties": {
        "@id": "way/359965551",
        "addr:street": "Chuo Kikuu",
        "building": "residential",
        "building:levels": "5",
        "building:material": "cement_block"
      },
      "geometry": {
        "type": "Polygon",
        "coordinates": [
          [
            [
              39.2086333,
              -6.777134
            ],
            [
              39.2083145,
              -6.7771357
            ],
            [
              39.2083148,
              -6.7771849
            ],
            [
              39.2086336,
              -6.7771832
            ],
            [
              39.2086333,
              -6.777134
            ]
          ]
        ]
      },
      "id": "way/359965551"
    },
    {
      "type": "Feature",
      "properties": {
        "@id": "way/359965552",
        "addr:housenumber": "2",
        "addr:street": "Sinza",
        "building": "residential",
        "building:levels": "1",
        "building:material": "cement_block"
      },
      "geometry": {
        "type": "Polygon",
        "coordinates": [
          [
            [
              39.210997,
              -6.7748679
            ],
            [
              39.2108697,
              -6.7748683
            ],
            [
              39.2108698,
              -6.77492
            ],
            [
              39.2107657,
              -6.7749203
            ],
            [
              39.210766,
              -6.774989
            ],
            [
              39.2108592,
              -6.7749887
            ],
            [
              39.2108594,
              -6.7750293
            ],
            [
              39.2109848,
              -6.7750289
            ],
            [
              39.2109846,
              -6.7749679
            ],
            [
              39.2109581,
              -6.774968
            ],
            [
              39.2109579,
              -6.7749306
            ],
            [
              39.2109972,
              -6.7749305
            ],
            [
              39.210997,
              -6.7748679
            ]
          ]
        ]
      },
      "id": "way/359965552"
    },
    {
      "type": "Feature",
      "properties": {
        "@id": "way/359965553",
        "addr:street": "Chuo Kikuu",
        "building": "residential",
        "building:levels": "4",
        "building:material": "cement_block"
      },
      "geometry": {
        "type": "Polygon",
        "coordinates": [
          [
            [
              39.2080298,
              -6.7774721
            ],
            [
              39.2080307,
              -6.7775255
            ],
            [
              39.2083443,
              -6.7775206
            ],
            [
              39.2083435,
              -6.7774673
            ],
            [
              39.2080298,
              -6.7774721
            ]
          ]
        ]
      },
      "id": "way/359965553"
    },
    {
      "type": "Feature",
      "properties": {
        "@id": "way/359965554",
        "addr:housenumber": "3",
        "addr:street": "Sinza",
        "building": "residential",
        "building:levels": "1",
        "building:material": "cement_block"
      },
      "geometry": {
        "type": "Polygon",
        "coordinates": [
          [
            [
              39.2102028,
              -6.774721
            ],
            [
              39.2102048,
              -6.7747701
            ],
            [
              39.2101062,
              -6.774774
            ],
            [
              39.2101084,
              -6.7748285
            ],
            [
              39.2102074,
              -6.7748246
            ],
            [
              39.2102092,
              -6.774871
            ],
            [
              39.2103331,
              -6.7748661
            ],
            [
              39.2103311,
              -6.774817
            ],
            [
              39.2103256,
              -6.7748173
            ],
            [
              39.2103238,
              -6.7747725
            ],
            [
              39.2103445,
              -6.7747717
            ],
            [
              39.2103422,
              -6.7747155
            ],
            [
              39.2102028,
              -6.774721
            ]
          ]
        ]
      },
      "id": "way/359965554"
    },
    {
      "type": "Feature",
      "properties": {
        "@id": "way/359965555",
        "addr:housenumber": "30-34",
        "addr:street": "Chuo Kikuu",
        "building": "residential",
        "building:levels": "4",
        "building:material": "cement_block"
      },
      "geometry": {
        "type": "Polygon",
        "coordinates": [
          [
            [
              39.2077805,
              -6.7779471
            ],
            [
              39.2077808,
              -6.777998
            ],
            [
              39.2081792,
              -6.7779953
            ],
            [
              39.2081788,
              -6.7779444
            ],
            [
              39.2077805,
              -6.7779471
            ]
          ]
        ]
      },
      "id": "way/359965555"
    },
    {
      "type": "Feature",
      "properties": {
        "@id": "way/359965556",
        "addr:housenumber": "4",
        "addr:street": "Sinza",
        "building": "residential",
        "building:levels": "1",
        "building:material": "brick"
      },
      "geometry": {
        "type": "Polygon",
        "coordinates": [
          [
            [
              39.2105189,
              -6.7752202
            ],
            [
              39.2105179,
              -6.7752936
            ],
            [
              39.2106227,
              -6.775295
            ],
            [
              39.2106221,
              -6.7753394
            ],
            [
              39.2107411,
              -6.7753411
            ],
            [
              39.2107421,
              -6.7752732
            ],
            [
              39.2107174,
              -6.7752728
            ],
            [
              39.210718,
              -6.7752311
            ],
            [
              39.2107532,
              -6.7752316
            ],
            [
              39.2107539,
              -6.7751849
            ],
            [
              39.2106217,
              -6.7751831
            ],
            [
              39.2106212,
              -6.7752216
            ],
            [
              39.2105189,
              -6.7752202
            ]
          ]
        ]
      },
      "id": "way/359965556"
    },
    {
      "type": "Feature",
      "properties": {
        "@id": "way/359965557",
        "addr:housenumber": "5",
        "addr:street": "Sinza",
        "building": "residential",
        "building:levels": "2",
        "building:material": "cement_block"
      },
      "geometry": {
        "type": "Polygon",
        "coordinates": [
          [
            [
              39.2100081,
              -6.7750963
            ],
            [
              39.2100085,
              -6.7751961
            ],
            [
              39.210096,
              -6.7751957
            ],
            [
              39.2100956,
              -6.7750959
            ],
            [
              39.2100081,
              -6.7750963
            ]
          ]
        ]
      },
      "id": "way/359965557"
    },
    {
      "type": "Feature",
      "properties": {
        "@id": "way/359965558",
        "addr:housenumber": "6",
        "addr:street": "Sinza",
        "building": "residential",
        "building:levels": "1",
        "building:material": "cement_block"
      },
      "geometry": {
        "type": "Polygon",
        "coordinates": [
          [
            [
              39.2102581,
              -6.7755461
            ],
            [
              39.2102572,
              -6.7756083
            ],
            [
              39.210346,
              -6.7756095
            ],
            [
              39.2103456,
              -6.7756423
            ],
            [
              39.2104712,
              -6.7756441
            ],
            [
              39.2104719,
              -6.7755963
            ],
            [
              39.2104509,
              -6.775596
            ],
            [
              39.2104514,
              -6.7755585
            ],
            [
              39.2104868,
              -6.775559
            ],
            [
              39.2104877,
              -6.775496
            ],
            [
              39.2103652,
              -6.7754943
            ],
            [
              39.2103644,
              -6.7755476
            ],
            [
              39.2102581,
              -6.7755461
            ]
          ]
        ]
      },
      "id": "way/359965558"
    },
    {
      "type": "Feature",
      "properties": {
        "@id": "way/359965559",
        "addr:housenumber": "7",
        "addr:street": "Sinza",
        "building": "residential",
        "building:levels": "2",
        "building:material": "cement_block"
      },
      "geometry": {
        "type": "Polygon",
        "coordinates": [
          [
            [
              39.2097583,
              -6.7754075
            ],
            [
              39.2097587,
              -6.7755085
            ],
            [
              39.2098451,
              -6.7755082
            ],
            [
              39.2098447,
              -6.7754072
            ],
            [
              39.2097583,
              -6.7754075
            ]
          ]
        ]
      },
      "id": "way/359965559"
    },
    {
      "type": "Feature",
      "properties": {
        "@id": "way/359965560",
        "addr:housenumber": "7-12",
        "addr:street": "Sinza",
        "building": "residential",
        "building:levels": "4",
        "building:material": "cement_block"
      },
      "geometry": {
        "type": "Polygon",
        "coordinates": [
          [
            [
              39.2085912,
              -6.7778627
            ],
            [
              39.2085919,
              -6.7779134
            ],
            [
              39.208909,
              -6.777909
            ],
            [
              39.2089083,
              -6.7778609
            ],
            [
              39.2087891,
              -6.7778625
            ],
            [
              39.2087887,
              -6.7778305
            ],
            [
              39.2087183,
              -6.7778315
            ],
            [
              39.2087187,
              -6.7778609
            ],
            [
              39.2085912,
              -6.7778627
            ]
          ]
        ]
      },
      "id": "way/359965560"
    },
    {
      "type": "Feature",
      "properties": {
        "@id": "way/359969351",
        "addr:housenumber": "13-18",
        "addr:street": "Sinza",
        "building": "residential",
        "building:levels": "5",
        "building:material": "cement_block"
      },
      "geometry": {
        "type": "Polygon",
        "coordinates": [
          [
            [
              39.2083217,
              -6.77832
            ],
            [
              39.2083222,
              -6.7783719
            ],
            [
              39.2086409,
              -6.7783686
            ],
            [
              39.2086404,
              -6.7783167
            ],
            [
              39.2083217,
              -6.77832
            ]
          ]
        ]
      },
      "id": "way/359969351"
    },
    {
      "type": "Feature",
      "properties": {
        "@id": "way/359984567",
        "addr:housenumber": "12",
        "addr:street": "Sinza",
        "building": "residential",
        "building:levels": "1",
        "building:material": "cement_block"
      },
      "geometry": {
        "type": "Polygon",
        "coordinates": [
          [
            [
              39.2097452,
              -6.7764432
            ],
            [
              39.2096133,
              -6.7764453
            ],
            [
              39.2096141,
              -6.7764907
            ],
            [
              39.2094988,
              -6.7764926
            ],
            [
              39.2095001,
              -6.7765672
            ],
            [
              39.2096111,
              -6.7765654
            ],
            [
              39.2096118,
              -6.776606
            ],
            [
              39.2097651,
              -6.7766035
            ],
            [
              39.209764,
              -6.7765408
            ],
            [
              39.2097091,
              -6.7765417
            ],
            [
              39.2097084,
              -6.7765018
            ],
            [
              39.2097461,
              -6.7765012
            ],
            [
              39.2097452,
              -6.7764432
            ]
          ]
        ]
      },
      "id": "way/359984567"
    },
    {
      "type": "Feature",
      "properties": {
        "@id": "way/359985317",
        "addr:housenumber": "11",
        "addr:street": "Sinza",
        "building": "residential",
        "building:levels": "2",
        "building:material": "cement_block"
      },
      "geometry": {
        "type": "Polygon",
        "coordinates": [
          [
            [
              39.2093683,
              -6.7760302
            ],
            [
              39.2092454,
              -6.7760328
            ],
            [
              39.209249,
              -6.7762012
            ],
            [
              39.2092977,
              -6.7762002
            ],
            [
              39.2092964,
              -6.7761429
            ],
            [
              39.2093708,
              -6.7761413
            ],
            [
              39.2093683,
              -6.7760302
            ]
          ]
        ]
      },
      "id": "way/359985317"
    },
    {
      "type": "Feature",
      "properties": {
        "@id": "way/359985318",
        "addr:housenumber": "9",
        "addr:street": "Sinza",
        "building": "residential",
        "building:levels": "2",
        "building:material": "cement_block"
      },
      "geometry": {
        "type": "Polygon",
        "coordinates": [
          [
            [
              39.2095931,
              -6.7757283
            ],
            [
              39.209511,
              -6.7757304
            ],
            [
              39.2095136,
              -6.7758281
            ],
            [
              39.2095956,
              -6.775826
            ],
            [
              39.2095931,
              -6.7757283
            ]
          ]
        ]
      },
      "id": "way/359985318"
    },
    {
      "type": "Feature",
      "properties": {
        "@id": "way/360691659",
        "addr:city": "Dar es salaam",
        "addr:district": "Ubungo",
        "addr:housenumber": "Simba House 13",
        "addr:municipality": "Ubungo",
        "addr:street": "Chuo Kikuu",
        "building": "residential",
        "building:levels": "2",
        "building:material": "cement_block"
      },
      "geometry": {
        "type": "Polygon",
        "coordinates": [
          [
            [
              39.2090084,
              -6.7749728
            ],
            [
              39.2090044,
              -6.7749062
            ],
            [
              39.2087659,
              -6.7749206
            ],
            [
              39.20877,
              -6.7749871
            ],
            [
              39.2090084,
              -6.7749728
            ]
          ]
        ]
      },
      "id": "way/360691659"
    },
    {
      "type": "Feature",
      "properties": {
        "@id": "way/360714926",
        "building": "public",
        "building:levels": "1",
        "name": "Hall of Residence No 4"
      },
      "geometry": {
        "type": "Polygon",
        "coordinates": [
          [
            [
              39.2056564,
              -6.7766169
            ],
            [
              39.2056572,
              -6.7766814
            ],
            [
              39.2059366,
              -6.7766779
            ],
            [
              39.2059359,
              -6.7766166
            ],
            [
              39.2059308,
              -6.7766167
            ],
            [
              39.2059306,
              -6.7766035
            ],
            [
              39.2056758,
              -6.7766067
            ],
            [
              39.205676,
              -6.7766167
            ],
            [
              39.2056564,
              -6.7766169
            ]
          ]
        ]
      },
      "id": "way/360714926"
    },
    {
      "type": "Feature",
      "properties": {
        "@id": "way/360714927",
        "addr:city": "Dar es salaam",
        "addr:district": "Ubungo",
        "addr:municipality": "Ubungo",
        "building": "public",
        "building:levels": "4",
        "building:material": "cement_block",
        "name": "Hall of Residence No 4"
      },
      "geometry": {
        "type": "Polygon",
        "coordinates": [
          [
            [
              39.2054096,
              -6.7766619
            ],
            [
              39.2054097,
              -6.7766885
            ],
            [
              39.2053969,
              -6.7766885
            ],
            [
              39.205397,
              -6.7767137
            ],
            [
              39.2056507,
              -6.7767127
            ],
            [
              39.2056504,
              -6.776661
            ],
            [
              39.2054096,
              -6.7766619
            ]
          ]
        ]
      },
      "id": "way/360714927"
    },
    {
      "type": "Feature",
      "properties": {
        "@id": "way/360714931",
        "addr:street": "Chuo Kikuu",
        "building": "residential",
        "building:levels": "1",
        "building:material": "cement_block"
      },
      "geometry": {
        "type": "Polygon",
        "coordinates": [
          [
            [
              39.2057714,
              -6.7759093
            ],
            [
              39.2057701,
              -6.7760835
            ],
            [
              39.2058373,
              -6.776084
            ],
            [
              39.2058386,
              -6.7759098
            ],
            [
              39.2057714,
              -6.7759093
            ]
          ]
        ]
      },
      "id": "way/360714931"
    },
    {
      "type": "Feature",
      "properties": {
        "@id": "way/360714934",
        "addr:housenumber": "Kilimahewa 4",
        "addr:street": "Chuo Kikuu",
        "building": "residential",
        "building:levels": "1",
        "building:material": "cement_block"
      },
      "geometry": {
        "type": "Polygon",
        "coordinates": [
          [
            [
              39.2062231,
              -6.7752878
            ],
            [
              39.2062706,
              -6.775288
            ],
            [
              39.2062709,
              -6.7752004
            ],
            [
              39.2063047,
              -6.7752005
            ],
            [
              39.2063049,
              -6.7751233
            ],
            [
              39.2062708,
              -6.7751231
            ],
            [
              39.2062711,
              -6.7750239
            ],
            [
              39.2062129,
              -6.7750237
            ],
            [
              39.206212,
              -6.7752878
            ],
            [
              39.2062231,
              -6.7752878
            ]
          ]
        ]
      },
      "id": "way/360714934"
    },
    {
      "type": "Feature",
      "properties": {
        "@id": "way/360714936",
        "addr:city": "Dar es salaam",
        "addr:district": "Ubungo",
        "addr:municipality": "Ubungo",
        "building": "public",
        "building:levels": "3",
        "building:material": "concrete"
      },
      "geometry": {
        "type": "Polygon",
        "coordinates": [
          [
            [
              39.2055267,
              -6.776608
            ],
            [
              39.2055277,
              -6.7765225
            ],
            [
              39.2054527,
              -6.7765216
            ],
            [
              39.2054517,
              -6.7766072
            ],
            [
              39.2055267,
              -6.776608
            ]
          ]
        ]
      },
      "id": "way/360714936"
    },
    {
      "type": "Feature",
      "properties": {
        "@id": "way/360714939",
        "addr:city": "Dar es salaam",
        "addr:district": "Ubungo",
        "addr:municipality": "Ubungo",
        "building": "public",
        "building:levels": "4",
        "building:material": "cement_block"
      },
      "geometry": {
        "type": "Polygon",
        "coordinates": [
          [
            [
              39.2056817,
              -6.7764023
            ],
            [
              39.2056815,
              -6.7764634
            ],
            [
              39.2060393,
              -6.7764645
            ],
            [
              39.2060395,
              -6.7764034
            ],
            [
              39.2056817,
              -6.7764023
            ]
          ]
        ]
      },
      "id": "way/360714939"
    },
    {
      "type": "Feature",
      "properties": {
        "@id": "way/360714941",
        "building": "residential",
        "building:levels": "1",
        "building:material": "cement_block"
      },
      "geometry": {
        "type": "Polygon",
        "coordinates": [
          [
            [
              39.2065538,
              -6.7765955
            ],
            [
              39.2065543,
              -6.7766314
            ],
            [
              39.2066148,
              -6.7766304
            ],
            [
              39.2066143,
              -6.7765946
            ],
            [
              39.2065538,
              -6.7765955
            ]
          ]
        ]
      },
      "id": "way/360714941"
    },
    {
      "type": "Feature",
      "properties": {
        "@id": "way/360714943",
        "addr:street": "Chuo Kikuu",
        "building": "public",
        "building:levels": "4",
        "building:material": "cement_block"
      },
      "geometry": {
        "type": "Polygon",
        "coordinates": [
          [
            [
              39.2061166,
              -6.7763416
            ],
            [
              39.2061152,
              -6.7764095
            ],
            [
              39.2063994,
              -6.7764155
            ],
            [
              39.206401,
              -6.7763476
            ],
            [
              39.2061166,
              -6.7763416
            ]
          ]
        ]
      },
      "id": "way/360714943"
    },
    {
      "type": "Feature",
      "properties": {
        "@id": "way/360714945",
        "building": "residential",
        "building:levels": "1",
        "building:material": "cement_block"
      },
      "geometry": {
        "type": "Polygon",
        "coordinates": [
          [
            [
              39.2065068,
              -6.7766354
            ],
            [
              39.2065065,
              -6.7766904
            ],
            [
              39.2065644,
              -6.7766908
            ],
            [
              39.2065647,
              -6.7766357
            ],
            [
              39.2065068,
              -6.7766354
            ]
          ]
        ]
      },
      "id": "way/360714945"
    },
    {
      "type": "Feature",
      "properties": {
        "@id": "way/360715655",
        "addr:street": "Sinza",
        "building": "school",
        "building:levels": "1",
        "building:material": "cement_block",
        "name": "Mlimani Nursery School"
      },
      "geometry": {
        "type": "Polygon",
        "coordinates": [
          [
            [
              39.2116655,
              -6.776047
            ],
            [
              39.211663,
              -6.7761154
            ],
            [
              39.2117345,
              -6.7761179
            ],
            [
              39.211737,
              -6.7760496
            ],
            [
              39.2116655,
              -6.776047
            ]
          ]
        ]
      },
      "id": "way/360715655"
    },
    {
      "type": "Feature",
      "properties": {
        "@id": "way/360715656",
        "addr:street": "Sinza",
        "building": "school",
        "building:levels": "1",
        "building:material": "cement_block",
        "name": "Mlimani Nursery School"
      },
      "geometry": {
        "type": "Polygon",
        "coordinates": [
          [
            [
              39.211772,
              -6.776045
            ],
            [
              39.2117706,
              -6.7760866
            ],
            [
              39.2118491,
              -6.7760892
            ],
            [
              39.2118481,
              -6.7761182
            ],
            [
              39.2119886,
              -6.7761229
            ],
            [
              39.211991,
              -6.7760524
            ],
            [
              39.211772,
              -6.776045
            ]
          ]
        ]
      },
      "id": "way/360715656"
    },
    {
      "type": "Feature",
      "properties": {
        "@id": "way/364097245",
        "addr:street": "Ubungo Msewe",
        "building": "residential",
        "building:levels": "1",
        "building:material": "cement_block"
      },
      "geometry": {
        "type": "Polygon",
        "coordinates": [
          [
            [
              39.1971282,
              -6.7847904
            ],
            [
              39.1971372,
              -6.7847936
            ],
            [
              39.1971039,
              -6.7848857
            ],
            [
              39.1971417,
              -6.7848991
            ],
            [
              39.1971861,
              -6.7847761
            ],
            [
              39.1971394,
              -6.7847595
            ],
            [
              39.1971282,
              -6.7847904
            ]
          ]
        ]
      },
      "id": "way/364097245"
    },
    {
      "type": "Feature",
      "properties": {
        "@id": "way/364102369",
        "addr:street": "Ubungo Msewe",
        "building": "hospital",
        "building:levels": "1",
        "building:material": "cement_block"
      },
      "geometry": {
        "type": "Polygon",
        "coordinates": [
          [
            [
              39.1975453,
              -6.7841733
            ],
            [
              39.1975243,
              -6.7842402
            ],
            [
              39.197847,
              -6.7843405
            ],
            [
              39.1978681,
              -6.7842737
            ],
            [
              39.1975453,
              -6.7841733
            ]
          ]
        ]
      },
      "id": "way/364102369"
    },
    {
      "type": "Feature",
      "properties": {
        "@id": "way/364102370",
        "addr:street": "Ubungo Msewe",
        "building": "residential",
        "building:levels": "1",
        "building:material": "cement_block"
      },
      "geometry": {
        "type": "Polygon",
        "coordinates": [
          [
            [
              39.197787,
              -6.7835898
            ],
            [
              39.1977601,
              -6.7836804
            ],
            [
              39.1977539,
              -6.7836786
            ],
            [
              39.1977363,
              -6.7837377
            ],
            [
              39.1978136,
              -6.7837604
            ],
            [
              39.1978188,
              -6.7837432
            ],
            [
              39.1978586,
              -6.7837549
            ],
            [
              39.1978927,
              -6.7836402
            ],
            [
              39.1978486,
              -6.7836273
            ],
            [
              39.197854,
              -6.7836094
            ],
            [
              39.197787,
              -6.7835898
            ]
          ]
        ]
      },
      "id": "way/364102370"
    },
    {
      "type": "Feature",
      "properties": {
        "@id": "way/364102371",
        "addr:street": "Ubungo Msewe",
        "building": "residential",
        "building:levels": "1",
        "building:material": "cement_block"
      },
      "geometry": {
        "type": "Polygon",
        "coordinates": [
          [
            [
              39.1989553,
              -6.7837429
            ],
            [
              39.1989037,
              -6.7838271
            ],
            [
              39.1990228,
              -6.7838991
            ],
            [
              39.1990744,
              -6.783815
            ],
            [
              39.1989553,
              -6.7837429
            ]
          ]
        ]
      },
      "id": "way/364102371"
    },
    {
      "type": "Feature",
      "properties": {
        "@id": "way/364102372",
        "addr:street": "Ubungo Msewe",
        "building": "residential",
        "building:levels": "1",
        "building:material": "cement_block"
      },
      "geometry": {
        "type": "Polygon",
        "coordinates": [
          [
            [
              39.1989965,
              -6.7835989
            ],
            [
              39.1989612,
              -6.7836712
            ],
            [
              39.1991203,
              -6.7837477
            ],
            [
              39.1991555,
              -6.7836753
            ],
            [
              39.1989965,
              -6.7835989
            ]
          ]
        ]
      },
      "id": "way/364102372"
    },
    {
      "type": "Feature",
      "properties": {
        "@id": "way/364102373",
        "addr:street": "Ubungo Msewe",
        "building": "residential",
        "building:levels": "1",
        "building:material": "cement_block"
      },
      "geometry": {
        "type": "Polygon",
        "coordinates": [
          [
            [
              39.1981661,
              -6.7843318
            ],
            [
              39.1981142,
              -6.7844211
            ],
            [
              39.1982187,
              -6.7844808
            ],
            [
              39.1982705,
              -6.7843915
            ],
            [
              39.1981661,
              -6.7843318
            ]
          ]
        ]
      },
      "id": "way/364102373"
    },
    {
      "type": "Feature",
      "properties": {
        "@id": "way/364102374",
        "addr:street": "Ubungo Msewe",
        "building": "residential",
        "building:levels": "1",
        "building:material": "cement_block"
      },
      "geometry": {
        "type": "Polygon",
        "coordinates": [
          [
            [
              39.1982571,
              -6.7841297
            ],
            [
              39.1982832,
              -6.7840678
            ],
            [
              39.1982239,
              -6.7840431
            ],
            [
              39.1981695,
              -6.7841718
            ],
            [
              39.1983659,
              -6.7842536
            ],
            [
              39.1983941,
              -6.7841868
            ],
            [
              39.1982571,
              -6.7841297
            ]
          ]
        ]
      },
      "id": "way/364102374"
    },
    {
      "type": "Feature",
      "properties": {
        "@id": "way/364102375",
        "addr:street": "Ubungo Msewe",
        "building": "residential",
        "building:levels": "1",
        "building:material": "cement_block"
      },
      "geometry": {
        "type": "Polygon",
        "coordinates": [
          [
            [
              39.1975954,
              -6.7829896
            ],
            [
              39.1975799,
              -6.7830524
            ],
            [
              39.1975722,
              -6.7830838
            ],
            [
              39.1976824,
              -6.7831105
            ],
            [
              39.1977056,
              -6.7830164
            ],
            [
              39.1975954,
              -6.7829896
            ]
          ]
        ]
      },
      "id": "way/364102375"
    },
    {
      "type": "Feature",
      "properties": {
        "@id": "way/364102378",
        "addr:street": "Ubungo Msewe",
        "building": "residential",
        "building:levels": "1",
        "building:material": "cement_block"
      },
      "geometry": {
        "type": "Polygon",
        "coordinates": [
          [
            [
              39.1979243,
              -6.7842808
            ],
            [
              39.1979004,
              -6.7844189
            ],
            [
              39.1979759,
              -6.7844317
            ],
            [
              39.1979997,
              -6.7842936
            ],
            [
              39.1979243,
              -6.7842808
            ]
          ]
        ]
      },
      "id": "way/364102378"
    },
    {
      "type": "Feature",
      "properties": {
        "@id": "way/364102379",
        "addr:street": "Ubungo Msewe",
        "building": "yes",
        "building:levels": "1",
        "building:material": "cement_block"
      },
      "geometry": {
        "type": "Polygon",
        "coordinates": [
          [
            [
              39.1994501,
              -6.7833286
            ],
            [
              39.1994276,
              -6.7833487
            ],
            [
              39.1994559,
              -6.7833798
            ],
            [
              39.1994365,
              -6.7833972
            ],
            [
              39.1994045,
              -6.783362
            ],
            [
              39.1993793,
              -6.7833845
            ],
            [
              39.199408,
              -6.783416
            ],
            [
              39.1994016,
              -6.7834218
            ],
            [
              39.1993137,
              -6.7833252
            ],
            [
              39.199324,
              -6.7833161
            ],
            [
              39.1992715,
              -6.7832585
            ],
            [
              39.1991986,
              -6.7833239
            ],
            [
              39.1993702,
              -6.7835125
            ],
            [
              39.1994385,
              -6.7834513
            ],
            [
              39.1994463,
              -6.7834599
            ],
            [
              39.1995141,
              -6.783399
            ],
            [
              39.1994501,
              -6.7833286
            ]
          ]
        ]
      },
      "id": "way/364102379"
    },
    {
      "type": "Feature",
      "properties": {
        "@id": "way/364102380",
        "addr:street": "Ubungo Msewe",
        "building": "residential",
        "building:levels": "1",
        "building:material": "cement_block"
      },
      "geometry": {
        "type": "Polygon",
        "coordinates": [
          [
            [
              39.198098,
              -6.7845147
            ],
            [
              39.1980839,
              -6.7845637
            ],
            [
              39.1981465,
              -6.7845814
            ],
            [
              39.1981578,
              -6.7845419
            ],
            [
              39.1981814,
              -6.7845486
            ],
            [
              39.1981928,
              -6.784509
            ],
            [
              39.1981298,
              -6.7844911
            ],
            [
              39.1981211,
              -6.7845213
            ],
            [
              39.198098,
              -6.7845147
            ]
          ]
        ]
      },
      "id": "way/364102380"
    },
    {
      "type": "Feature",
      "properties": {
        "@id": "way/364102381",
        "addr:street": "Ubungo Msewe",
        "building": "residential",
        "building:levels": "1",
        "building:material": "cement_block"
      },
      "geometry": {
        "type": "Polygon",
        "coordinates": [
          [
            [
              39.1979803,
              -6.7840658
            ],
            [
              39.1979454,
              -6.7841371
            ],
            [
              39.1980891,
              -6.7842064
            ],
            [
              39.1981239,
              -6.7841351
            ],
            [
              39.1979803,
              -6.7840658
            ]
          ]
        ]
      },
      "id": "way/364102381"
    },
    {
      "type": "Feature",
      "properties": {
        "@id": "way/364102383",
        "addr:street": "Ubungo Msewe",
        "building": "residential",
        "building:levels": "1",
        "building:material": "cement_block"
      },
      "geometry": {
        "type": "Polygon",
        "coordinates": [
          [
            [
              39.1980418,
              -6.7839159
            ],
            [
              39.1980205,
              -6.7840114
            ],
            [
              39.1982055,
              -6.784052
            ],
            [
              39.1982267,
              -6.7839565
            ],
            [
              39.1980418,
              -6.7839159
            ]
          ]
        ]
      },
      "id": "way/364102383"
    },
    {
      "type": "Feature",
      "properties": {
        "@id": "way/364102384",
        "addr:street": "Ubungo Msewe",
        "building": "residential",
        "building:levels": "1",
        "building:material": "cement_block"
      },
      "geometry": {
        "type": "Polygon",
        "coordinates": [
          [
            [
              39.1991953,
              -6.7840947
            ],
            [
              39.1991072,
              -6.7841327
            ],
            [
              39.1991198,
              -6.7841615
            ],
            [
              39.1991334,
              -6.7841557
            ],
            [
              39.1991718,
              -6.7842436
            ],
            [
              39.1991873,
              -6.7842369
            ],
            [
              39.1991897,
              -6.7842424
            ],
            [
              39.1992487,
              -6.784217
            ],
            [
              39.1991953,
              -6.7840947
            ]
          ]
        ]
      },
      "id": "way/364102384"
    },
    {
      "type": "Feature",
      "properties": {
        "@id": "way/364102386",
        "addr:street": "Ubungo Msewe",
        "building": "hospital",
        "building:levels": "4",
        "building:material": "cement_block"
      },
      "geometry": {
        "type": "Polygon",
        "coordinates": [
          [
            [
              39.1973427,
              -6.7842018
            ],
            [
              39.1973262,
              -6.7842737
            ],
            [
              39.1973908,
              -6.7842882
            ],
            [
              39.1973878,
              -6.7843014
            ],
            [
              39.1974463,
              -6.7843147
            ],
            [
              39.1974516,
              -6.7842915
            ],
            [
              39.1974924,
              -6.7843007
            ],
            [
              39.1975056,
              -6.7842432
            ],
            [
              39.1974295,
              -6.784226
            ],
            [
              39.1974325,
              -6.7842131
            ],
            [
              39.1973859,
              -6.7842025
            ],
            [
              39.197384,
              -6.7842111
            ],
            [
              39.1973427,
              -6.7842018
            ]
          ]
        ]
      },
      "id": "way/364102386"
    },
    {
      "type": "Feature",
      "properties": {
        "@id": "way/364102387",
        "addr:street": "Ubungo Msewe",
        "building": "residential",
        "building:levels": "1",
        "building:material": "cement_block"
      },
      "geometry": {
        "type": "Polygon",
        "coordinates": [
          [
            [
              39.1988499,
              -6.7839056
            ],
            [
              39.1988054,
              -6.7839819
            ],
            [
              39.1989552,
              -6.7840679
            ],
            [
              39.1989996,
              -6.7839916
            ],
            [
              39.1988499,
              -6.7839056
            ]
          ]
        ]
      },
      "id": "way/364102387"
    },
    {
      "type": "Feature",
      "properties": {
        "@id": "way/364102388",
        "addr:street": "Ubungo Msewe",
        "building": "commercial;residential",
        "building:levels": "1",
        "building:material": "cement_block"
      },
      "geometry": {
        "type": "Polygon",
        "coordinates": [
          [
            [
              39.1980053,
              -6.7845034
            ],
            [
              39.1979828,
              -6.7845998
            ],
            [
              39.1980647,
              -6.7846186
            ],
            [
              39.1980865,
              -6.784525
            ],
            [
              39.19808,
              -6.7845236
            ],
            [
              39.1980861,
              -6.7844976
            ],
            [
              39.1980361,
              -6.7844861
            ],
            [
              39.1980307,
              -6.7845092
            ],
            [
              39.1980053,
              -6.7845034
            ]
          ]
        ]
      },
      "id": "way/364102388"
    },
    {
      "type": "Feature",
      "properties": {
        "@id": "way/364102389",
        "addr:street": "Ubungo Msewe",
        "building": "commercial;residential",
        "building:levels": "1",
        "building:material": "cement_block"
      },
      "geometry": {
        "type": "Polygon",
        "coordinates": [
          [
            [
              39.1978585,
              -6.7844418
            ],
            [
              39.1978493,
              -6.7844692
            ],
            [
              39.1978694,
              -6.7844759
            ],
            [
              39.1978632,
              -6.7844946
            ],
            [
              39.1978798,
              -6.7845
            ],
            [
              39.197874,
              -6.7845172
            ],
            [
              39.1978884,
              -6.7845219
            ],
            [
              39.1978837,
              -6.7845359
            ],
            [
              39.1979328,
              -6.784552
            ],
            [
              39.1979409,
              -6.7845278
            ],
            [
              39.1979549,
              -6.7845324
            ],
            [
              39.1979595,
              -6.7845187
            ],
            [
              39.1979746,
              -6.7845237
            ],
            [
              39.1979877,
              -6.7844844
            ],
            [
              39.1978585,
              -6.7844418
            ]
          ]
        ]
      },
      "id": "way/364102389"
    },
    {
      "type": "Feature",
      "properties": {
        "@id": "way/364102390",
        "addr:street": "Ubungo Msewe",
        "building": "residential",
        "building:levels": "1",
        "building:material": "cement_block"
      },
      "geometry": {
        "type": "Polygon",
        "coordinates": [
          [
            [
              39.1980505,
              -6.7837832
            ],
            [
              39.1980334,
              -6.7838774
            ],
            [
              39.198233,
              -6.7839132
            ],
            [
              39.1982501,
              -6.783819
            ],
            [
              39.1980505,
              -6.7837832
            ]
          ]
        ]
      },
      "id": "way/364102390"
    },
    {
      "type": "Feature",
      "properties": {
        "@id": "way/364102391",
        "addr:street": "Ubungo Msewe",
        "building": "residential",
        "building:levels": "1",
        "building:material": "cement_block"
      },
      "geometry": {
        "type": "Polygon",
        "coordinates": [
          [
            [
              39.197761,
              -6.7832178
            ],
            [
              39.1977236,
              -6.7833059
            ],
            [
              39.1977417,
              -6.7833135
            ],
            [
              39.1977135,
              -6.7833798
            ],
            [
              39.1978688,
              -6.7834449
            ],
            [
              39.1979052,
              -6.7833593
            ],
            [
              39.1978566,
              -6.7833389
            ],
            [
              39.1978858,
              -6.7832701
            ],
            [
              39.197761,
              -6.7832178
            ]
          ]
        ]
      },
      "id": "way/364102391"
    },
    {
      "type": "Feature",
      "properties": {
        "@id": "way/364102392",
        "addr:street": "Ubungo Msewe",
        "building": "commercial",
        "building:levels": "1",
        "building:material": "cement_block"
      },
      "geometry": {
        "type": "Polygon",
        "coordinates": [
          [
            [
              39.1977181,
              -6.7844245
            ],
            [
              39.1977028,
              -6.7844715
            ],
            [
              39.1978013,
              -6.7845032
            ],
            [
              39.1978097,
              -6.7844773
            ],
            [
              39.1977817,
              -6.7844683
            ],
            [
              39.1977884,
              -6.784448
            ],
            [
              39.1978178,
              -6.7844575
            ],
            [
              39.1978447,
              -6.7843749
            ],
            [
              39.1977327,
              -6.7843389
            ],
            [
              39.197706,
              -6.7844206
            ],
            [
              39.1977181,
              -6.7844245
            ]
          ]
        ]
      },
      "id": "way/364102392"
    },
    {
      "type": "Feature",
      "properties": {
        "@id": "way/364102395",
        "addr:street": "Ubungo Msewe",
        "building": "residential",
        "building:levels": "1",
        "building:material": "cement_block"
      },
      "geometry": {
        "type": "Polygon",
        "coordinates": [
          [
            [
              39.1990971,
              -6.7834212
            ],
            [
              39.1990018,
              -6.783571
            ],
            [
              39.1990527,
              -6.7836029
            ],
            [
              39.1991186,
              -6.7834992
            ],
            [
              39.1992037,
              -6.7835526
            ],
            [
              39.1991344,
              -6.7836617
            ],
            [
              39.1991838,
              -6.7836927
            ],
            [
              39.1992825,
              -6.7835375
            ],
            [
              39.1990971,
              -6.7834212
            ]
          ]
        ]
      },
      "id": "way/364102395"
    },
    {
      "type": "Feature",
      "properties": {
        "@id": "way/364105701",
        "addr:street": "Ubungo Msewe",
        "building": "residential",
        "building:levels": "1",
        "building:material": "cement_block"
      },
      "geometry": {
        "type": "Polygon",
        "coordinates": [
          [
            [
              39.1992124,
              -6.7846222
            ],
            [
              39.1992065,
              -6.7847039
            ],
            [
              39.1993195,
              -6.7847119
            ],
            [
              39.1993254,
              -6.7846302
            ],
            [
              39.1992124,
              -6.7846222
            ]
          ]
        ]
      },
      "id": "way/364105701"
    },
    {
      "type": "Feature",
      "properties": {
        "@id": "way/364105947",
        "addr:street": "Ubungo Msewe",
        "building": "residential",
        "building:levels": "1",
        "building:material": "cement_block"
      },
      "geometry": {
        "type": "Polygon",
        "coordinates": [
          [
            [
              39.1993894,
              -6.7846062
            ],
            [
              39.1993455,
              -6.7846978
            ],
            [
              39.1993852,
              -6.7847166
            ],
            [
              39.1993901,
              -6.7847064
            ],
            [
              39.199475,
              -6.7847465
            ],
            [
              39.199514,
              -6.784665
            ],
            [
              39.1993894,
              -6.7846062
            ]
          ]
        ]
      },
      "id": "way/364105947"
    },
    {
      "type": "Feature",
      "properties": {
        "@id": "way/364107162",
        "addr:street": "Ubungo Msewe",
        "building": "residential",
        "building:levels": "1",
        "building:material": "cement_block"
      },
      "geometry": {
        "type": "Polygon",
        "coordinates": [
          [
            [
              39.1991464,
              -6.784878
            ],
            [
              39.1991053,
              -6.7849046
            ],
            [
              39.1991214,
              -6.784929
            ],
            [
              39.1990643,
              -6.7849659
            ],
            [
              39.1990547,
              -6.7849513
            ],
            [
              39.1989949,
              -6.78499
            ],
            [
              39.1990708,
              -6.7851057
            ],
            [
              39.1991345,
              -6.7850645
            ],
            [
              39.1991085,
              -6.7850248
            ],
            [
              39.1992027,
              -6.7849639
            ],
            [
              39.1991464,
              -6.784878
            ]
          ]
        ]
      },
      "id": "way/364107162"
    },
    {
      "type": "Feature",
      "properties": {
        "@id": "way/364107164",
        "addr:street": "Ubungo Msewe",
        "building": "residential",
        "building:levels": "1",
        "building:material": "cement_block"
      },
      "geometry": {
        "type": "Polygon",
        "coordinates": [
          [
            [
              39.1991415,
              -6.7848269
            ],
            [
              39.1991659,
              -6.784875
            ],
            [
              39.1991717,
              -6.7848721
            ],
            [
              39.1992647,
              -6.7850551
            ],
            [
              39.1992702,
              -6.7850523
            ],
            [
              39.1992866,
              -6.7850847
            ],
            [
              39.1993286,
              -6.7850636
            ],
            [
              39.1992188,
              -6.7848476
            ],
            [
              39.1992236,
              -6.7848452
            ],
            [
              39.1991995,
              -6.7847979
            ],
            [
              39.1991415,
              -6.7848269
            ]
          ]
        ]
      },
      "id": "way/364107164"
    },
    {
      "type": "Feature",
      "properties": {
        "@id": "way/364107174",
        "addr:street": "Ubungo Msewe",
        "building": "residential",
        "building:levels": "1",
        "building:material": "cement_block"
      },
      "geometry": {
        "type": "Polygon",
        "coordinates": [
          [
            [
              39.1993436,
              -6.7849199
            ],
            [
              39.1994235,
              -6.7850173
            ],
            [
              39.1994859,
              -6.7849669
            ],
            [
              39.199406,
              -6.7848695
            ],
            [
              39.1993436,
              -6.7849199
            ]
          ]
        ]
      },
      "id": "way/364107174"
    },
    {
      "type": "Feature",
      "properties": {
        "@id": "way/364107177",
        "addr:street": "Ubungo Msewe",
        "building": "residential",
        "building:levels": "1",
        "building:material": "cement_block"
      },
      "geometry": {
        "type": "Polygon",
        "coordinates": [
          [
            [
              39.19946,
              -6.7848014
            ],
            [
              39.1994172,
              -6.7848646
            ],
            [
              39.1994586,
              -6.7848952
            ],
            [
              39.1994496,
              -6.7849075
            ],
            [
              39.1995047,
              -6.7849673
            ],
            [
              39.1995285,
              -6.784947
            ],
            [
              39.1995178,
              -6.7849354
            ],
            [
              39.1995648,
              -6.7848722
            ],
            [
              39.19946,
              -6.7848014
            ]
          ]
        ]
      },
      "id": "way/364107177"
    },
    {
      "type": "Feature",
      "properties": {
        "@id": "way/364111322",
        "addr:street": "Ubungo Msewe",
        "building": "residential",
        "building:levels": "1",
        "building:material": "cement_block"
      },
      "geometry": {
        "type": "Polygon",
        "coordinates": [
          [
            [
              39.199878,
              -6.7849237
            ],
            [
              39.1998509,
              -6.7850398
            ],
            [
              39.1998905,
              -6.7850489
            ],
            [
              39.1999176,
              -6.7849328
            ],
            [
              39.199878,
              -6.7849237
            ]
          ]
        ]
      },
      "id": "way/364111322"
    },
    {
      "type": "Feature",
      "properties": {
        "@id": "way/364111325",
        "addr:street": "Ubungo Msewe",
        "building": "residential",
        "building:levels": "1",
        "building:material": "cement_block"
      },
      "geometry": {
        "type": "Polygon",
        "coordinates": [
          [
            [
              39.1996476,
              -6.7848554
            ],
            [
              39.1996138,
              -6.7849475
            ],
            [
              39.1996632,
              -6.7849653
            ],
            [
              39.1996399,
              -6.7850288
            ],
            [
              39.1996721,
              -6.7850405
            ],
            [
              39.1997292,
              -6.784885
            ],
            [
              39.1996476,
              -6.7848554
            ]
          ]
        ]
      },
      "id": "way/364111325"
    },
    {
      "type": "Feature",
      "properties": {
        "@id": "way/364111326",
        "addr:street": "Ubungo Msewe",
        "building": "residential",
        "building:levels": "1",
        "building:material": "cement_block"
      },
      "geometry": {
        "type": "Polygon",
        "coordinates": [
          [
            [
              39.1997044,
              -6.784752
            ],
            [
              39.1996769,
              -6.7848415
            ],
            [
              39.1997793,
              -6.7848726
            ],
            [
              39.1998068,
              -6.7847831
            ],
            [
              39.1997044,
              -6.784752
            ]
          ]
        ]
      },
      "id": "way/364111326"
    },
    {
      "type": "Feature",
      "properties": {
        "@id": "way/364111328",
        "addr:street": "Ubungo Msewe",
        "building": "residential",
        "building:levels": "1",
        "building:material": "cement_block"
      },
      "geometry": {
        "type": "Polygon",
        "coordinates": [
          [
            [
              39.19974,
              -6.7848867
            ],
            [
              39.1996819,
              -6.7850476
            ],
            [
              39.1997504,
              -6.785072
            ],
            [
              39.1997811,
              -6.784987
            ],
            [
              39.1997437,
              -6.7849737
            ],
            [
              39.1997711,
              -6.7848978
            ],
            [
              39.19974,
              -6.7848867
            ]
          ]
        ]
      },
      "id": "way/364111328"
    },
    {
      "type": "Feature",
      "properties": {
        "@id": "way/364114146",
        "addr:street": "Ubungo Msewe",
        "building": "residential",
        "building:levels": "1",
        "building:material": "cement_block"
      },
      "geometry": {
        "type": "Polygon",
        "coordinates": [
          [
            [
              39.199439,
              -6.7844686
            ],
            [
              39.1994298,
              -6.7844904
            ],
            [
              39.1994166,
              -6.7844849
            ],
            [
              39.1994038,
              -6.7845151
            ],
            [
              39.1994171,
              -6.7845206
            ],
            [
              39.1994067,
              -6.7845452
            ],
            [
              39.1995307,
              -6.7845968
            ],
            [
              39.1995631,
              -6.7845201
            ],
            [
              39.199439,
              -6.7844686
            ]
          ]
        ]
      },
      "id": "way/364114146"
    },
    {
      "type": "Feature",
      "properties": {
        "@id": "way/364114147",
        "addr:street": "Ubungo Msewe",
        "building": "residential",
        "building:levels": "1",
        "building:material": "cement_block"
      },
      "geometry": {
        "type": "Polygon",
        "coordinates": [
          [
            [
              39.1995688,
              -6.7845545
            ],
            [
              39.1995364,
              -6.7846284
            ],
            [
              39.1996151,
              -6.7846625
            ],
            [
              39.1996419,
              -6.7846015
            ],
            [
              39.1996275,
              -6.7845952
            ],
            [
              39.1996331,
              -6.7845824
            ],
            [
              39.1995688,
              -6.7845545
            ]
          ]
        ]
      },
      "id": "way/364114147"
    },
    {
      "type": "Feature",
      "properties": {
        "@id": "way/364114149",
        "addr:street": "Ubungo Msewe",
        "building": "residential",
        "building:levels": "1",
        "building:material": "cement_block"
      },
      "geometry": {
        "type": "Polygon",
        "coordinates": [
          [
            [
              39.1995966,
              -6.7844957
            ],
            [
              39.1995801,
              -6.7845324
            ],
            [
              39.1997176,
              -6.7845935
            ],
            [
              39.1997377,
              -6.7845488
            ],
            [
              39.1996351,
              -6.7845032
            ],
            [
              39.1996315,
              -6.7845112
            ],
            [
              39.1995966,
              -6.7844957
            ]
          ]
        ]
      },
      "id": "way/364114149"
    },
    {
      "type": "Feature",
      "properties": {
        "@id": "way/364114151",
        "addr:street": "Ubungo Msewe",
        "building": "yes",
        "building:levels": "1",
        "building:material": "cement_block"
      },
      "geometry": {
        "type": "Polygon",
        "coordinates": [
          [
            [
              39.1998068,
              -6.7846786
            ],
            [
              39.1997973,
              -6.7847323
            ],
            [
              39.1998178,
              -6.7847359
            ],
            [
              39.1998084,
              -6.7847892
            ],
            [
              39.1999484,
              -6.7848135
            ],
            [
              39.1999576,
              -6.784761
            ],
            [
              39.1999444,
              -6.7847587
            ],
            [
              39.1999498,
              -6.7847285
            ],
            [
              39.1998383,
              -6.7847091
            ],
            [
              39.199843,
              -6.7846822
            ],
            [
              39.1998324,
              -6.7846804
            ],
            [
              39.1998372,
              -6.7846531
            ],
            [
              39.199812,
              -6.7846487
            ],
            [
              39.1998068,
              -6.7846786
            ]
          ]
        ]
      },
      "id": "way/364114151"
    },
    {
      "type": "Feature",
      "properties": {
        "@id": "way/364117162",
        "addr:housenumber": "Kilimahewa 2",
        "addr:street": "Chuo Kikuu",
        "building": "residential",
        "building:levels": "1",
        "building:material": "cement_block"
      },
      "geometry": {
        "type": "Polygon",
        "coordinates": [
          [
            [
              39.2060919,
              -6.7753886
            ],
            [
              39.2060221,
              -6.7753876
            ],
            [
              39.2060184,
              -6.7756548
            ],
            [
              39.2060883,
              -6.7756557
            ],
            [
              39.2060919,
              -6.7753886
            ]
          ]
        ]
      },
      "id": "way/364117162"
    },
    {
      "type": "Feature",
      "properties": {
        "@id": "way/364117165",
        "addr:street": "Chuo Kikuu",
        "building": "residential",
        "building:levels": "1",
        "building:material": "cement_block"
      },
      "geometry": {
        "type": "Polygon",
        "coordinates": [
          [
            [
              39.2074329,
              -6.775239
            ],
            [
              39.207431,
              -6.7753008
            ],
            [
              39.2076922,
              -6.7753088
            ],
            [
              39.2076941,
              -6.7752469
            ],
            [
              39.2074329,
              -6.775239
            ]
          ]
        ]
      },
      "id": "way/364117165"
    },
    {
      "type": "Feature",
      "properties": {
        "@id": "way/364117167",
        "addr:street": "Chuo Kikuu",
        "building": "residential",
        "building:levels": "1",
        "building:material": "cement_block"
      },
      "geometry": {
        "type": "Polygon",
        "coordinates": [
          [
            [
              39.2064395,
              -6.7769097
            ],
            [
              39.2065376,
              -6.7769147
            ],
            [
              39.2065426,
              -6.7768188
            ],
            [
              39.2064445,
              -6.7768138
            ],
            [
              39.2064395,
              -6.7769097
            ]
          ]
        ]
      },
      "id": "way/364117167"
    },
    {
      "type": "Feature",
      "properties": {
        "@id": "way/364117170",
        "addr:street": "Chuo Kikuu",
        "building": "residential",
        "building:levels": "1",
        "building:material": "cement_block"
      },
      "geometry": {
        "type": "Polygon",
        "coordinates": [
          [
            [
              39.2068352,
              -6.7749839
            ],
            [
              39.2068354,
              -6.7750292
            ],
            [
              39.2068548,
              -6.7750493
            ],
            [
              39.2068709,
              -6.7750353
            ],
            [
              39.2068855,
              -6.775047
            ],
            [
              39.2068988,
              -6.7750378
            ],
            [
              39.2069103,
              -6.7750476
            ],
            [
              39.2069264,
              -6.7750362
            ],
            [
              39.2069398,
              -6.7750483
            ],
            [
              39.2069531,
              -6.775037
            ],
            [
              39.2069804,
              -6.7750658
            ],
            [
              39.2070055,
              -6.7750397
            ],
            [
              39.2070064,
              -6.7750257
            ],
            [
              39.2070335,
              -6.7750262
            ],
            [
              39.2070352,
              -6.7750425
            ],
            [
              39.207054,
              -6.775062
            ],
            [
              39.2070692,
              -6.7750475
            ],
            [
              39.207085,
              -6.775062
            ],
            [
              39.2070992,
              -6.7750496
            ],
            [
              39.2071137,
              -6.7750616
            ],
            [
              39.2071262,
              -6.775049
            ],
            [
              39.2071423,
              -6.775062
            ],
            [
              39.2071561,
              -6.7750493
            ],
            [
              39.2071564,
              -6.7749892
            ],
            [
              39.2071408,
              -6.7749767
            ],
            [
              39.2071276,
              -6.7749915
            ],
            [
              39.2071122,
              -6.7749764
            ],
            [
              39.2070987,
              -6.7749895
            ],
            [
              39.2070863,
              -6.7749747
            ],
            [
              39.2070694,
              -6.7749904
            ],
            [
              39.2070562,
              -6.7749767
            ],
            [
              39.2070366,
              -6.7749955
            ],
            [
              39.2070082,
              -6.7749944
            ],
            [
              39.2070086,
              -6.7749774
            ],
            [
              39.2069962,
              -6.7749637
            ],
            [
              39.2069836,
              -6.7749767
            ],
            [
              39.2069673,
              -6.7749632
            ],
            [
              39.2069519,
              -6.7749767
            ],
            [
              39.2069388,
              -6.7749632
            ],
            [
              39.2069251,
              -6.7749762
            ],
            [
              39.2069107,
              -6.7749616
            ],
            [
              39.2068991,
              -6.7749752
            ],
            [
              39.2068884,
              -6.7749603
            ],
            [
              39.2068701,
              -6.7749761
            ],
            [
              39.2068573,
              -6.7749626
            ],
            [
              39.2068352,
              -6.7749839
            ]
          ]
        ]
      },
      "id": "way/364117170"
    },
    {
      "type": "Feature",
      "properties": {
        "@id": "way/364117173",
        "addr:street": "Chuo Kikuu",
        "building": "public",
        "building:levels": "11",
        "building:material": "cement_block",
        "name": "Hall of Residence5"
      },
      "geometry": {
        "type": "Polygon",
        "coordinates": [
          [
            [
              39.2067871,
              -6.7761465
            ],
            [
              39.2067708,
              -6.7761638
            ],
            [
              39.2067522,
              -6.7761741
            ],
            [
              39.2067519,
              -6.7762063
            ],
            [
              39.2067328,
              -6.7762062
            ],
            [
              39.2067324,
              -6.77626
            ],
            [
              39.206751,
              -6.7762601
            ],
            [
              39.2067505,
              -6.7763142
            ],
            [
              39.2067364,
              -6.7763141
            ],
            [
              39.2067359,
              -6.7763698
            ],
            [
              39.2067486,
              -6.7763699
            ],
            [
              39.2067478,
              -6.7764642
            ],
            [
              39.2067349,
              -6.7764641
            ],
            [
              39.2067344,
              -6.776527
            ],
            [
              39.2067471,
              -6.7765271
            ],
            [
              39.2067469,
              -6.7765531
            ],
            [
              39.2068594,
              -6.776554
            ],
            [
              39.2068629,
              -6.7761472
            ],
            [
              39.2067871,
              -6.7761465
            ]
          ]
        ]
      },
      "id": "way/364117173"
    },
    {
      "type": "Feature",
      "properties": {
        "@id": "way/364117179",
        "addr:street": "Chuo Kikuu",
        "building": "residential",
        "building:levels": "1",
        "building:material": "cement_block"
      },
      "geometry": {
        "type": "Polygon",
        "coordinates": [
          [
            [
              39.2073263,
              -6.774682
            ],
            [
              39.2073109,
              -6.7746953
            ],
            [
              39.207313,
              -6.7747492
            ],
            [
              39.2073318,
              -6.7747678
            ],
            [
              39.2073442,
              -6.7747518
            ],
            [
              39.2073573,
              -6.7747648
            ],
            [
              39.2073737,
              -6.7747525
            ],
            [
              39.2073871,
              -6.7747645
            ],
            [
              39.2073988,
              -6.7747539
            ],
            [
              39.207399,
              -6.7747286
            ],
            [
              39.2075786,
              -6.7747262
            ],
            [
              39.2076034,
              -6.7747041
            ],
            [
              39.2075733,
              -6.7746744
            ],
            [
              39.2075541,
              -6.7746852
            ],
            [
              39.207538,
              -6.7746703
            ],
            [
              39.2075236,
              -6.7746829
            ],
            [
              39.2075118,
              -6.7746716
            ],
            [
              39.2074951,
              -6.7746846
            ],
            [
              39.2074833,
              -6.7746709
            ],
            [
              39.2074669,
              -6.7746826
            ],
            [
              39.2074528,
              -6.7746726
            ],
            [
              39.2074361,
              -6.7746832
            ],
            [
              39.207424,
              -6.7746726
            ],
            [
              39.2074082,
              -6.7746836
            ],
            [
              39.2073948,
              -6.7746726
            ],
            [
              39.2073784,
              -6.7746849
            ],
            [
              39.2073623,
              -6.7746746
            ],
            [
              39.2073392,
              -6.7746932
            ],
            [
              39.2073263,
              -6.774682
            ]
          ]
        ]
      },
      "id": "way/364117179"
    },
    {
      "type": "Feature",
      "properties": {
        "@id": "way/364117182",
        "addr:street": "Chuo Kikuu",
        "building": "residential",
        "building:levels": "1",
        "building:material": "cement_block"
      },
      "geometry": {
        "type": "Polygon",
        "coordinates": [
          [
            [
              39.2075743,
              -6.7749965
            ],
            [
              39.2075589,
              -6.7750098
            ],
            [
              39.2075611,
              -6.7750636
            ],
            [
              39.2075799,
              -6.7750823
            ],
            [
              39.2075923,
              -6.7750663
            ],
            [
              39.2076053,
              -6.7750793
            ],
            [
              39.2076218,
              -6.775067
            ],
            [
              39.2076352,
              -6.7750789
            ],
            [
              39.2076469,
              -6.7750683
            ],
            [
              39.2076471,
              -6.7750431
            ],
            [
              39.2078266,
              -6.7750407
            ],
            [
              39.2078515,
              -6.7750186
            ],
            [
              39.2078214,
              -6.7749889
            ],
            [
              39.2078022,
              -6.7749997
            ],
            [
              39.2077861,
              -6.7749847
            ],
            [
              39.2077716,
              -6.7749974
            ],
            [
              39.2077599,
              -6.7749861
            ],
            [
              39.2077431,
              -6.774999
            ],
            [
              39.2077314,
              -6.7749854
            ],
            [
              39.207715,
              -6.774997
            ],
            [
              39.2077009,
              -6.7749871
            ],
            [
              39.2076841,
              -6.7749977
            ],
            [
              39.2076721,
              -6.7749871
            ],
            [
              39.2076563,
              -6.774998
            ],
            [
              39.2076429,
              -6.7749871
            ],
            [
              39.2076265,
              -6.7749994
            ],
            [
              39.2076104,
              -6.7749891
            ],
            [
              39.2075872,
              -6.7750077
            ],
            [
              39.2075743,
              -6.7749965
            ]
          ]
        ]
      },
      "id": "way/364117182"
    },
    {
      "type": "Feature",
      "properties": {
        "@id": "way/364117185",
        "addr:street": "Chuo Kikuu",
        "building": "residential",
        "building:levels": "1",
        "building:material": "cement_block"
      },
      "geometry": {
        "type": "Polygon",
        "coordinates": [
          [
            [
              39.207194,
              -6.7751239
            ],
            [
              39.207194,
              -6.7751961
            ],
            [
              39.2072148,
              -6.7752171
            ],
            [
              39.2072261,
              -6.7752021
            ],
            [
              39.2072446,
              -6.7752168
            ],
            [
              39.2072553,
              -6.7752035
            ],
            [
              39.2072543,
              -6.7751758
            ],
            [
              39.2073621,
              -6.7751763
            ],
            [
              39.2073619,
              -6.7751379
            ],
            [
              39.2073316,
              -6.7751059
            ],
            [
              39.2073137,
              -6.7751216
            ],
            [
              39.2072989,
              -6.7751082
            ],
            [
              39.2072838,
              -6.7751217
            ],
            [
              39.2072712,
              -6.7751084
            ],
            [
              39.2072541,
              -6.7751217
            ],
            [
              39.2072409,
              -6.7751079
            ],
            [
              39.2072258,
              -6.7751217
            ],
            [
              39.2072104,
              -6.7751087
            ],
            [
              39.207194,
              -6.7751239
            ]
          ]
        ]
      },
      "id": "way/364117185"
    },
    {
      "type": "Feature",
      "properties": {
        "@id": "way/364117188",
        "addr:street": "Chuo Kikuu",
        "building": "residential",
        "building:levels": "1",
        "building:material": "cement_block"
      },
      "geometry": {
        "type": "Polygon",
        "coordinates": [
          [
            [
              39.2075235,
              -6.775512
            ],
            [
              39.2075215,
              -6.7755386
            ],
            [
              39.2074862,
              -6.775536
            ],
            [
              39.207484,
              -6.7755671
            ],
            [
              39.2076346,
              -6.775578
            ],
            [
              39.2076388,
              -6.7755203
            ],
            [
              39.2075235,
              -6.775512
            ]
          ]
        ]
      },
      "id": "way/364117188"
    },
    {
      "type": "Feature",
      "properties": {
        "@id": "way/364117191",
        "addr:street": "Chuo Kikuu",
        "building": "residential",
        "building:levels": "1",
        "building:material": "cement_block"
      },
      "geometry": {
        "type": "Polygon",
        "coordinates": [
          [
            [
              39.2069122,
              -6.7747476
            ],
            [
              39.2068851,
              -6.7747699
            ],
            [
              39.2068872,
              -6.7748237
            ],
            [
              39.206906,
              -6.7748423
            ],
            [
              39.2069184,
              -6.7748264
            ],
            [
              39.2069318,
              -6.7748417
            ],
            [
              39.2069479,
              -6.774827
            ],
            [
              39.206962,
              -6.774842
            ],
            [
              39.206973,
              -6.7748284
            ],
            [
              39.2069733,
              -6.7748032
            ],
            [
              39.2071561,
              -6.7748047
            ],
            [
              39.2071777,
              -6.7747787
            ],
            [
              39.2071476,
              -6.774749
            ],
            [
              39.2071283,
              -6.7747598
            ],
            [
              39.2071122,
              -6.7747448
            ],
            [
              39.2070978,
              -6.7747574
            ],
            [
              39.2070861,
              -6.7747461
            ],
            [
              39.2070693,
              -6.7747591
            ],
            [
              39.2070576,
              -6.7747455
            ],
            [
              39.2070411,
              -6.7747571
            ],
            [
              39.2070271,
              -6.7747471
            ],
            [
              39.2070103,
              -6.7747578
            ],
            [
              39.2069982,
              -6.7747471
            ],
            [
              39.2069825,
              -6.7747581
            ],
            [
              39.2069691,
              -6.7747471
            ],
            [
              39.2069526,
              -6.7747594
            ],
            [
              39.2069365,
              -6.7747491
            ],
            [
              39.2069235,
              -6.7747588
            ],
            [
              39.2069122,
              -6.7747476
            ]
          ]
        ]
      },
      "id": "way/364117191"
    },
    {
      "type": "Feature",
      "properties": {
        "@id": "way/364117194",
        "addr:housenumber": "Kilimahewa 3",
        "addr:street": "Chuo Kikuu",
        "building": "residential",
        "building:levels": "2",
        "building:material": "cement_block"
      },
      "geometry": {
        "type": "Polygon",
        "coordinates": [
          [
            [
              39.2068116,
              -6.774338
            ],
            [
              39.2067131,
              -6.7743342
            ],
            [
              39.2067115,
              -6.7743737
            ],
            [
              39.2066515,
              -6.7743714
            ],
            [
              39.2066487,
              -6.774443
            ],
            [
              39.2067164,
              -6.7744457
            ],
            [
              39.2067139,
              -6.7745096
            ],
            [
              39.2068047,
              -6.7745131
            ],
            [
              39.2068063,
              -6.7744726
            ],
            [
              39.2068116,
              -6.774338
            ]
          ]
        ]
      },
      "id": "way/364117194"
    },
    {
      "type": "Feature",
      "properties": {
        "@id": "way/364123791",
        "addr:city": "Dar es salaam",
        "addr:district": "Ubungo",
        "addr:municipality": "Ubungo",
        "amenity": "place_of_worship",
        "building": "church",
        "building:levels": "2",
        "building:material": "cement_block",
        "name": "CCT & TEC CHURCH",
        "name:en": "CCT & TEC CHURCH",
        "religion": "christian"
      },
      "geometry": {
        "type": "Polygon",
        "coordinates": [
          [
            [
              39.2048604,
              -6.7759668
            ],
            [
              39.204893,
              -6.7760001
            ],
            [
              39.2048626,
              -6.7760294
            ],
            [
              39.2048913,
              -6.7760587
            ],
            [
              39.204861,
              -6.7760879
            ],
            [
              39.2049229,
              -6.7761513
            ],
            [
              39.2049547,
              -6.7761206
            ],
            [
              39.2049909,
              -6.7761576
            ],
            [
              39.2050218,
              -6.7761278
            ],
            [
              39.2050445,
              -6.776151
            ],
            [
              39.2051133,
              -6.7760847
            ],
            [
              39.2050887,
              -6.7760596
            ],
            [
              39.2051223,
              -6.7760272
            ],
            [
              39.2050932,
              -6.7759974
            ],
            [
              39.2051193,
              -6.7759723
            ],
            [
              39.2050481,
              -6.7758995
            ],
            [
              39.2050208,
              -6.7759258
            ],
            [
              39.2049927,
              -6.775897
            ],
            [
              39.2049569,
              -6.7759314
            ],
            [
              39.2049279,
              -6.7759017
            ],
            [
              39.2048604,
              -6.7759668
            ]
          ]
        ]
      },
      "id": "way/364123791"
    },
    {
      "type": "Feature",
      "properties": {
        "@id": "way/364123798",
        "addr:housenumber": "Kilimahewa 23",
        "addr:street": "Chuo Kikuu",
        "building": "residential",
        "building:levels": "2",
        "building:material": "cement_block"
      },
      "geometry": {
        "type": "Polygon",
        "coordinates": [
          [
            [
              39.2059885,
              -6.7742284
            ],
            [
              39.2058929,
              -6.7742319
            ],
            [
              39.2058984,
              -6.7743801
            ],
            [
              39.205994,
              -6.7743767
            ],
            [
              39.2059885,
              -6.7742284
            ]
          ]
        ]
      },
      "id": "way/364123798"
    },
    {
      "type": "Feature",
      "properties": {
        "@id": "way/364123804",
        "addr:housenumber": "Kilimahewa 23",
        "addr:street": "Chuo Kikuu",
        "building": "residential",
        "building:levels": "2",
        "building:material": "cement_block"
      },
      "geometry": {
        "type": "Polygon",
        "coordinates": [
          [
            [
              39.2057959,
              -6.7745439
            ],
            [
              39.2058051,
              -6.7746845
            ],
            [
              39.2059015,
              -6.7746783
            ],
            [
              39.2058924,
              -6.7745377
            ],
            [
              39.2057959,
              -6.7745439
            ]
          ]
        ]
      },
      "id": "way/364123804"
    },
    {
      "type": "Feature",
      "properties": {
        "@id": "way/364123818",
        "addr:housenumber": "Kilimahewa 23",
        "addr:street": "Chuo Kikuu",
        "building": "residential",
        "building:levels": "2",
        "building:material": "cement_block"
      },
      "geometry": {
        "type": "Polygon",
        "coordinates": [
          [
            [
              39.2058449,
              -6.7743872
            ],
            [
              39.2058501,
              -6.7745303
            ],
            [
              39.2059459,
              -6.7745269
            ],
            [
              39.2059407,
              -6.7743838
            ],
            [
              39.2058449,
              -6.7743872
            ]
          ]
        ]
      },
      "id": "way/364123818"
    },
    {
      "type": "Feature",
      "properties": {
        "@id": "way/364123825",
        "addr:housenumber": "Kilimahewa 23",
        "addr:street": "Chuo Kikuu",
        "building": "residential",
        "building:levels": "2",
        "building:material": "cement_block"
      },
      "geometry": {
        "type": "Polygon",
        "coordinates": [
          [
            [
              39.2058481,
              -6.7746929
            ],
            [
              39.2057682,
              -6.7746946
            ],
            [
              39.2057687,
              -6.7747148
            ],
            [
              39.2057521,
              -6.7747151
            ],
            [
              39.2057545,
              -6.7748249
            ],
            [
              39.2057895,
              -6.7748242
            ],
            [
              39.2057897,
              -6.7748339
            ],
            [
              39.2058512,
              -6.7748325
            ],
            [
              39.2058481,
              -6.7746929
            ]
          ]
        ]
      },
      "id": "way/364123825"
    },
    {
      "type": "Feature",
      "properties": {
        "@id": "way/364138830",
        "addr:street": "Ubungo Msewe",
        "building": "residential",
        "building:levels": "1",
        "building:material": "cement_block"
      },
      "geometry": {
        "type": "Polygon",
        "coordinates": [
          [
            [
              39.1978858,
              -6.7846562
            ],
            [
              39.1978684,
              -6.7847339
            ],
            [
              39.1979437,
              -6.7847529
            ],
            [
              39.1979098,
              -6.7848621
            ],
            [
              39.1979474,
              -6.7848725
            ],
            [
              39.1979874,
              -6.7847597
            ],
            [
              39.1980064,
              -6.7846877
            ],
            [
              39.1978858,
              -6.7846562
            ]
          ]
        ]
      },
      "id": "way/364138830"
    },
    {
      "type": "Feature",
      "properties": {
        "@id": "way/364138833",
        "addr:street": "Ubungo Msewe",
        "building": "residential",
        "building:levels": "1",
        "building:material": "cement_block"
      },
      "geometry": {
        "type": "Polygon",
        "coordinates": [
          [
            [
              39.1984137,
              -6.7845331
            ],
            [
              39.1983697,
              -6.7845942
            ],
            [
              39.1984674,
              -6.7846636
            ],
            [
              39.1984287,
              -6.7847174
            ],
            [
              39.1984068,
              -6.7847019
            ],
            [
              39.1983927,
              -6.7847215
            ],
            [
              39.198363,
              -6.7847627
            ],
            [
              39.1983316,
              -6.7847404
            ],
            [
              39.1982975,
              -6.7847877
            ],
            [
              39.198438,
              -6.7848875
            ],
            [
              39.1984751,
              -6.784836
            ],
            [
              39.1984894,
              -6.7848462
            ],
            [
              39.1985712,
              -6.7847326
            ],
            [
              39.1985544,
              -6.7847206
            ],
            [
              39.1985961,
              -6.7846628
            ],
            [
              39.1984137,
              -6.7845331
            ]
          ]
        ]
      },
      "id": "way/364138833"
    },
    {
      "type": "Feature",
      "properties": {
        "@id": "way/364138835",
        "addr:street": "Ubungo Msewe",
        "building": "residential",
        "building:levels": "1",
        "building:material": "cement_block"
      },
      "geometry": {
        "type": "Polygon",
        "coordinates": [
          [
            [
              39.198177,
              -6.7846655
            ],
            [
              39.1981622,
              -6.7846887
            ],
            [
              39.1981987,
              -6.7847116
            ],
            [
              39.1982135,
              -6.7846883
            ],
            [
              39.198177,
              -6.7846655
            ]
          ]
        ]
      },
      "id": "way/364138835"
    },
    {
      "type": "Feature",
      "properties": {
        "@id": "way/364138837",
        "addr:street": "Ubungo Msewe",
        "building": "residential",
        "building:levels": "1",
        "building:material": "cement_block"
      },
      "geometry": {
        "type": "Polygon",
        "coordinates": [
          [
            [
              39.197863,
              -6.784755
            ],
            [
              39.1978455,
              -6.7848139
            ],
            [
              39.1978751,
              -6.7848226
            ],
            [
              39.1978926,
              -6.7847637
            ],
            [
              39.197863,
              -6.784755
            ]
          ]
        ]
      },
      "id": "way/364138837"
    },
    {
      "type": "Feature",
      "properties": {
        "@id": "way/364138838",
        "addr:street": "Ubungo Msewe",
        "building": "residential",
        "building:levels": "1",
        "building:material": "cement_block"
      },
      "geometry": {
        "type": "Polygon",
        "coordinates": [
          [
            [
              39.198287,
              -6.7848867
            ],
            [
              39.1981654,
              -6.7848338
            ],
            [
              39.198113,
              -6.7849527
            ],
            [
              39.198124,
              -6.7849575
            ],
            [
              39.1981172,
              -6.784973
            ],
            [
              39.198091,
              -6.7849616
            ],
            [
              39.1980675,
              -6.785015
            ],
            [
              39.1982043,
              -6.7850744
            ],
            [
              39.198287,
              -6.7848867
            ]
          ]
        ]
      },
      "id": "way/364138838"
    },
    {
      "type": "Feature",
      "properties": {
        "@id": "way/364138839",
        "addr:street": "Ubungo Msewe",
        "building": "residential",
        "building:levels": "1",
        "building:material": "cement_block"
      },
      "geometry": {
        "type": "Polygon",
        "coordinates": [
          [
            [
              39.1977908,
              -6.7847211
            ],
            [
              39.197771,
              -6.7847929
            ],
            [
              39.1978391,
              -6.7848114
            ],
            [
              39.1978589,
              -6.7847396
            ],
            [
              39.1977908,
              -6.7847211
            ]
          ]
        ]
      },
      "id": "way/364138839"
    },
    {
      "type": "Feature",
      "properties": {
        "@id": "way/364138840",
        "addr:street": "Ubungo Msewe",
        "building": "residential",
        "building:levels": "1",
        "building:material": "cement_block"
      },
      "geometry": {
        "type": "Polygon",
        "coordinates": [
          [
            [
              39.1976896,
              -6.7846078
            ],
            [
              39.1976621,
              -6.7846958
            ],
            [
              39.1977477,
              -6.7847222
            ],
            [
              39.1977752,
              -6.7846342
            ],
            [
              39.1976896,
              -6.7846078
            ]
          ]
        ]
      },
      "id": "way/364138840"
    },
    {
      "type": "Feature",
      "properties": {
        "@id": "way/364138842",
        "addr:street": "Ubungo Msewe",
        "building": "residential",
        "building:levels": "1",
        "building:material": "cement_block"
      },
      "geometry": {
        "type": "Polygon",
        "coordinates": [
          [
            [
              39.1980271,
              -6.7847534
            ],
            [
              39.1979828,
              -6.7848381
            ],
            [
              39.1980123,
              -6.7848534
            ],
            [
              39.198023,
              -6.784833
            ],
            [
              39.1980355,
              -6.7848394
            ],
            [
              39.1980692,
              -6.7847751
            ],
            [
              39.1980271,
              -6.7847534
            ]
          ]
        ]
      },
      "id": "way/364138842"
    },
    {
      "type": "Feature",
      "properties": {
        "@id": "way/364138845",
        "addr:street": "Ubungo Msewe",
        "building": "residential",
        "building:levels": "1",
        "building:material": "cement_block"
      },
      "geometry": {
        "type": "Polygon",
        "coordinates": [
          [
            [
              39.1983357,
              -6.7849063
            ],
            [
              39.1983213,
              -6.7849354
            ],
            [
              39.1984156,
              -6.7849812
            ],
            [
              39.19843,
              -6.7849521
            ],
            [
              39.1983357,
              -6.7849063
            ]
          ]
        ]
      },
      "id": "way/364138845"
    },
    {
      "type": "Feature",
      "properties": {
        "@id": "way/364138849",
        "addr:street": "Ubungo Msewe",
        "building": "residential",
        "building:levels": "1",
        "building:material": "cement_block"
      },
      "geometry": {
        "type": "Polygon",
        "coordinates": [
          [
            [
              39.1978006,
              -6.7846133
            ],
            [
              39.1977734,
              -6.7847151
            ],
            [
              39.1978105,
              -6.7847249
            ],
            [
              39.1978228,
              -6.7846788
            ],
            [
              39.1978357,
              -6.7846822
            ],
            [
              39.197824,
              -6.7847262
            ],
            [
              39.1978601,
              -6.7847357
            ],
            [
              39.1978867,
              -6.7846359
            ],
            [
              39.1978006,
              -6.7846133
            ]
          ]
        ]
      },
      "id": "way/364138849"
    },
    {
      "type": "Feature",
      "properties": {
        "@id": "way/364138852",
        "addr:street": "Ubungo Msewe",
        "building": "residential",
        "building:levels": "1",
        "building:material": "cement_block"
      },
      "geometry": {
        "type": "Polygon",
        "coordinates": [
          [
            [
              39.1985133,
              -6.7843665
            ],
            [
              39.1986028,
              -6.7844136
            ],
            [
              39.1986546,
              -6.7843166
            ],
            [
              39.1986373,
              -6.7843075
            ],
            [
              39.1986573,
              -6.78427
            ],
            [
              39.198585,
              -6.784232
            ],
            [
              39.1985133,
              -6.7843665
            ]
          ]
        ]
      },
      "id": "way/364138852"
    },
    {
      "type": "Feature",
      "properties": {
        "@id": "way/364138854",
        "addr:street": "Ubungo Msewe",
        "building": "residential",
        "building:levels": "1",
        "building:material": "cement_block"
      },
      "geometry": {
        "type": "Polygon",
        "coordinates": [
          [
            [
              39.1982522,
              -6.7846936
            ],
            [
              39.1982214,
              -6.7847422
            ],
            [
              39.1982849,
              -6.7847819
            ],
            [
              39.1983157,
              -6.7847333
            ],
            [
              39.1982522,
              -6.7846936
            ]
          ]
        ]
      },
      "id": "way/364138854"
    },
    {
      "type": "Feature",
      "properties": {
        "@id": "way/364138855",
        "addr:city": "Dar es Salaam",
        "addr:district": "Ubungo",
        "addr:street": "Ubungo Msewe",
        "addr:subward": "Msewe",
        "addr:ward": "Ubungo",
        "building": "hospital",
        "building:levels": "1",
        "building:material": "cement_block",
        "condition": "good",
        "name": "Moyo Safi wa Maria Hospital",
        "name:sw": "Hospitali ya Moyo Safi wa Maria",
        "ownership": "institution"
      },
      "geometry": {
        "type": "Polygon",
        "coordinates": [
          [
            [
              39.1971934,
              -6.7843927
            ],
            [
              39.1971602,
              -6.7844596
            ],
            [
              39.1971638,
              -6.7844614
            ],
            [
              39.1971275,
              -6.7845344
            ],
            [
              39.1972969,
              -6.7846173
            ],
            [
              39.1973664,
              -6.7844775
            ],
            [
              39.1971934,
              -6.7843927
            ]
          ]
        ]
      },
      "id": "way/364138855"
    },
    {
      "type": "Feature",
      "properties": {
        "@id": "way/364138861",
        "addr:street": "Ubungo Msewe",
        "building": "residential",
        "building:levels": "1",
        "building:material": "cement_block"
      },
      "geometry": {
        "type": "Polygon",
        "coordinates": [
          [
            [
              39.1974927,
              -6.7845537
            ],
            [
              39.1974773,
              -6.7846334
            ],
            [
              39.197545,
              -6.7846463
            ],
            [
              39.1975604,
              -6.7845666
            ],
            [
              39.1974927,
              -6.7845537
            ]
          ]
        ]
      },
      "id": "way/364138861"
    },
    {
      "type": "Feature",
      "properties": {
        "@id": "way/364138862",
        "addr:street": "Ubungo Msewe",
        "building": "residential",
        "building:levels": "1",
        "building:material": "cement_block"
      },
      "geometry": {
        "type": "Polygon",
        "coordinates": [
          [
            [
              39.1982855,
              -6.7846039
            ],
            [
              39.1982506,
              -6.7846512
            ],
            [
              39.1983527,
              -6.7847255
            ],
            [
              39.1983876,
              -6.7846782
            ],
            [
              39.1982855,
              -6.7846039
            ]
          ]
        ]
      },
      "id": "way/364138862"
    },
    {
      "type": "Feature",
      "properties": {
        "@id": "way/364138864",
        "addr:street": "Ubungo Msewe",
        "building": "residential",
        "building:levels": "1",
        "building:material": "cement_block"
      },
      "geometry": {
        "type": "Polygon",
        "coordinates": [
          [
            [
              39.1981452,
              -6.7847958
            ],
            [
              39.1981571,
              -6.7848253
            ],
            [
              39.1981953,
              -6.7848102
            ],
            [
              39.1981835,
              -6.7847807
            ],
            [
              39.1981452,
              -6.7847958
            ]
          ]
        ]
      },
      "id": "way/364138864"
    },
    {
      "type": "Feature",
      "properties": {
        "@id": "way/364138866",
        "addr:street": "Ubungo Msewe",
        "building": "residential",
        "building:levels": "1",
        "building:material": "cement_block"
      },
      "geometry": {
        "type": "Polygon",
        "coordinates": [
          [
            [
              39.1975934,
              -6.7845526
            ],
            [
              39.1975651,
              -6.7846483
            ],
            [
              39.1976488,
              -6.7846727
            ],
            [
              39.1976771,
              -6.7845771
            ],
            [
              39.1975934,
              -6.7845526
            ]
          ]
        ]
      },
      "id": "way/364138866"
    },
    {
      "type": "Feature",
      "properties": {
        "@id": "way/364138870",
        "addr:street": "Ubungo Msewe",
        "building": "residential",
        "building:levels": "1",
        "building:material": "cement_block"
      },
      "geometry": {
        "type": "Polygon",
        "coordinates": [
          [
            [
              39.1973429,
              -6.7846511
            ],
            [
              39.1973232,
              -6.7847114
            ],
            [
              39.1972619,
              -6.7846916
            ],
            [
              39.1972453,
              -6.7847422
            ],
            [
              39.1973629,
              -6.7847801
            ],
            [
              39.1973991,
              -6.7846692
            ],
            [
              39.1973429,
              -6.7846511
            ]
          ]
        ]
      },
      "id": "way/364138870"
    },
    {
      "type": "Feature",
      "properties": {
        "@id": "way/365681715",
        "addr:street": "Chuo Kikuu",
        "building": "residential",
        "building:levels": "2",
        "building:material": "cement_block"
      },
      "geometry": {
        "type": "Polygon",
        "coordinates": [
          [
            [
              39.204768,
              -6.7848489
            ],
            [
              39.2047653,
              -6.7849496
            ],
            [
              39.2050278,
              -6.7849565
            ],
            [
              39.2050305,
              -6.7848558
            ],
            [
              39.204768,
              -6.7848489
            ]
          ]
        ]
      },
      "id": "way/365681715"
    },
    {
      "type": "Feature",
      "properties": {
        "@id": "way/365681743",
        "addr:housenumber": "UBUNGO FLAT NO 57-60",
        "addr:street": "Chuo Kikuu",
        "building": "residential",
        "building:levels": "2",
        "building:material": "cement_block"
      },
      "geometry": {
        "type": "Polygon",
        "coordinates": [
          [
            [
              39.2053464,
              -6.7848512
            ],
            [
              39.2053465,
              -6.7849542
            ],
            [
              39.2056339,
              -6.784954
            ],
            [
              39.2056338,
              -6.784851
            ],
            [
              39.2053464,
              -6.7848512
            ]
          ]
        ]
      },
      "id": "way/365681743"
    },
    {
      "type": "Feature",
      "properties": {
        "@id": "way/365681745",
        "addr:street": "Chuo Kikuu",
        "building": "residential",
        "building:levels": "1",
        "building:material": "cement_block"
      },
      "geometry": {
        "type": "Polygon",
        "coordinates": [
          [
            [
              39.2050564,
              -6.7847703
            ],
            [
              39.2050585,
              -6.7848728
            ],
            [
              39.2053406,
              -6.784867
            ],
            [
              39.2053385,
              -6.7847645
            ],
            [
              39.2050564,
              -6.7847703
            ]
          ]
        ]
      },
      "id": "way/365681745"
    },
    {
      "type": "Feature",
      "properties": {
        "@id": "way/375053839",
        "addr:housenumber": "Simba House 11",
        "addr:street": "Chuo Kikuu",
        "building": "residential",
        "building:levels": "2",
        "building:material": "cement_block"
      },
      "geometry": {
        "type": "Polygon",
        "coordinates": [
          [
            [
              39.2085502,
              -6.7744854
            ],
            [
              39.2085508,
              -6.774557
            ],
            [
              39.2087905,
              -6.7745548
            ],
            [
              39.2087898,
              -6.7744833
            ],
            [
              39.2085502,
              -6.7744854
            ]
          ]
        ]
      },
      "id": "way/375053839"
    },
    {
      "type": "Feature",
      "properties": {
        "@id": "way/375053840",
        "addr:street": "Chuo Kikuu",
        "building": "residential",
        "building:levels": "1",
        "building:material": "cement_block"
      },
      "geometry": {
        "type": "Polygon",
        "coordinates": [
          [
            [
              39.209255,
              -6.7746808
            ],
            [
              39.2092634,
              -6.77478
            ],
            [
              39.209322,
              -6.7747751
            ],
            [
              39.2093136,
              -6.7746759
            ],
            [
              39.209255,
              -6.7746808
            ]
          ]
        ]
      },
      "id": "way/375053840"
    },
    {
      "type": "Feature",
      "properties": {
        "@id": "way/375056819",
        "addr:city": "Dar es salaam",
        "addr:district": "Ubungo",
        "addr:municipality": "Ubungo",
        "addr:street": "Chuo Kikuu",
        "amenity": "restaurant",
        "building": "commercial",
        "building:levels": "1",
        "building:material": "cement_block",
        "name": "Cafteria 1"
      },
      "geometry": {
        "type": "Polygon",
        "coordinates": [
          [
            [
              39.2068904,
              -6.7786166
            ],
            [
              39.2068908,
              -6.7786502
            ],
            [
              39.2068873,
              -6.7786503
            ],
            [
              39.2068896,
              -6.7788361
            ],
            [
              39.207175,
              -6.7788326
            ],
            [
              39.2071746,
              -6.7788046
            ],
            [
              39.2073346,
              -6.7788027
            ],
            [
              39.2073343,
              -6.7787746
            ],
            [
              39.2073344,
              -6.7787746
            ],
            [
              39.2073335,
              -6.7787002
            ],
            [
              39.207291,
              -6.7787007
            ],
            [
              39.2072906,
              -6.7786709
            ],
            [
              39.207178,
              -6.7786723
            ],
            [
              39.2071772,
              -6.7786132
            ],
            [
              39.2068904,
              -6.7786166
            ]
          ]
        ]
      },
      "id": "way/375056819"
    },
    {
      "type": "Feature",
      "properties": {
        "@id": "way/375056820",
        "addr:city": "Dar es salaam",
        "addr:district": "Ubungo",
        "addr:municipality": "Ubungo",
        "addr:street": "Chuo Kikuu",
        "amenity": "restaurant",
        "building": "commercial",
        "building:levels": "1",
        "building:material": "cement_block",
        "name": "Cafteria 2"
      },
      "geometry": {
        "type": "Polygon",
        "coordinates": [
          [
            [
              39.2073538,
              -6.7783272
            ],
            [
              39.2073549,
              -6.7785947
            ],
            [
              39.2073407,
              -6.7785948
            ],
            [
              39.2073409,
              -6.7786474
            ],
            [
              39.20738,
              -6.7786472
            ],
            [
              39.2073803,
              -6.7787162
            ],
            [
              39.2073457,
              -6.7787164
            ],
            [
              39.2073458,
              -6.77875
            ],
            [
              39.2073784,
              -6.7787499
            ],
            [
              39.2073785,
              -6.7787779
            ],
            [
              39.2075544,
              -6.7787772
            ],
            [
              39.2075538,
              -6.778621
            ],
            [
              39.2075763,
              -6.7786209
            ],
            [
              39.2075751,
              -6.7783263
            ],
            [
              39.2073538,
              -6.7783272
            ]
          ]
        ]
      },
      "id": "way/375056820"
    },
    {
      "type": "Feature",
      "properties": {
        "@id": "way/375056822",
        "addr:city": "Dar es salaam",
        "addr:district": "Ubungo",
        "addr:municipality": "Ubungo",
        "addr:street": "Chuo Kikuu",
        "amenity": "bar",
        "building": "commercial",
        "building:levels": "1",
        "building:material": "cement_block",
        "name": "Daruso Bar"
      },
      "geometry": {
        "type": "Polygon",
        "coordinates": [
          [
            [
              39.206872,
              -6.7790014
            ],
            [
              39.206874,
              -6.7791036
            ],
            [
              39.2072382,
              -6.7790965
            ],
            [
              39.2072361,
              -6.7789943
            ],
            [
              39.206872,
              -6.7790014
            ]
          ]
        ]
      },
      "id": "way/375056822"
    },
    {
      "type": "Feature",
      "properties": {
        "@id": "way/375056823",
        "addr:street": "Chuo Kikuu",
        "building": "public",
        "building:levels": "4",
        "building:material": "cement_block",
        "name": "Hall of Residence1",
        "tourism": "hostel"
      },
      "geometry": {
        "type": "Polygon",
        "coordinates": [
          [
            [
              39.2063049,
              -6.7777778
            ],
            [
              39.2063118,
              -6.7779228
            ],
            [
              39.2064087,
              -6.7779183
            ],
            [
              39.2064018,
              -6.7777732
            ],
            [
              39.2063049,
              -6.7777778
            ]
          ]
        ]
      },
      "id": "way/375056823"
    },
    {
      "type": "Feature",
      "properties": {
        "@id": "way/375056824",
        "addr:street": "Chuo Kikuu",
        "building": "public",
        "building:levels": "2",
        "building:material": "cement_block",
        "name": "Hall of Residence1",
        "tourism": "hostel"
      },
      "geometry": {
        "type": "Polygon",
        "coordinates": [
          [
            [
              39.2065754,
              -6.7781745
            ],
            [
              39.2064431,
              -6.7781762
            ],
            [
              39.2064432,
              -6.7781814
            ],
            [
              39.2064324,
              -6.7781815
            ],
            [
              39.2064329,
              -6.7782224
            ],
            [
              39.2064216,
              -6.7782226
            ],
            [
              39.2064209,
              -6.7781747
            ],
            [
              39.2063564,
              -6.7781755
            ],
            [
              39.2063572,
              -6.7782364
            ],
            [
              39.2063573,
              -6.7782405
            ],
            [
              39.2066882,
              -6.7782361
            ],
            [
              39.2066882,
              -6.7782325
            ],
            [
              39.2067198,
              -6.7782321
            ],
            [
              39.206719,
              -6.77817
            ],
            [
              39.2065754,
              -6.778172
            ],
            [
              39.2065754,
              -6.7781745
            ]
          ]
        ]
      },
      "id": "way/375056824"
    },
    {
      "type": "Feature",
      "properties": {
        "@id": "way/375056825",
        "addr:street": "Chuo Kikuu",
        "building": "residential",
        "building:levels": "8",
        "building:material": "cement_block",
        "name": "Hall of Residence1",
        "tourism": "hostel"
      },
      "geometry": {
        "type": "Polygon",
        "coordinates": [
          [
            [
              39.2065706,
              -6.7777098
            ],
            [
              39.2065753,
              -6.7778738
            ],
            [
              39.2066897,
              -6.7778706
            ],
            [
              39.206685,
              -6.7777066
            ],
            [
              39.2065706,
              -6.7777098
            ]
          ]
        ]
      },
      "id": "way/375056825"
    },
    {
      "type": "Feature",
      "properties": {
        "@id": "way/375056827",
        "addr:city": "Dar es salaam",
        "addr:district": "Ubungo",
        "addr:municipality": "Ubungo",
        "addr:street": "Chuo Kikuu",
        "building": "commercial",
        "building:levels": "1",
        "building:material": "cement_block",
        "name": "Kariakoo"
      },
      "geometry": {
        "type": "Polygon",
        "coordinates": [
          [
            [
              39.2072972,
              -6.7768296
            ],
            [
              39.2072973,
              -6.7768695
            ],
            [
              39.2073159,
              -6.7768695
            ],
            [
              39.2073159,
              -6.7768891
            ],
            [
              39.2073331,
              -6.7768891
            ],
            [
              39.2073332,
              -6.7769297
            ],
            [
              39.2072966,
              -6.7769298
            ],
            [
              39.2072967,
              -6.7769803
            ],
            [
              39.207436,
              -6.77698
            ],
            [
              39.207436,
              -6.7769307
            ],
            [
              39.2073935,
              -6.7769308
            ],
            [
              39.2073934,
              -6.7768888
            ],
            [
              39.2074233,
              -6.7768887
            ],
            [
              39.2074232,
              -6.7768132
            ],
            [
              39.2073801,
              -6.7768133
            ],
            [
              39.20738,
              -6.7767963
            ],
            [
              39.2073484,
              -6.7767963
            ],
            [
              39.2073484,
              -6.7768295
            ],
            [
              39.2072972,
              -6.7768296
            ]
          ]
        ]
      },
      "id": "way/375056827"
    },
    {
      "type": "Feature",
      "properties": {
        "@id": "way/375056828",
        "addr:street": "Chuo Kikuu",
        "building": "dormitory",
        "building:levels": "4",
        "building:material": "cement_block"
      },
      "geometry": {
        "type": "Polygon",
        "coordinates": [
          [
            [
              39.2064428,
              -6.7774628
            ],
            [
              39.2064492,
              -6.7776007
            ],
            [
              39.2065558,
              -6.7775958
            ],
            [
              39.2065495,
              -6.777458
            ],
            [
              39.2064428,
              -6.7774628
            ]
          ]
        ]
      },
      "id": "way/375056828"
    },
    {
      "type": "Feature",
      "properties": {
        "@id": "way/375056829",
        "addr:street": "Chuo Kikuu",
        "building": "dormitory",
        "building:levels": "4",
        "building:material": "cement_block"
      },
      "geometry": {
        "type": "Polygon",
        "coordinates": [
          [
            [
              39.2069383,
              -6.7779419
            ],
            [
              39.2069404,
              -6.7780802
            ],
            [
              39.2070451,
              -6.7780787
            ],
            [
              39.207043,
              -6.7779404
            ],
            [
              39.2069383,
              -6.7779419
            ]
          ]
        ]
      },
      "id": "way/375056829"
    },
    {
      "type": "Feature",
      "properties": {
        "@id": "way/375056830",
        "addr:street": "Chuo Kikuu",
        "building": "residential",
        "building:levels": "1",
        "building:material": "cement_block"
      },
      "geometry": {
        "type": "Polygon",
        "coordinates": [
          [
            [
              39.207493,
              -6.7770414
            ],
            [
              39.207494,
              -6.7770955
            ],
            [
              39.2075167,
              -6.7770951
            ],
            [
              39.2075186,
              -6.777189
            ],
            [
              39.2076042,
              -6.7771873
            ],
            [
              39.2076023,
              -6.7770912
            ],
            [
              39.2075627,
              -6.777092
            ],
            [
              39.2075617,
              -6.7770401
            ],
            [
              39.207493,
              -6.7770414
            ]
          ]
        ]
      },
      "id": "way/375056830"
    },
    {
      "type": "Feature",
      "properties": {
        "@id": "way/375056832",
        "addr:street": "Chuo Kikuu",
        "building": "public",
        "building:levels": "1",
        "building:material": "cement_block"
      },
      "geometry": {
        "type": "Polygon",
        "coordinates": [
          [
            [
              39.2067982,
              -6.7777246
            ],
            [
              39.2067999,
              -6.7777934
            ],
            [
              39.207047,
              -6.7777876
            ],
            [
              39.2070454,
              -6.7777189
            ],
            [
              39.2067982,
              -6.7777246
            ]
          ]
        ]
      },
      "id": "way/375056832"
    },
    {
      "type": "Feature",
      "properties": {
        "@id": "way/375056833",
        "addr:street": "Chuo Kikuu",
        "building": "residential",
        "building:levels": "1",
        "building:material": "cement_block"
      },
      "geometry": {
        "type": "Polygon",
        "coordinates": [
          [
            [
              39.2074434,
              -6.7776118
            ],
            [
              39.2074428,
              -6.7776511
            ],
            [
              39.2075117,
              -6.7776522
            ],
            [
              39.2075123,
              -6.7776129
            ],
            [
              39.2074434,
              -6.7776118
            ]
          ]
        ]
      },
      "id": "way/375056833"
    },
    {
      "type": "Feature",
      "properties": {
        "@id": "way/375056834",
        "addr:street": "Chuo Kikuu",
        "building": "public",
        "building:levels": "1",
        "building:material": "cement_block"
      },
      "geometry": {
        "type": "Polygon",
        "coordinates": [
          [
            [
              39.2071425,
              -6.7776733
            ],
            [
              39.2071418,
              -6.777725
            ],
            [
              39.2072353,
              -6.7777261
            ],
            [
              39.2072359,
              -6.7776743
            ],
            [
              39.2071425,
              -6.7776733
            ]
          ]
        ]
      },
      "id": "way/375056834"
    },
    {
      "type": "Feature",
      "properties": {
        "@id": "way/375056835",
        "addr:street": "Chuo Kikuu",
        "building": "public",
        "building:levels": "1",
        "building:material": "cement_block"
      },
      "geometry": {
        "type": "Polygon",
        "coordinates": [
          [
            [
              39.20725,
              -6.777626
            ],
            [
              39.2072464,
              -6.7776805
            ],
            [
              39.2072691,
              -6.7776819
            ],
            [
              39.2072673,
              -6.7777095
            ],
            [
              39.2073373,
              -6.7777141
            ],
            [
              39.2073427,
              -6.777632
            ],
            [
              39.20725,
              -6.777626
            ]
          ]
        ]
      },
      "id": "way/375056835"
    },
    {
      "type": "Feature",
      "properties": {
        "@id": "way/375056836",
        "addr:street": "Chuo Kikuu",
        "building": "public",
        "building:levels": "1",
        "building:material": "cement_block"
      },
      "geometry": {
        "type": "Polygon",
        "coordinates": [
          [
            [
              39.2067643,
              -6.7774078
            ],
            [
              39.2067643,
              -6.7775431
            ],
            [
              39.2068684,
              -6.7775431
            ],
            [
              39.2068684,
              -6.7774078
            ],
            [
              39.2067643,
              -6.7774078
            ]
          ]
        ]
      },
      "id": "way/375056836"
    },
    {
      "type": "Feature",
      "properties": {
        "@id": "way/375056837",
        "addr:street": "Chuo Kikuu",
        "building": "residential",
        "building:levels": "1",
        "building:material": "cement_block"
      },
      "geometry": {
        "type": "Polygon",
        "coordinates": [
          [
            [
              39.2072505,
              -6.7773706
            ],
            [
              39.2072498,
              -6.7774239
            ],
            [
              39.2073426,
              -6.7774251
            ],
            [
              39.2073421,
              -6.7774657
            ],
            [
              39.2074859,
              -6.7774675
            ],
            [
              39.2074874,
              -6.777345
            ],
            [
              39.2074464,
              -6.7773445
            ],
            [
              39.2074467,
              -6.7773204
            ],
            [
              39.2073434,
              -6.7773191
            ],
            [
              39.2073428,
              -6.7773718
            ],
            [
              39.2072505,
              -6.7773706
            ]
          ]
        ]
      },
      "id": "way/375056837"
    },
    {
      "type": "Feature",
      "properties": {
        "@id": "way/375056838",
        "addr:street": "Chuo Kikuu",
        "building": "commercial",
        "building:levels": "1",
        "building:material": "cement_block"
      },
      "geometry": {
        "type": "Polygon",
        "coordinates": [
          [
            [
              39.2072005,
              -6.7768752
            ],
            [
              39.2072001,
              -6.7769309
            ],
            [
              39.2072774,
              -6.7769315
            ],
            [
              39.2072775,
              -6.7769213
            ],
            [
              39.2073022,
              -6.7769214
            ],
            [
              39.2073025,
              -6.7768759
            ],
            [
              39.2072005,
              -6.7768752
            ]
          ]
        ]
      },
      "id": "way/375056838"
    },
    {
      "type": "Feature",
      "properties": {
        "@id": "way/375513738",
        "addr:street": "Ubungo Msewe",
        "building": "residential",
        "building:levels": "1",
        "building:material": "cement_block"
      },
      "geometry": {
        "type": "Polygon",
        "coordinates": [
          [
            [
              39.1979672,
              -6.7828036
            ],
            [
              39.197992,
              -6.7828122
            ],
            [
              39.1980165,
              -6.7827425
            ],
            [
              39.197992,
              -6.782734
            ],
            [
              39.1980041,
              -6.7826999
            ],
            [
              39.1979125,
              -6.7826677
            ],
            [
              39.1979256,
              -6.7826346
            ],
            [
              39.197867,
              -6.7826117
            ],
            [
              39.1978375,
              -6.7826859
            ],
            [
              39.1978485,
              -6.7826902
            ],
            [
              39.1978218,
              -6.7827654
            ],
            [
              39.1979631,
              -6.7828151
            ],
            [
              39.1979672,
              -6.7828036
            ]
          ]
        ]
      },
      "id": "way/375513738"
    },
    {
      "type": "Feature",
      "properties": {
        "@id": "way/375513739",
        "addr:street": "Ubungo Msewe",
        "building": "residential",
        "building:levels": "1",
        "building:material": "cement_block"
      },
      "geometry": {
        "type": "Polygon",
        "coordinates": [
          [
            [
              39.1977121,
              -6.7827653
            ],
            [
              39.1976934,
              -6.7828047
            ],
            [
              39.1976768,
              -6.7827969
            ],
            [
              39.1976528,
              -6.7828474
            ],
            [
              39.1976668,
              -6.7828539
            ],
            [
              39.1976441,
              -6.7829017
            ],
            [
              39.1977359,
              -6.7829447
            ],
            [
              39.1977529,
              -6.7829087
            ],
            [
              39.1977762,
              -6.7829196
            ],
            [
              39.1978043,
              -6.7828605
            ],
            [
              39.1977792,
              -6.7828488
            ],
            [
              39.1977926,
              -6.7828203
            ],
            [
              39.1977744,
              -6.7828118
            ],
            [
              39.1977811,
              -6.7827976
            ],
            [
              39.1977121,
              -6.7827653
            ]
          ]
        ]
      },
      "id": "way/375513739"
    },
    {
      "type": "Feature",
      "properties": {
        "@id": "way/375513744",
        "addr:street": "Ubungo Msewe",
        "building": "residential",
        "building:levels": "1",
        "building:material": "cement_block"
      },
      "geometry": {
        "type": "Polygon",
        "coordinates": [
          [
            [
              39.1978729,
              -6.7831724
            ],
            [
              39.1979353,
              -6.7831952
            ],
            [
              39.1979431,
              -6.7831742
            ],
            [
              39.197965,
              -6.7831823
            ],
            [
              39.1979833,
              -6.7831331
            ],
            [
              39.1978989,
              -6.7831023
            ],
            [
              39.1978729,
              -6.7831724
            ]
          ]
        ]
      },
      "id": "way/375513744"
    },
    {
      "type": "Feature",
      "properties": {
        "@id": "way/375513747",
        "addr:street": "Ubungo Msewe",
        "building": "residential",
        "building:levels": "1",
        "building:material": "cement_block"
      },
      "geometry": {
        "type": "Polygon",
        "coordinates": [
          [
            [
              39.197502,
              -6.7825991
            ],
            [
              39.1976011,
              -6.7826343
            ],
            [
              39.1976148,
              -6.7825964
            ],
            [
              39.1976268,
              -6.7826006
            ],
            [
              39.1976478,
              -6.7825423
            ],
            [
              39.1975367,
              -6.7825028
            ],
            [
              39.197502,
              -6.7825991
            ]
          ]
        ]
      },
      "id": "way/375513747"
    },
    {
      "type": "Feature",
      "properties": {
        "@id": "way/375513752",
        "addr:street": "Ubungo Msewe",
        "building": "residential",
        "building:levels": "1",
        "building:material": "cement_block"
      },
      "geometry": {
        "type": "Polygon",
        "coordinates": [
          [
            [
              39.1980822,
              -6.7833931
            ],
            [
              39.1981178,
              -6.7832916
            ],
            [
              39.1980595,
              -6.7832714
            ],
            [
              39.1980238,
              -6.7833729
            ],
            [
              39.1980822,
              -6.7833931
            ]
          ]
        ]
      },
      "id": "way/375513752"
    },
    {
      "type": "Feature",
      "properties": {
        "@id": "way/375513755",
        "addr:street": "Ubungo Msewe",
        "building": "residential",
        "building:levels": "1",
        "building:material": "cement_block"
      },
      "geometry": {
        "type": "Polygon",
        "coordinates": [
          [
            [
              39.1976351,
              -6.7826951
            ],
            [
              39.1976091,
              -6.782776
            ],
            [
              39.1976521,
              -6.7827897
            ],
            [
              39.1976619,
              -6.7827594
            ],
            [
              39.1976772,
              -6.7827643
            ],
            [
              39.1976814,
              -6.7827513
            ],
            [
              39.1977066,
              -6.7827593
            ],
            [
              39.1977187,
              -6.7827217
            ],
            [
              39.1976351,
              -6.7826951
            ]
          ]
        ]
      },
      "id": "way/375513755"
    },
    {
      "type": "Feature",
      "properties": {
        "@id": "way/375513766",
        "addr:street": "Ubungo Msewe",
        "building": "residential",
        "building:levels": "1",
        "building:material": "cement_block"
      },
      "geometry": {
        "type": "Polygon",
        "coordinates": [
          [
            [
              39.1981113,
              -6.7831783
            ],
            [
              39.1980774,
              -6.7832535
            ],
            [
              39.1984289,
              -6.78341
            ],
            [
              39.1984628,
              -6.7833348
            ],
            [
              39.1981113,
              -6.7831783
            ]
          ]
        ]
      },
      "id": "way/375513766"
    },
    {
      "type": "Feature",
      "properties": {
        "@id": "way/375513769",
        "addr:street": "Ubungo Msewe",
        "building": "residential",
        "building:levels": "1",
        "building:material": "cement_block"
      },
      "geometry": {
        "type": "Polygon",
        "coordinates": [
          [
            [
              39.1977581,
              -6.7823113
            ],
            [
              39.1977476,
              -6.7823393
            ],
            [
              39.1977846,
              -6.7823529
            ],
            [
              39.197795,
              -6.782325
            ],
            [
              39.1977581,
              -6.7823113
            ]
          ]
        ]
      },
      "id": "way/375513769"
    },
    {
      "type": "Feature",
      "properties": {
        "@id": "way/375513773",
        "addr:street": "Ubungo Msewe",
        "building": "residential",
        "building:levels": "1",
        "building:material": "cement_block"
      },
      "geometry": {
        "type": "Polygon",
        "coordinates": [
          [
            [
              39.1978537,
              -6.7825419
            ],
            [
              39.1978115,
              -6.78236
            ],
            [
              39.1977399,
              -6.7823764
            ],
            [
              39.19775,
              -6.78242
            ],
            [
              39.1977734,
              -6.7824146
            ],
            [
              39.1977919,
              -6.7824945
            ],
            [
              39.1977683,
              -6.7824999
            ],
            [
              39.1977818,
              -6.7825583
            ],
            [
              39.1978537,
              -6.7825419
            ]
          ]
        ]
      },
      "id": "way/375513773"
    },
    {
      "type": "Feature",
      "properties": {
        "@id": "way/375513779",
        "addr:street": "Ubungo Msewe",
        "building": "residential",
        "building:levels": "1",
        "building:material": "cement_block"
      },
      "geometry": {
        "type": "Polygon",
        "coordinates": [
          [
            [
              39.1974923,
              -6.7824278
            ],
            [
              39.1974748,
              -6.7824729
            ],
            [
              39.1976777,
              -6.7825505
            ],
            [
              39.1976952,
              -6.7825054
            ],
            [
              39.1974923,
              -6.7824278
            ]
          ]
        ]
      },
      "id": "way/375513779"
    },
    {
      "type": "Feature",
      "properties": {
        "@id": "way/375513786",
        "addr:street": "Ubungo Msewe",
        "building": "residential",
        "building:levels": "1",
        "building:material": "cement_block"
      },
      "geometry": {
        "type": "Polygon",
        "coordinates": [
          [
            [
              39.1983562,
              -6.7836767
            ],
            [
              39.1984106,
              -6.7836953
            ],
            [
              39.1984575,
              -6.7835595
            ],
            [
              39.1985102,
              -6.7835775
            ],
            [
              39.1985268,
              -6.7835297
            ],
            [
              39.1984626,
              -6.7835078
            ],
            [
              39.1984566,
              -6.7835251
            ],
            [
              39.1984137,
              -6.7835105
            ],
            [
              39.1983562,
              -6.7836767
            ]
          ]
        ]
      },
      "id": "way/375513786"
    },
    {
      "type": "Feature",
      "properties": {
        "@id": "way/375513790",
        "addr:street": "Ubungo Msewe",
        "building": "residential",
        "building:levels": "1",
        "building:material": "cement_block"
      },
      "geometry": {
        "type": "Polygon",
        "coordinates": [
          [
            [
              39.1977282,
              -6.7823966
            ],
            [
              39.1976769,
              -6.7823796
            ],
            [
              39.197645,
              -6.7824741
            ],
            [
              39.1976963,
              -6.7824912
            ],
            [
              39.1977282,
              -6.7823966
            ]
          ]
        ]
      },
      "id": "way/375513790"
    },
    {
      "type": "Feature",
      "properties": {
        "@id": "way/375513794",
        "addr:street": "Ubungo Msewe",
        "building": "residential",
        "building:levels": "1",
        "building:material": "cement_block"
      },
      "geometry": {
        "type": "Polygon",
        "coordinates": [
          [
            [
              39.1976963,
              -6.7837585
            ],
            [
              39.1977147,
              -6.7837057
            ],
            [
              39.1976765,
              -6.7836926
            ],
            [
              39.1976397,
              -6.7837986
            ],
            [
              39.1976776,
              -6.7838115
            ],
            [
              39.1976778,
              -6.7838108
            ],
            [
              39.1978114,
              -6.7838566
            ],
            [
              39.1978296,
              -6.7838042
            ],
            [
              39.1976963,
              -6.7837585
            ]
          ]
        ]
      },
      "id": "way/375513794"
    },
    {
      "type": "Feature",
      "properties": {
        "@id": "way/375884180",
        "addr:city": "Dar es Salaam",
        "addr:district": "Ubungo",
        "addr:street": "Chuo Kikuu",
        "addr:subward": "Chuo Kikuu",
        "addr:ward": "Ubungo",
        "building": "university",
        "condition": "good",
        "name": "College of Agricultural Science and Fishery",
        "name:sw": "College of Agricultural Science and Fishery",
        "ownership": "public"
      },
      "geometry": {
        "type": "Polygon",
        "coordinates": [
          [
            [
              39.2023837,
              -6.7833046
            ],
            [
              39.2023619,
              -6.7833499
            ],
            [
              39.2023639,
              -6.7834012
            ],
            [
              39.2023877,
              -6.7834425
            ],
            [
              39.2024154,
              -6.7834622
            ],
            [
              39.2024479,
              -6.7834867
            ],
            [
              39.2024262,
              -6.7835143
            ],
            [
              39.2024628,
              -6.78354
            ],
            [
              39.2024978,
              -6.7835703
            ],
            [
              39.2024696,
              -6.7835957
            ],
            [
              39.2025046,
              -6.7836222
            ],
            [
              39.2025277,
              -6.7836424
            ],
            [
              39.2025575,
              -6.783668
            ],
            [
              39.2025891,
              -6.7836374
            ],
            [
              39.202603,
              -6.783647
            ],
            [
              39.2025916,
              -6.7836643
            ],
            [
              39.202638,
              -6.7837039
            ],
            [
              39.2026727,
              -6.7836713
            ],
            [
              39.2026958,
              -6.7836997
            ],
            [
              39.2027268,
              -6.7837202
            ],
            [
              39.2027758,
              -6.7837263
            ],
            [
              39.2028181,
              -6.7837178
            ],
            [
              39.2028324,
              -6.7837088
            ],
            [
              39.2028538,
              -6.7836955
            ],
            [
              39.2028793,
              -6.7836629
            ],
            [
              39.2028826,
              -6.7836311
            ],
            [
              39.2028827,
              -6.7835858
            ],
            [
              39.2028699,
              -6.7835438
            ],
            [
              39.2028475,
              -6.7835159
            ],
            [
              39.2028236,
              -6.7834971
            ],
            [
              39.202796,
              -6.7834964
            ],
            [
              39.2027913,
              -6.7834326
            ],
            [
              39.202766,
              -6.7833959
            ],
            [
              39.2027342,
              -6.7833708
            ],
            [
              39.2027123,
              -6.783352
            ],
            [
              39.2026924,
              -6.7833471
            ],
            [
              39.2026554,
              -6.783344
            ],
            [
              39.2026217,
              -6.7833401
            ],
            [
              39.2026143,
              -6.7833442
            ],
            [
              39.2026024,
              -6.7833114
            ],
            [
              39.2025858,
              -6.7832827
            ],
            [
              39.2025438,
              -6.7832584
            ],
            [
              39.2024968,
              -6.7832554
            ],
            [
              39.202461,
              -6.7832574
            ],
            [
              39.2024194,
              -6.7832712
            ],
            [
              39.2023837,
              -6.7833046
            ]
          ]
        ]
      },
      "id": "way/375884180"
    },
    {
      "type": "Feature",
      "properties": {
        "@id": "way/375897235",
        "addr:street": "Chuo Kikuu",
        "building": "residential",
        "building:levels": "1",
        "building:material": "cement_block"
      },
      "geometry": {
        "type": "Polygon",
        "coordinates": [
          [
            [
              39.2010015,
              -6.7847304
            ],
            [
              39.2011189,
              -6.7848031
            ],
            [
              39.2010989,
              -6.7848349
            ],
            [
              39.2011407,
              -6.7848608
            ],
            [
              39.2011598,
              -6.7848305
            ],
            [
              39.2012089,
              -6.7848609
            ],
            [
              39.2011869,
              -6.7848961
            ],
            [
              39.2012255,
              -6.78492
            ],
            [
              39.2012895,
              -6.784818
            ],
            [
              39.2010426,
              -6.784665
            ],
            [
              39.2010015,
              -6.7847304
            ]
          ]
        ]
      },
      "id": "way/375897235"
    },
    {
      "type": "Feature",
      "properties": {
        "@id": "way/376210669",
        "addr:street": "Ubungo Msewe",
        "building": "residential",
        "building:levels": "1",
        "building:material": "cement_block"
      },
      "geometry": {
        "type": "Polygon",
        "coordinates": [
          [
            [
              39.1981769,
              -6.7830544
            ],
            [
              39.1982346,
              -6.7830623
            ],
            [
              39.1982291,
              -6.7831022
            ],
            [
              39.1982688,
              -6.7831077
            ],
            [
              39.1982663,
              -6.7831259
            ],
            [
              39.1983204,
              -6.7831333
            ],
            [
              39.1983364,
              -6.7830175
            ],
            [
              39.1983149,
              -6.7830145
            ],
            [
              39.1983223,
              -6.7829607
            ],
            [
              39.1982579,
              -6.7829519
            ],
            [
              39.1982562,
              -6.7829638
            ],
            [
              39.1981907,
              -6.7829549
            ],
            [
              39.1981769,
              -6.7830544
            ]
          ]
        ]
      },
      "id": "way/376210669"
    },
    {
      "type": "Feature",
      "properties": {
        "@id": "way/376210670",
        "addr:street": "Ubungo Msewe",
        "building": "hospital",
        "building:levels": "1",
        "building:material": "cement_block"
      },
      "geometry": {
        "type": "Polygon",
        "coordinates": [
          [
            [
              39.1975195,
              -6.7840721
            ],
            [
              39.1976565,
              -6.7841247
            ],
            [
              39.1976809,
              -6.784062
            ],
            [
              39.1975438,
              -6.7840094
            ],
            [
              39.1975195,
              -6.7840721
            ]
          ]
        ]
      },
      "id": "way/376210670"
    },
    {
      "type": "Feature",
      "properties": {
        "@id": "way/376210671",
        "addr:street": "Ubungo Msewe",
        "building": "residential",
        "building:levels": "1",
        "building:material": "cement_block"
      },
      "geometry": {
        "type": "Polygon",
        "coordinates": [
          [
            [
              39.197921,
              -6.7825631
            ],
            [
              39.1979816,
              -6.7826052
            ],
            [
              39.1979891,
              -6.7825967
            ],
            [
              39.1980366,
              -6.7826175
            ],
            [
              39.1980549,
              -6.782579
            ],
            [
              39.198003,
              -6.7825589
            ],
            [
              39.197948,
              -6.7825214
            ],
            [
              39.197921,
              -6.7825631
            ]
          ]
        ]
      },
      "id": "way/376210671"
    },
    {
      "type": "Feature",
      "properties": {
        "@id": "way/376210673",
        "addr:street": "Ubungo Msewe",
        "building": "hospital",
        "building:levels": "1",
        "building:material": "cement_block"
      },
      "geometry": {
        "type": "Polygon",
        "coordinates": [
          [
            [
              39.1976733,
              -6.7841278
            ],
            [
              39.197806,
              -6.7841837
            ],
            [
              39.1978315,
              -6.7841242
            ],
            [
              39.1976988,
              -6.7840682
            ],
            [
              39.1976733,
              -6.7841278
            ]
          ]
        ]
      },
      "id": "way/376210673"
    },
    {
      "type": "Feature",
      "properties": {
        "@id": "way/376210674",
        "addr:street": "Ubungo Msewe",
        "building": "hospital",
        "building:levels": "1",
        "building:material": "cement_block"
      },
      "geometry": {
        "type": "Polygon",
        "coordinates": [
          [
            [
              39.197812,
              -6.7841986
            ],
            [
              39.1978536,
              -6.7842192
            ],
            [
              39.1978868,
              -6.7841529
            ],
            [
              39.1978452,
              -6.7841323
            ],
            [
              39.197812,
              -6.7841986
            ]
          ]
        ]
      },
      "id": "way/376210674"
    },
    {
      "type": "Feature",
      "properties": {
        "@id": "way/376210675",
        "addr:street": "Ubungo Msewe",
        "building": "residential",
        "building:levels": "1",
        "building:material": "cement_block"
      },
      "geometry": {
        "type": "Polygon",
        "coordinates": [
          [
            [
              39.1977204,
              -6.7826307
            ],
            [
              39.1977375,
              -6.7825985
            ],
            [
              39.1977996,
              -6.7826308
            ],
            [
              39.1977805,
              -6.782667
            ],
            [
              39.1978195,
              -6.7826873
            ],
            [
              39.1978581,
              -6.7826144
            ],
            [
              39.19771,
              -6.7825372
            ],
            [
              39.1976735,
              -6.7826063
            ],
            [
              39.1977204,
              -6.7826307
            ]
          ]
        ]
      },
      "id": "way/376210675"
    },
    {
      "type": "Feature",
      "properties": {
        "@id": "way/376212851",
        "addr:street": "Ubungo Msewe",
        "building": "residential",
        "building:levels": "1",
        "building:material": "cement_block"
      },
      "geometry": {
        "type": "Polygon",
        "coordinates": [
          [
            [
              39.1986477,
              -6.783736
            ],
            [
              39.1986975,
              -6.7837549
            ],
            [
              39.19874,
              -6.7836451
            ],
            [
              39.1986902,
              -6.7836261
            ],
            [
              39.1986477,
              -6.783736
            ]
          ]
        ]
      },
      "id": "way/376212851"
    },
    {
      "type": "Feature",
      "properties": {
        "@id": "way/376212852",
        "addr:street": "Ubungo Msewe",
        "building": "residential",
        "building:levels": "1",
        "building:material": "cement_block"
      },
      "geometry": {
        "type": "Polygon",
        "coordinates": [
          [
            [
              39.1985941,
              -6.7837026
            ],
            [
              39.1986313,
              -6.7836086
            ],
            [
              39.1985859,
              -6.7835909
            ],
            [
              39.1985487,
              -6.7836849
            ],
            [
              39.1985941,
              -6.7837026
            ]
          ]
        ]
      },
      "id": "way/376212852"
    },
    {
      "type": "Feature",
      "properties": {
        "@id": "way/376212853",
        "addr:street": "Ubungo Msewe",
        "building": "residential",
        "building:levels": "1",
        "building:material": "cement_block"
      },
      "geometry": {
        "type": "Polygon",
        "coordinates": [
          [
            [
              39.1986114,
              -6.7835887
            ],
            [
              39.1987013,
              -6.7836294
            ],
            [
              39.1987178,
              -6.7835934
            ],
            [
              39.1986278,
              -6.7835527
            ],
            [
              39.1986114,
              -6.7835887
            ]
          ]
        ]
      },
      "id": "way/376212853"
    },
    {
      "type": "Feature",
      "properties": {
        "@id": "way/376222753",
        "addr:street": "Ubungo Msewe",
        "building": "residential",
        "building:levels": "1",
        "building:material": "cement_block"
      },
      "geometry": {
        "type": "Polygon",
        "coordinates": [
          [
            [
              39.1988646,
              -6.7842761
            ],
            [
              39.1987775,
              -6.7844498
            ],
            [
              39.1988535,
              -6.7844939
            ],
            [
              39.1988731,
              -6.7844876
            ],
            [
              39.1988945,
              -6.7844523
            ],
            [
              39.1988915,
              -6.7844313
            ],
            [
              39.198913,
              -6.784396
            ],
            [
              39.1989281,
              -6.7843915
            ],
            [
              39.1989338,
              -6.7843667
            ],
            [
              39.1989304,
              -6.7843504
            ],
            [
              39.1989153,
              -6.7843371
            ],
            [
              39.1989279,
              -6.7843108
            ],
            [
              39.1988646,
              -6.7842761
            ]
          ]
        ]
      },
      "id": "way/376222753"
    },
    {
      "type": "Feature",
      "properties": {
        "@id": "way/376225864",
        "addr:street": "Ubungo Msewe",
        "building": "residential",
        "building:levels": "1",
        "building:material": "cement_block"
      },
      "geometry": {
        "type": "Polygon",
        "coordinates": [
          [
            [
              39.1974957,
              -6.7848464
            ],
            [
              39.1975846,
              -6.7848867
            ],
            [
              39.1975619,
              -6.7849361
            ],
            [
              39.1976546,
              -6.7849782
            ],
            [
              39.1976758,
              -6.784932
            ],
            [
              39.1977604,
              -6.7849704
            ],
            [
              39.1977573,
              -6.784977
            ],
            [
              39.1977032,
              -6.7849524
            ],
            [
              39.1976477,
              -6.785073
            ],
            [
              39.1976827,
              -6.7850889
            ],
            [
              39.1977198,
              -6.7850081
            ],
            [
              39.1977343,
              -6.7850147
            ],
            [
              39.1977011,
              -6.7850869
            ],
            [
              39.1977125,
              -6.7850921
            ],
            [
              39.197693,
              -6.7851319
            ],
            [
              39.1977358,
              -6.7851526
            ],
            [
              39.1977558,
              -6.7851117
            ],
            [
              39.1977816,
              -6.7851234
            ],
            [
              39.1978766,
              -6.7849168
            ],
            [
              39.1978027,
              -6.7848833
            ],
            [
              39.1978055,
              -6.7848772
            ],
            [
              39.1975375,
              -6.7847556
            ],
            [
              39.1974957,
              -6.7848464
            ]
          ]
        ]
      },
      "id": "way/376225864"
    },
    {
      "type": "Feature",
      "properties": {
        "@id": "way/376346645",
        "addr:street": "Chuo Kikuu",
        "building": "university",
        "building:levels": "4",
        "building:material": "cement_block",
        "name": "COET"
      },
      "geometry": {
        "type": "Polygon",
        "coordinates": [
          [
            [
              39.207033,
              -6.7819761
            ],
            [
              39.2070355,
              -6.7824221
            ],
            [
              39.2070183,
              -6.7824222
            ],
            [
              39.2070188,
              -6.7825145
            ],
            [
              39.20747,
              -6.7825121
            ],
            [
              39.2074693,
              -6.7823957
            ],
            [
              39.2074101,
              -6.782396
            ],
            [
              39.2074096,
              -6.7822934
            ],
            [
              39.2075271,
              -6.7822927
            ],
            [
              39.2075258,
              -6.7820685
            ],
            [
              39.207475,
              -6.7820688
            ],
            [
              39.2074745,
              -6.7819793
            ],
            [
              39.2074027,
              -6.7819797
            ],
            [
              39.2074033,
              -6.7820763
            ],
            [
              39.2073198,
              -6.7820768
            ],
            [
              39.2073197,
              -6.7820575
            ],
            [
              39.207286,
              -6.7820577
            ],
            [
              39.2072861,
              -6.7820718
            ],
            [
              39.2071105,
              -6.7820728
            ],
            [
              39.2071104,
              -6.7820572
            ],
            [
              39.2070848,
              -6.7820574
            ],
            [
              39.2070844,
              -6.7819759
            ],
            [
              39.207033,
              -6.7819761
            ]
          ]
        ]
      },
      "id": "way/376346645"
    },
    {
      "type": "Feature",
      "properties": {
        "@id": "way/376346647",
        "addr:street": "Chuo Kikuu",
        "building": "public",
        "building:levels": "1",
        "building:material": "cement_block",
        "name": "COET"
      },
      "geometry": {
        "type": "Polygon",
        "coordinates": [
          [
            [
              39.2072019,
              -6.7812495
            ],
            [
              39.2072013,
              -6.7813679
            ],
            [
              39.2077423,
              -6.7813705
            ],
            [
              39.2077428,
              -6.781252
            ],
            [
              39.2072019,
              -6.7812495
            ]
          ]
        ]
      },
      "id": "way/376346647"
    },
    {
      "type": "Feature",
      "properties": {
        "@id": "way/376346649",
        "addr:street": "Chuo Kikuu",
        "building": "university",
        "building:levels": "3",
        "building:material": "cement_block",
        "name": "COET"
      },
      "geometry": {
        "type": "Polygon",
        "coordinates": [
          [
            [
              39.2067496,
              -6.7822157
            ],
            [
              39.206745,
              -6.7823923
            ],
            [
              39.2070267,
              -6.7823996
            ],
            [
              39.2070304,
              -6.7822585
            ],
            [
              39.2070313,
              -6.782223
            ],
            [
              39.2068965,
              -6.7822195
            ],
            [
              39.2067496,
              -6.7822157
            ]
          ]
        ]
      },
      "id": "way/376346649"
    },
    {
      "type": "Feature",
      "properties": {
        "@id": "way/376346650",
        "addr:street": "Chuo Kikuu",
        "building": "university",
        "building:levels": "2",
        "building:material": "cement_block",
        "name": "COET"
      },
      "geometry": {
        "type": "Polygon",
        "coordinates": [
          [
            [
              39.2066295,
              -6.7809124
            ],
            [
              39.2066285,
              -6.7810287
            ],
            [
              39.2068045,
              -6.7810301
            ],
            [
              39.2068054,
              -6.7809139
            ],
            [
              39.2066295,
              -6.7809124
            ]
          ]
        ]
      },
      "id": "way/376346650"
    },
    {
      "type": "Feature",
      "properties": {
        "@id": "way/376346651",
        "addr:street": "Chuo Kikuu",
        "building": "university",
        "building:levels": "3",
        "building:material": "cement_block",
        "name": "COET"
      },
      "geometry": {
        "type": "Polygon",
        "coordinates": [
          [
            [
              39.2076198,
              -6.7814612
            ],
            [
              39.2076186,
              -6.7817892
            ],
            [
              39.2075553,
              -6.781789
            ],
            [
              39.2075547,
              -6.7819664
            ],
            [
              39.2076443,
              -6.7819667
            ],
            [
              39.2076437,
              -6.7821337
            ],
            [
              39.2077503,
              -6.7821341
            ],
            [
              39.2077526,
              -6.7814617
            ],
            [
              39.2076198,
              -6.7814612
            ]
          ]
        ]
      },
      "id": "way/376346651"
    },
    {
      "type": "Feature",
      "properties": {
        "@id": "way/376346654",
        "addr:street": "Chuo Kikuu",
        "building": "university",
        "building:levels": "2",
        "building:material": "cement_block"
      },
      "geometry": {
        "type": "Polygon",
        "coordinates": [
          [
            [
              39.2068058,
              -6.7818975
            ],
            [
              39.2068033,
              -6.7820678
            ],
            [
              39.207023,
              -6.7820709
            ],
            [
              39.2070255,
              -6.7819007
            ],
            [
              39.2068058,
              -6.7818975
            ]
          ]
        ]
      },
      "id": "way/376346654"
    },
    {
      "type": "Feature",
      "properties": {
        "@id": "way/376349939",
        "addr:street": "Ubungo Msewe",
        "building": "residential",
        "building:levels": "1",
        "building:material": "cement_block"
      },
      "geometry": {
        "type": "Polygon",
        "coordinates": [
          [
            [
              39.1992299,
              -6.7836835
            ],
            [
              39.1993041,
              -6.7837883
            ],
            [
              39.199282,
              -6.7838038
            ],
            [
              39.1993227,
              -6.7838612
            ],
            [
              39.1993433,
              -6.7838468
            ],
            [
              39.1994172,
              -6.7839513
            ],
            [
              39.1995102,
              -6.7838864
            ],
            [
              39.1994429,
              -6.7837914
            ],
            [
              39.1994673,
              -6.7837743
            ],
            [
              39.1994152,
              -6.7837008
            ],
            [
              39.1993948,
              -6.783715
            ],
            [
              39.1993254,
              -6.7836169
            ],
            [
              39.1992299,
              -6.7836835
            ]
          ]
        ]
      },
      "id": "way/376349939"
    },
    {
      "type": "Feature",
      "properties": {
        "@id": "way/376495122",
        "addr:street": "Ubungo Msewe",
        "building": "residential",
        "building:levels": "1",
        "building:material": "cement_block"
      },
      "geometry": {
        "type": "Polygon",
        "coordinates": [
          [
            [
              39.1988541,
              -6.7849909
            ],
            [
              39.1988505,
              -6.784993
            ],
            [
              39.1988721,
              -6.7850289
            ],
            [
              39.1988975,
              -6.7850137
            ],
            [
              39.198939,
              -6.7850823
            ],
            [
              39.1989763,
              -6.7850601
            ],
            [
              39.1989101,
              -6.7849505
            ],
            [
              39.198851,
              -6.7849857
            ],
            [
              39.1988541,
              -6.7849909
            ]
          ]
        ]
      },
      "id": "way/376495122"
    },
    {
      "type": "Feature",
      "properties": {
        "@id": "way/376501028",
        "addr:street": "Chuo Kikuu",
        "building": "university",
        "building:levels": "2",
        "building:material": "cement_block",
        "name": "SR",
        "source": "Yahoo"
      },
      "geometry": {
        "type": "Polygon",
        "coordinates": [
          [
            [
              39.2046225,
              -6.780085
            ],
            [
              39.2045934,
              -6.7800849
            ],
            [
              39.2045936,
              -6.7800513
            ],
            [
              39.2045526,
              -6.7800511
            ],
            [
              39.2045523,
              -6.7801109
            ],
            [
              39.2045775,
              -6.780111
            ],
            [
              39.2045774,
              -6.780136
            ],
            [
              39.2046092,
              -6.7801361
            ],
            [
              39.2046093,
              -6.7801091
            ],
            [
              39.2046277,
              -6.7801092
            ],
            [
              39.2046274,
              -6.780161
            ],
            [
              39.204703,
              -6.7801614
            ],
            [
              39.2047034,
              -6.7800854
            ],
            [
              39.2046225,
              -6.780085
            ]
          ]
        ]
      },
      "id": "way/376501028"
    },
    {
      "type": "Feature",
      "properties": {
        "@id": "way/376501029",
        "addr:street": "Chuo Kikuu",
        "building": "university",
        "building:levels": "1",
        "building:material": "cement_block",
        "name": "SR"
      },
      "geometry": {
        "type": "Polygon",
        "coordinates": [
          [
            [
              39.2044743,
              -6.7797459
            ],
            [
              39.2044822,
              -6.7798914
            ],
            [
              39.2045997,
              -6.7798851
            ],
            [
              39.2045918,
              -6.7797396
            ],
            [
              39.2044743,
              -6.7797459
            ]
          ]
        ]
      },
      "id": "way/376501029"
    },
    {
      "type": "Feature",
      "properties": {
        "@id": "way/376501030",
        "addr:street": "Chuo Kikuu",
        "building": "university",
        "building:levels": "2",
        "building:material": "cement_block",
        "name": "SR",
        "source": "Yahoo"
      },
      "geometry": {
        "type": "Polygon",
        "coordinates": [
          [
            [
              39.2046044,
              -6.7799437
            ],
            [
              39.204604,
              -6.7800483
            ],
            [
              39.2046212,
              -6.780064
            ],
            [
              39.2047437,
              -6.7800654
            ],
            [
              39.2047555,
              -6.7800293
            ],
            [
              39.2047558,
              -6.7800133
            ],
            [
              39.2047622,
              -6.7800137
            ],
            [
              39.2047635,
              -6.7799847
            ],
            [
              39.2047552,
              -6.7799847
            ],
            [
              39.2047545,
              -6.7799627
            ],
            [
              39.2047481,
              -6.7799355
            ],
            [
              39.2046217,
              -6.7799291
            ],
            [
              39.2046044,
              -6.7799437
            ]
          ]
        ]
      },
      "id": "way/376501030"
    },
    {
      "type": "Feature",
      "properties": {
        "@id": "way/376501031",
        "addr:street": "Chuo Kikuu",
        "building": "university",
        "building:levels": "1",
        "building:material": "cement_block",
        "name": "SR"
      },
      "geometry": {
        "type": "Polygon",
        "coordinates": [
          [
            [
              39.2043998,
              -6.7800209
            ],
            [
              39.2043999,
              -6.7800887
            ],
            [
              39.2044897,
              -6.7800886
            ],
            [
              39.2044896,
              -6.7800208
            ],
            [
              39.2043998,
              -6.7800209
            ]
          ]
        ]
      },
      "id": "way/376501031"
    },
    {
      "type": "Feature",
      "properties": {
        "@id": "way/376501032",
        "addr:street": "Chuo Kikuu",
        "building": "university",
        "building:levels": "1",
        "building:material": "cement_block",
        "name": "SR"
      },
      "geometry": {
        "type": "Polygon",
        "coordinates": [
          [
            [
              39.2043858,
              -6.7801683
            ],
            [
              39.2043849,
              -6.7802683
            ],
            [
              39.2046865,
              -6.7802708
            ],
            [
              39.2046871,
              -6.7801952
            ],
            [
              39.2044635,
              -6.7801933
            ],
            [
              39.2044637,
              -6.7801689
            ],
            [
              39.2043858,
              -6.7801683
            ]
          ]
        ]
      },
      "id": "way/376501032"
    },
    {
      "type": "Feature",
      "properties": {
        "@id": "way/376501033",
        "addr:street": "Chuo Kikuu",
        "building": "university",
        "building:levels": "1",
        "building:material": "cement_block",
        "name": "SR"
      },
      "geometry": {
        "type": "Polygon",
        "coordinates": [
          [
            [
              39.2043645,
              -6.7801248
            ],
            [
              39.2043651,
              -6.7801539
            ],
            [
              39.204414,
              -6.780153
            ],
            [
              39.2044131,
              -6.7801098
            ],
            [
              39.2043907,
              -6.7801103
            ],
            [
              39.204391,
              -6.7801243
            ],
            [
              39.2043645,
              -6.7801248
            ]
          ]
        ]
      },
      "id": "way/376501033"
    },
    {
      "type": "Feature",
      "properties": {
        "@id": "way/376502764",
        "addr:city": "Dar es salaam",
        "addr:district": "Ubungo",
        "addr:municipality": "Ubungo",
        "addr:street": "Chuo Kikuu",
        "amenity": "college",
        "building": "public",
        "building:levels": "1",
        "building:material": "cement_block",
        "name": "Hall of Residence"
      },
      "geometry": {
        "type": "Polygon",
        "coordinates": [
          [
            [
              39.2054055,
              -6.7762183
            ],
            [
              39.2054048,
              -6.7762882
            ],
            [
              39.2056468,
              -6.7762909
            ],
            [
              39.2056476,
              -6.776221
            ],
            [
              39.2054055,
              -6.7762183
            ]
          ]
        ]
      },
      "id": "way/376502764"
    },
    {
      "type": "Feature",
      "properties": {
        "@id": "way/376504018",
        "addr:street": "Chuo Kikuu",
        "building": "university",
        "building:levels": "1",
        "building:material": "cement_block",
        "name": "SCHOOL OF EDUCATION"
      },
      "geometry": {
        "type": "Polygon",
        "coordinates": [
          [
            [
              39.2035374,
              -6.783348
            ],
            [
              39.203539,
              -6.7834046
            ],
            [
              39.2035935,
              -6.7834031
            ],
            [
              39.2035919,
              -6.7833465
            ],
            [
              39.2035374,
              -6.783348
            ]
          ]
        ]
      },
      "id": "way/376504018"
    },
    {
      "type": "Feature",
      "properties": {
        "@id": "way/376504019",
        "addr:street": "Chuo Kikuu",
        "building": "university",
        "building:levels": "1",
        "building:material": "cement_block",
        "name": "SCHOOL OF EDUCATION"
      },
      "geometry": {
        "type": "Polygon",
        "coordinates": [
          [
            [
              39.2035018,
              -6.7836907
            ],
            [
              39.2035006,
              -6.7837396
            ],
            [
              39.2035581,
              -6.783741
            ],
            [
              39.2035593,
              -6.7836921
            ],
            [
              39.2035018,
              -6.7836907
            ]
          ]
        ]
      },
      "id": "way/376504019"
    },
    {
      "type": "Feature",
      "properties": {
        "@id": "way/376504020",
        "addr:street": "Chuo Kikuu",
        "building": "university",
        "building:levels": "1",
        "building:material": "cement_block",
        "name": "NON-TANZANIAN RESIDENT"
      },
      "geometry": {
        "type": "Polygon",
        "coordinates": [
          [
            [
              39.2031673,
              -6.7833675
            ],
            [
              39.2031659,
              -6.7834353
            ],
            [
              39.2033785,
              -6.7834397
            ],
            [
              39.2033766,
              -6.7835342
            ],
            [
              39.203436,
              -6.7835354
            ],
            [
              39.2034369,
              -6.7834916
            ],
            [
              39.2035204,
              -6.7834933
            ],
            [
              39.2035229,
              -6.7833735
            ],
            [
              39.2035201,
              -6.7833734
            ],
            [
              39.2035205,
              -6.7833535
            ],
            [
              39.2034632,
              -6.7833523
            ],
            [
              39.2034628,
              -6.7833696
            ],
            [
              39.2033861,
              -6.783368
            ],
            [
              39.203386,
              -6.783372
            ],
            [
              39.2031673,
              -6.7833675
            ]
          ]
        ]
      },
      "id": "way/376504020"
    },
    {
      "type": "Feature",
      "properties": {
        "@id": "way/376504021",
        "addr:street": "Chuo Kikuu",
        "building": "university",
        "building:levels": "1",
        "building:material": "cement_block",
        "name": "SCHOOL OF EDUCATION"
      },
      "geometry": {
        "type": "Polygon",
        "coordinates": [
          [
            [
              39.2030536,
              -6.7835365
            ],
            [
              39.2030549,
              -6.783592
            ],
            [
              39.2032189,
              -6.7835883
            ],
            [
              39.2032202,
              -6.7836452
            ],
            [
              39.2034455,
              -6.78364
            ],
            [
              39.2034438,
              -6.7835676
            ],
            [
              39.2032212,
              -6.7835728
            ],
            [
              39.2032203,
              -6.7835327
            ],
            [
              39.2030536,
              -6.7835365
            ]
          ]
        ]
      },
      "id": "way/376504021"
    },
    {
      "type": "Feature",
      "properties": {
        "@id": "way/522008501",
        "building": "yes"
      },
      "geometry": {
        "type": "Polygon",
        "coordinates": [
          [
            [
              39.2067435,
              -6.7830735
            ],
            [
              39.2067405,
              -6.7832486
            ],
            [
              39.2069892,
              -6.7832529
            ],
            [
              39.2069922,
              -6.7830778
            ],
            [
              39.2067435,
              -6.7830735
            ]
          ]
        ]
      },
      "id": "way/522008501"
    },
    {
      "type": "Feature",
      "properties": {
        "@id": "way/652981941",
        "building": "yes"
      },
      "geometry": {
        "type": "Polygon",
        "coordinates": [
          [
            [
              39.2014617,
              -6.7785178
            ],
            [
              39.2014071,
              -6.7786265
            ],
            [
              39.2014522,
              -6.7786489
            ],
            [
              39.2013828,
              -6.7787869
            ],
            [
              39.2013351,
              -6.7787633
            ],
            [
              39.2012814,
              -6.7788703
            ],
            [
              39.201532,
              -6.7789945
            ],
            [
              39.2015859,
              -6.7788872
            ],
            [
              39.2014751,
              -6.7788323
            ],
            [
              39.2015418,
              -6.7786995
            ],
            [
              39.2016526,
              -6.7787544
            ],
            [
              39.2017098,
              -6.7786407
            ],
            [
              39.2014617,
              -6.7785178
            ]
          ]
        ]
      },
      "id": "way/652981941"
    },
    {
      "type": "Feature",
      "properties": {
        "@id": "way/866579725",
        "building": "yes"
      },
      "geometry": {
        "type": "Polygon",
        "coordinates": [
          [
            [
              39.2119543,
              -6.7808302
            ],
            [
              39.2122666,
              -6.7810037
            ],
            [
              39.212377,
              -6.7808077
            ],
            [
              39.2122408,
              -6.780732
            ],
            [
              39.2122315,
              -6.7807269
            ],
            [
              39.2121217,
              -6.7806659
            ],
            [
              39.2121137,
              -6.78068
            ],
            [
              39.2120567,
              -6.7806484
            ],
            [
              39.2119543,
              -6.7808302
            ]
          ]
        ]
      },
      "id": "way/866579725"
    },
    {
      "type": "Feature",
      "properties": {
        "@id": "way/866586146",
        "building": "yes"
      },
      "geometry": {
        "type": "Polygon",
        "coordinates": [
          [
            [
              39.2113088,
              -6.7761733
            ],
            [
              39.2112726,
              -6.7765861
            ],
            [
              39.2113782,
              -6.7765953
            ],
            [
              39.2114144,
              -6.7761824
            ],
            [
              39.2113088,
              -6.7761733
            ]
          ]
        ]
      },
      "id": "way/866586146"
    },
    {
      "type": "Feature",
      "properties": {
        "@id": "way/866586516",
        "building": "yes"
      },
      "geometry": {
        "type": "Polygon",
        "coordinates": [
          [
            [
              39.2062059,
              -6.7848388
            ],
            [
              39.2064849,
              -6.7848388
            ],
            [
              39.2064849,
              -6.7847749
            ],
            [
              39.2062059,
              -6.7847749
            ],
            [
              39.2062059,
              -6.7848388
            ]
          ]
        ]
      },
      "id": "way/866586516"
    },
    {
      "type": "Feature",
      "properties": {
        "@id": "way/866586797",
        "building": "yes"
      },
      "geometry": {
        "type": "Polygon",
        "coordinates": [
          [
            [
              39.206804,
              -6.7757724
            ],
            [
              39.2068872,
              -6.7757751
            ],
            [
              39.206889,
              -6.7757188
            ],
            [
              39.2068059,
              -6.7757161
            ],
            [
              39.206804,
              -6.7757724
            ]
          ]
        ]
      },
      "id": "way/866586797"
    },
    {
      "type": "Feature",
      "properties": {
        "@id": "way/866586798",
        "building": "retail"
      },
      "geometry": {
        "type": "Polygon",
        "coordinates": [
          [
            [
              39.2070929,
              -6.7761718
            ],
            [
              39.2072186,
              -6.7761638
            ],
            [
              39.2072132,
              -6.7760797
            ],
            [
              39.2070875,
              -6.7760877
            ],
            [
              39.2070929,
              -6.7761718
            ]
          ]
        ]
      },
      "id": "way/866586798"
    },
    {
      "type": "Feature",
      "properties": {
        "@id": "way/866586799",
        "building": "yes"
      },
      "geometry": {
        "type": "Polygon",
        "coordinates": [
          [
            [
              39.2049431,
              -6.7754101
            ],
            [
              39.2048705,
              -6.7754863
            ],
            [
              39.2050039,
              -6.7756115
            ],
            [
              39.2050175,
              -6.7755972
            ],
            [
              39.2050312,
              -6.7756101
            ],
            [
              39.2050901,
              -6.7755483
            ],
            [
              39.2049431,
              -6.7754101
            ]
          ]
        ]
      },
      "id": "way/866586799"
    },
    {
      "type": "Feature",
      "properties": {
        "@id": "way/866586800",
        "building": "yes"
      },
      "geometry": {
        "type": "Polygon",
        "coordinates": [
          [
            [
              39.2050606,
              -6.7756899
            ],
            [
              39.2051069,
              -6.7757196
            ],
            [
              39.2051364,
              -6.7756743
            ],
            [
              39.2050901,
              -6.7756446
            ],
            [
              39.2050606,
              -6.7756899
            ]
          ]
        ]
      },
      "id": "way/866586800"
    },
    {
      "type": "Feature",
      "properties": {
        "@id": "way/866586801",
        "building": "yes"
      },
      "geometry": {
        "type": "Polygon",
        "coordinates": [
          [
            [
              39.204958,
              -6.7756772
            ],
            [
              39.2049957,
              -6.77572
            ],
            [
              39.2050386,
              -6.7756827
            ],
            [
              39.2050009,
              -6.7756399
            ],
            [
              39.204958,
              -6.7756772
            ]
          ]
        ]
      },
      "id": "way/866586801"
    },
    {
      "type": "Feature",
      "properties": {
        "@id": "way/866586802",
        "building": "yes"
      },
      "geometry": {
        "type": "Polygon",
        "coordinates": [
          [
            [
              39.204797,
              -6.7756073
            ],
            [
              39.2046875,
              -6.7757127
            ],
            [
              39.2047132,
              -6.7757338
            ],
            [
              39.2047008,
              -6.7757426
            ],
            [
              39.2046955,
              -6.7757467
            ],
            [
              39.2046918,
              -6.7757508
            ],
            [
              39.2046904,
              -6.7757538
            ],
            [
              39.2046894,
              -6.7757584
            ],
            [
              39.2046872,
              -6.7757712
            ],
            [
              39.204669,
              -6.7757624
            ],
            [
              39.2046187,
              -6.7759349
            ],
            [
              39.2047948,
              -6.7759903
            ],
            [
              39.2048118,
              -6.7759362
            ],
            [
              39.2048494,
              -6.7759036
            ],
            [
              39.2048695,
              -6.7759309
            ],
            [
              39.204911,
              -6.7758876
            ],
            [
              39.2048896,
              -6.775871
            ],
            [
              39.2049224,
              -6.7758297
            ],
            [
              39.2049131,
              -6.7758197
            ],
            [
              39.2049503,
              -6.7757861
            ],
            [
              39.2049352,
              -6.7757691
            ],
            [
              39.2049579,
              -6.7757464
            ],
            [
              39.204797,
              -6.7756073
            ]
          ]
        ]
      },
      "id": "way/866586802"
    },
    {
      "type": "Feature",
      "properties": {
        "@id": "way/866586803",
        "building": "yes"
      },
      "geometry": {
        "type": "Polygon",
        "coordinates": [
          [
            [
              39.2048943,
              -6.7750693
            ],
            [
              39.2049292,
              -6.775113
            ],
            [
              39.2049935,
              -6.7750624
            ],
            [
              39.2049587,
              -6.7750187
            ],
            [
              39.2048943,
              -6.7750693
            ]
          ]
        ]
      },
      "id": "way/866586803"
    },
    {
      "type": "Feature",
      "properties": {
        "@id": "way/866586804",
        "building": "yes"
      },
      "geometry": {
        "type": "Polygon",
        "coordinates": [
          [
            [
              39.2060943,
              -6.7752175
            ],
            [
              39.2060902,
              -6.7752877
            ],
            [
              39.2062248,
              -6.7752953
            ],
            [
              39.2062298,
              -6.7752087
            ],
            [
              39.2061964,
              -6.7752068
            ],
            [
              39.2061954,
              -6.7752232
            ],
            [
              39.2060943,
              -6.7752175
            ]
          ]
        ]
      },
      "id": "way/866586804"
    },
    {
      "type": "Feature",
      "properties": {
        "@id": "way/866587509",
        "building": "yes"
      },
      "geometry": {
        "type": "Polygon",
        "coordinates": [
          [
            [
              39.2006262,
              -6.7819643
            ],
            [
              39.2006865,
              -6.7819714
            ],
            [
              39.2006985,
              -6.7818702
            ],
            [
              39.2006383,
              -6.7818631
            ],
            [
              39.2006262,
              -6.7819643
            ]
          ]
        ]
      },
      "id": "way/866587509"
    },
    {
      "type": "Feature",
      "properties": {
        "@id": "way/866587510",
        "building": "yes"
      },
      "geometry": {
        "type": "Polygon",
        "coordinates": [
          [
            [
              39.2005599,
              -6.7821621
            ],
            [
              39.2006,
              -6.7821813
            ],
            [
              39.2006201,
              -6.7821401
            ],
            [
              39.20058,
              -6.7821208
            ],
            [
              39.2005599,
              -6.7821621
            ]
          ]
        ]
      },
      "id": "way/866587510"
    },
    {
      "type": "Feature",
      "properties": {
        "@id": "way/866587511",
        "building": "yes"
      },
      "geometry": {
        "type": "Polygon",
        "coordinates": [
          [
            [
              39.2005914,
              -6.7820869
            ],
            [
              39.2006509,
              -6.7821093
            ],
            [
              39.2006764,
              -6.7820427
            ],
            [
              39.2006169,
              -6.7820203
            ],
            [
              39.2005914,
              -6.7820869
            ]
          ]
        ]
      },
      "id": "way/866587511"
    },
    {
      "type": "Feature",
      "properties": {
        "@id": "way/866587520",
        "building": "yes"
      },
      "geometry": {
        "type": "Polygon",
        "coordinates": [
          [
            [
              39.2013845,
              -6.7824967
            ],
            [
              39.2014409,
              -6.7825455
            ],
            [
              39.2014944,
              -6.7824844
            ],
            [
              39.2014381,
              -6.7824357
            ],
            [
              39.2013845,
              -6.7824967
            ]
          ]
        ]
      },
      "id": "way/866587520"
    },
    {
      "type": "Feature",
      "properties": {
        "@id": "way/866588776",
        "building": "yes"
      },
      "geometry": {
        "type": "Polygon",
        "coordinates": [
          [
            [
              39.2005878,
              -6.7816977
            ],
            [
              39.2006798,
              -6.7817434
            ],
            [
              39.2006988,
              -6.7817056
            ],
            [
              39.2006068,
              -6.78166
            ],
            [
              39.2005878,
              -6.7816977
            ]
          ]
        ]
      },
      "id": "way/866588776"
    },
    {
      "type": "Feature",
      "properties": {
        "@id": "way/866588777",
        "building": "yes"
      },
      "geometry": {
        "type": "Polygon",
        "coordinates": [
          [
            [
              39.2014174,
              -6.779832
            ],
            [
              39.2014609,
              -6.7798513
            ],
            [
              39.2014928,
              -6.779781
            ],
            [
              39.2014493,
              -6.7797616
            ],
            [
              39.2014174,
              -6.779832
            ]
          ]
        ]
      },
      "id": "way/866588777"
    },
    {
      "type": "Feature",
      "properties": {
        "@id": "way/866588778",
        "building": "yes"
      },
      "geometry": {
        "type": "Polygon",
        "coordinates": [
          [
            [
              39.2017027,
              -6.7794786
            ],
            [
              39.2017587,
              -6.7795018
            ],
            [
              39.2017851,
              -6.779439
            ],
            [
              39.2017292,
              -6.7794158
            ],
            [
              39.2017027,
              -6.7794786
            ]
          ]
        ]
      },
      "id": "way/866588778"
    },
    {
      "type": "Feature",
      "properties": {
        "@id": "way/866588779",
        "building": "yes"
      },
      "geometry": {
        "type": "Polygon",
        "coordinates": [
          [
            [
              39.2018227,
              -6.7796092
            ],
            [
              39.2018551,
              -6.7796286
            ],
            [
              39.2018715,
              -6.7796017
            ],
            [
              39.2019336,
              -6.7796388
            ],
            [
              39.2019747,
              -6.7795711
            ],
            [
              39.2018802,
              -6.7795146
            ],
            [
              39.2018227,
              -6.7796092
            ]
          ]
        ]
      },
      "id": "way/866588779"
    },
    {
      "type": "Feature",
      "properties": {
        "@id": "way/866588780",
        "building": "yes"
      },
      "geometry": {
        "type": "Polygon",
        "coordinates": [
          [
            [
              39.2014668,
              -6.7799631
            ],
            [
              39.2015258,
              -6.7799977
            ],
            [
              39.2016211,
              -6.7798376
            ],
            [
              39.2015621,
              -6.7798029
            ],
            [
              39.2014668,
              -6.7799631
            ]
          ]
        ]
      },
      "id": "way/866588780"
    },
    {
      "type": "Feature",
      "properties": {
        "@id": "way/866588781",
        "building": "yes"
      },
      "geometry": {
        "type": "Polygon",
        "coordinates": [
          [
            [
              39.2016044,
              -6.7800374
            ],
            [
              39.2016802,
              -6.780088
            ],
            [
              39.2017296,
              -6.7800151
            ],
            [
              39.2016538,
              -6.7799645
            ],
            [
              39.2016044,
              -6.7800374
            ]
          ]
        ]
      },
      "id": "way/866588781"
    },
    {
      "type": "Feature",
      "properties": {
        "@id": "way/866588782",
        "building": "yes"
      },
      "geometry": {
        "type": "Polygon",
        "coordinates": [
          [
            [
              39.2013076,
              -6.7802299
            ],
            [
              39.2013549,
              -6.7802686
            ],
            [
              39.2014533,
              -6.7801498
            ],
            [
              39.201406,
              -6.7801112
            ],
            [
              39.2013076,
              -6.7802299
            ]
          ]
        ]
      },
      "id": "way/866588782"
    },
    {
      "type": "Feature",
      "properties": {
        "@id": "way/866588783",
        "building": "yes"
      },
      "geometry": {
        "type": "Polygon",
        "coordinates": [
          [
            [
              39.2007838,
              -6.7800433
            ],
            [
              39.2008909,
              -6.7801024
            ],
            [
              39.2010193,
              -6.7798729
            ],
            [
              39.2009122,
              -6.7798137
            ],
            [
              39.2007838,
              -6.7800433
            ]
          ]
        ]
      },
      "id": "way/866588783"
    },
    {
      "type": "Feature",
      "properties": {
        "@id": "way/866589370",
        "building": "yes"
      },
      "geometry": {
        "type": "Polygon",
        "coordinates": [
          [
            [
              39.2068322,
              -6.7773439
            ],
            [
              39.2068899,
              -6.7773439
            ],
            [
              39.2068899,
              -6.7772786
            ],
            [
              39.2068322,
              -6.7772786
            ],
            [
              39.2068322,
              -6.7773439
            ]
          ]
        ]
      },
      "id": "way/866589370"
    },
    {
      "type": "Feature",
      "properties": {
        "@id": "way/866589371",
        "building": "yes"
      },
      "geometry": {
        "type": "Polygon",
        "coordinates": [
          [
            [
              39.2071098,
              -6.7775383
            ],
            [
              39.2071715,
              -6.777533
            ],
            [
              39.2071688,
              -6.7775017
            ],
            [
              39.2071071,
              -6.777507
            ],
            [
              39.2071098,
              -6.7775383
            ]
          ]
        ]
      },
      "id": "way/866589371"
    },
    {
      "type": "Feature",
      "properties": {
        "@id": "way/866589372",
        "building": "yes"
      },
      "geometry": {
        "type": "Polygon",
        "coordinates": [
          [
            [
              39.2069448,
              -6.7776915
            ],
            [
              39.2070146,
              -6.7776875
            ],
            [
              39.2070107,
              -6.7776206
            ],
            [
              39.206941,
              -6.7776246
            ],
            [
              39.2069448,
              -6.7776915
            ]
          ]
        ]
      },
      "id": "way/866589372"
    },
    {
      "type": "Feature",
      "properties": {
        "@id": "way/866590440",
        "building": "yes"
      },
      "geometry": {
        "type": "Polygon",
        "coordinates": [
          [
            [
              39.2011403,
              -6.7766142
            ],
            [
              39.201194,
              -6.7766358
            ],
            [
              39.201239,
              -6.7765256
            ],
            [
              39.2011774,
              -6.7765008
            ],
            [
              39.2011587,
              -6.7765468
            ],
            [
              39.2011666,
              -6.77655
            ],
            [
              39.2011403,
              -6.7766142
            ]
          ]
        ]
      },
      "id": "way/866590440"
    },
    {
      "type": "Feature",
      "properties": {
        "@id": "way/866590442",
        "building": "yes"
      },
      "geometry": {
        "type": "Polygon",
        "coordinates": [
          [
            [
              39.2012737,
              -6.7768663
            ],
            [
              39.2014264,
              -6.7769181
            ],
            [
              39.201442,
              -6.7768725
            ],
            [
              39.2013268,
              -6.7768334
            ],
            [
              39.2013247,
              -6.7768397
            ],
            [
              39.2012873,
              -6.776827
            ],
            [
              39.2012737,
              -6.7768663
            ]
          ]
        ]
      },
      "id": "way/866590442"
    },
    {
      "type": "Feature",
      "properties": {
        "@id": "way/866590443",
        "building": "yes"
      },
      "geometry": {
        "type": "Polygon",
        "coordinates": [
          [
            [
              39.200635,
              -6.7778315
            ],
            [
              39.2006706,
              -6.777851
            ],
            [
              39.2006986,
              -6.7778006
            ],
            [
              39.200663,
              -6.7777811
            ],
            [
              39.200635,
              -6.7778315
            ]
          ]
        ]
      },
      "id": "way/866590443"
    },
    {
      "type": "Feature",
      "properties": {
        "@id": "way/866591439",
        "building": "yes"
      },
      "geometry": {
        "type": "Polygon",
        "coordinates": [
          [
            [
              39.2103727,
              -6.7769697
            ],
            [
              39.2103915,
              -6.7769697
            ],
            [
              39.2103915,
              -6.7769231
            ],
            [
              39.2103727,
              -6.7769231
            ],
            [
              39.2103727,
              -6.7769697
            ]
          ]
        ]
      },
      "id": "way/866591439"
    },
    {
      "type": "Feature",
      "properties": {
        "@id": "way/866592303",
        "building": "yes"
      },
      "geometry": {
        "type": "Polygon",
        "coordinates": [
          [
            [
              39.2075646,
              -6.7764442
            ],
            [
              39.2075643,
              -6.7764702
            ],
            [
              39.2075469,
              -6.77647
            ],
            [
              39.2075461,
              -6.7765282
            ],
            [
              39.2075644,
              -6.7765285
            ],
            [
              39.2075638,
              -6.7765767
            ],
            [
              39.2075464,
              -6.7765765
            ],
            [
              39.2075457,
              -6.7766333
            ],
            [
              39.2075591,
              -6.7766335
            ],
            [
              39.2075584,
              -6.7766873
            ],
            [
              39.2075639,
              -6.7766874
            ],
            [
              39.2075633,
              -6.776737
            ],
            [
              39.2075467,
              -6.7767368
            ],
            [
              39.207546,
              -6.7767931
            ],
            [
              39.207564,
              -6.7767933
            ],
            [
              39.2075637,
              -6.7768176
            ],
            [
              39.2076238,
              -6.7768184
            ],
            [
              39.2076286,
              -6.776445
            ],
            [
              39.2075646,
              -6.7764442
            ]
          ]
        ]
      },
      "id": "way/866592303"
    },
    {
      "type": "Feature",
      "properties": {
        "@id": "way/866592304",
        "building": "yes"
      },
      "geometry": {
        "type": "Polygon",
        "coordinates": [
          [
            [
              39.2097637,
              -6.7751643
            ],
            [
              39.2097651,
              -6.7752147
            ],
            [
              39.2098173,
              -6.7752133
            ],
            [
              39.209816,
              -6.7751629
            ],
            [
              39.2097637,
              -6.7751643
            ]
          ]
        ]
      },
      "id": "way/866592304"
    },
    {
      "type": "Feature",
      "properties": {
        "@id": "way/866593011",
        "building": "yes"
      },
      "geometry": {
        "type": "Polygon",
        "coordinates": [
          [
            [
              39.2071372,
              -6.7827164
            ],
            [
              39.2071365,
              -6.7828903
            ],
            [
              39.2077123,
              -6.7828926
            ],
            [
              39.207713,
              -6.7827203
            ],
            [
              39.207452,
              -6.7827193
            ],
            [
              39.2074528,
              -6.7825182
            ],
            [
              39.2072865,
              -6.7825175
            ],
            [
              39.2072857,
              -6.782717
            ],
            [
              39.2071372,
              -6.7827164
            ]
          ]
        ]
      },
      "id": "way/866593011"
    },
    {
      "type": "Feature",
      "properties": {
        "@id": "way/866594806",
        "building": "yes"
      },
      "geometry": {
        "type": "Polygon",
        "coordinates": [
          [
            [
              39.2073029,
              -6.7798409
            ],
            [
              39.2073096,
              -6.7798542
            ],
            [
              39.2073525,
              -6.7798329
            ],
            [
              39.2073458,
              -6.7798196
            ],
            [
              39.2073029,
              -6.7798409
            ]
          ]
        ]
      },
      "id": "way/866594806"
    },
    {
      "type": "Feature",
      "properties": {
        "@id": "way/866594807",
        "building": "yes"
      },
      "geometry": {
        "type": "Polygon",
        "coordinates": [
          [
            [
              39.2073445,
              -6.7798782
            ],
            [
              39.2073807,
              -6.7798529
            ],
            [
              39.2073725,
              -6.7798413
            ],
            [
              39.2073363,
              -6.7798666
            ],
            [
              39.2073445,
              -6.7798782
            ]
          ]
        ]
      },
      "id": "way/866594807"
    },
    {
      "type": "Feature",
      "properties": {
        "@id": "way/866594808",
        "building": "yes"
      },
      "geometry": {
        "type": "Polygon",
        "coordinates": [
          [
            [
              39.2073552,
              -6.7799048
            ],
            [
              39.2073995,
              -6.7798822
            ],
            [
              39.2073937,
              -6.7798711
            ],
            [
              39.2073495,
              -6.7798937
            ],
            [
              39.2073552,
              -6.7799048
            ]
          ]
        ]
      },
      "id": "way/866594808"
    },
    {
      "type": "Feature",
      "properties": {
        "@id": "way/866595100",
        "building": "yes"
      },
      "geometry": {
        "type": "Polygon",
        "coordinates": [
          [
            [
              39.1984944,
              -6.7849662
            ],
            [
              39.1984507,
              -6.7849434
            ],
            [
              39.1983738,
              -6.7850884
            ],
            [
              39.1984175,
              -6.7851112
            ],
            [
              39.1984944,
              -6.7849662
            ]
          ]
        ]
      },
      "id": "way/866595100"
    },
    {
      "type": "Feature",
      "properties": {
        "@id": "way/866595105",
        "building": "yes"
      },
      "geometry": {
        "type": "Polygon",
        "coordinates": [
          [
            [
              39.1974509,
              -6.7848678
            ],
            [
              39.1974052,
              -6.7848523
            ],
            [
              39.1973723,
              -6.784948
            ],
            [
              39.1974181,
              -6.7849635
            ],
            [
              39.1974509,
              -6.7848678
            ]
          ]
        ]
      },
      "id": "way/866595105"
    },
    {
      "type": "Feature",
      "properties": {
        "@id": "way/866596210",
        "building": "yes"
      },
      "geometry": {
        "type": "Polygon",
        "coordinates": [
          [
            [
              39.207197,
              -6.7829501
            ],
            [
              39.2071925,
              -6.7830021
            ],
            [
              39.2072586,
              -6.7830077
            ],
            [
              39.207263,
              -6.7829557
            ],
            [
              39.207197,
              -6.7829501
            ]
          ]
        ]
      },
      "id": "way/866596210"
    },
    {
      "type": "Feature",
      "properties": {
        "@id": "way/866596211",
        "building": "yes"
      },
      "geometry": {
        "type": "Polygon",
        "coordinates": [
          [
            [
              39.2069136,
              -6.7833299
            ],
            [
              39.2069132,
              -6.7833391
            ],
            [
              39.2069305,
              -6.7833398
            ],
            [
              39.2069308,
              -6.7833305
            ],
            [
              39.2069136,
              -6.7833299
            ]
          ]
        ]
      },
      "id": "way/866596211"
    },
    {
      "type": "Feature",
      "properties": {
        "@id": "way/866596212",
        "building": "yes"
      },
      "geometry": {
        "type": "Polygon",
        "coordinates": [
          [
            [
              39.2068006,
              -6.7833417
            ],
            [
              39.2067996,
              -6.7834025
            ],
            [
              39.2068711,
              -6.7834037
            ],
            [
              39.206871,
              -6.7834133
            ],
            [
              39.2069316,
              -6.7834142
            ],
            [
              39.2069328,
              -6.7833439
            ],
            [
              39.2068006,
              -6.7833417
            ]
          ]
        ]
      },
      "id": "way/866596212"
    },
    {
      "type": "Feature",
      "properties": {
        "@id": "way/866596213",
        "building": "yes"
      },
      "geometry": {
        "type": "Polygon",
        "coordinates": [
          [
            [
              39.2067477,
              -6.78331
            ],
            [
              39.2067479,
              -6.7833386
            ],
            [
              39.2068558,
              -6.7833379
            ],
            [
              39.2068557,
              -6.7833094
            ],
            [
              39.2067477,
              -6.78331
            ]
          ]
        ]
      },
      "id": "way/866596213"
    },
    {
      "type": "Feature",
      "properties": {
        "@id": "way/866596214",
        "building": "yes"
      },
      "geometry": {
        "type": "Polygon",
        "coordinates": [
          [
            [
              39.2068872,
              -6.7832798
            ],
            [
              39.2068842,
              -6.783318
            ],
            [
              39.2069452,
              -6.7833228
            ],
            [
              39.2069483,
              -6.7832847
            ],
            [
              39.2068872,
              -6.7832798
            ]
          ]
        ]
      },
      "id": "way/866596214"
    },
    {
      "type": "Feature",
      "properties": {
        "@id": "way/866596299",
        "building": "yes"
      },
      "geometry": {
        "type": "Polygon",
        "coordinates": [
          [
            [
              39.2005892,
              -6.7761809
            ],
            [
              39.2005887,
              -6.776154
            ],
            [
              39.2006058,
              -6.7761537
            ],
            [
              39.2006072,
              -6.7762283
            ],
            [
              39.2007117,
              -6.7762265
            ],
            [
              39.2007121,
              -6.7762511
            ],
            [
              39.2007831,
              -6.7762499
            ],
            [
              39.2007816,
              -6.7761714
            ],
            [
              39.2007552,
              -6.7761719
            ],
            [
              39.2007514,
              -6.7759669
            ],
            [
              39.2007931,
              -6.7759662
            ],
            [
              39.2007913,
              -6.7758703
            ],
            [
              39.2007514,
              -6.775871
            ],
            [
              39.2007475,
              -6.7756608
            ],
            [
              39.2007734,
              -6.7756604
            ],
            [
              39.2007726,
              -6.7756206
            ],
            [
              39.200772,
              -6.7755842
            ],
            [
              39.2006988,
              -6.7755856
            ],
            [
              39.2006993,
              -6.7756108
            ],
            [
              39.2005984,
              -6.7756127
            ],
            [
              39.2005997,
              -6.7756831
            ],
            [
              39.2005807,
              -6.7756834
            ],
            [
              39.2005802,
              -6.7756599
            ],
            [
              39.2005121,
              -6.7756611
            ],
            [
              39.2005137,
              -6.7757479
            ],
            [
              39.2005239,
              -6.7757477
            ],
            [
              39.200526,
              -6.7758625
            ],
            [
              39.2005045,
              -6.7758629
            ],
            [
              39.2005066,
              -6.7759787
            ],
            [
              39.2005256,
              -6.7759783
            ],
            [
              39.2005277,
              -6.7760933
            ],
            [
              39.2005179,
              -6.7760935
            ],
            [
              39.2005195,
              -6.7761822
            ],
            [
              39.2005892,
              -6.7761809
            ]
          ]
        ]
      },
      "id": "way/866596299"
    },
    {
      "type": "Feature",
      "properties": {
        "@id": "way/866596300",
        "building": "yes"
      },
      "geometry": {
        "type": "Polygon",
        "coordinates": [
          [
            [
              39.2009861,
              -6.7757441
            ],
            [
              39.2009866,
              -6.7758037
            ],
            [
              39.2010327,
              -6.7758033
            ],
            [
              39.2010323,
              -6.7757437
            ],
            [
              39.2009861,
              -6.7757441
            ]
          ]
        ]
      },
      "id": "way/866596300"
    },
    {
      "type": "Feature",
      "properties": {
        "@id": "way/866596645",
        "building": "yes"
      },
      "geometry": {
        "type": "Polygon",
        "coordinates": [
          [
            [
              39.2087657,
              -6.7785976
            ],
            [
              39.2088208,
              -6.7786199
            ],
            [
              39.2089195,
              -6.7783797
            ],
            [
              39.2088744,
              -6.7783614
            ],
            [
              39.2088657,
              -6.7783827
            ],
            [
              39.2088557,
              -6.7783786
            ],
            [
              39.2087657,
              -6.7785976
            ]
          ]
        ]
      },
      "id": "way/866596645"
    },
    {
      "type": "Feature",
      "properties": {
        "@id": "way/866596646",
        "building": "yes"
      },
      "geometry": {
        "type": "Polygon",
        "coordinates": [
          [
            [
              39.2090134,
              -6.7784917
            ],
            [
              39.2089789,
              -6.7785508
            ],
            [
              39.2090106,
              -6.778569
            ],
            [
              39.209045,
              -6.7785098
            ],
            [
              39.2090134,
              -6.7784917
            ]
          ]
        ]
      },
      "id": "way/866596646"
    },
    {
      "type": "Feature",
      "properties": {
        "@id": "way/866596647",
        "building": "yes"
      },
      "geometry": {
        "type": "Polygon",
        "coordinates": [
          [
            [
              39.208877,
              -6.7786753
            ],
            [
              39.2088642,
              -6.7786958
            ],
            [
              39.2089172,
              -6.7787285
            ],
            [
              39.20893,
              -6.7787079
            ],
            [
              39.208877,
              -6.7786753
            ]
          ]
        ]
      },
      "id": "way/866596647"
    },
    {
      "type": "Feature",
      "properties": {
        "@id": "way/866596648",
        "building": "yes"
      },
      "geometry": {
        "type": "Polygon",
        "coordinates": [
          [
            [
              39.2089277,
              -6.7785806
            ],
            [
              39.2088775,
              -6.7786714
            ],
            [
              39.2089353,
              -6.7787029
            ],
            [
              39.2089855,
              -6.778612
            ],
            [
              39.2089277,
              -6.7785806
            ]
          ]
        ]
      },
      "id": "way/866596648"
    },
    {
      "type": "Feature",
      "properties": {
        "@id": "way/866596649",
        "building": "yes"
      },
      "geometry": {
        "type": "Polygon",
        "coordinates": [
          [
            [
              39.2084597,
              -6.7785571
            ],
            [
              39.2085475,
              -6.7786936
            ],
            [
              39.2085455,
              -6.7787469
            ],
            [
              39.2085274,
              -6.7787988
            ],
            [
              39.2084288,
              -6.7788634
            ],
            [
              39.2084657,
              -6.778926
            ],
            [
              39.2085481,
              -6.7788701
            ],
            [
              39.2085602,
              -6.7788874
            ],
            [
              39.2086279,
              -6.7788454
            ],
            [
              39.2086209,
              -6.7788304
            ],
            [
              39.2086635,
              -6.7788048
            ],
            [
              39.2086843,
              -6.7787242
            ],
            [
              39.20864,
              -6.778655
            ],
            [
              39.2086638,
              -6.7786428
            ],
            [
              39.2085619,
              -6.7784909
            ],
            [
              39.2084597,
              -6.7785571
            ]
          ]
        ]
      },
      "id": "way/866596649"
    },
    {
      "type": "Feature",
      "properties": {
        "@id": "way/866597551",
        "building": "yes"
      },
      "geometry": {
        "type": "Polygon",
        "coordinates": [
          [
            [
              39.1984476,
              -6.7843008
            ],
            [
              39.1984164,
              -6.7843636
            ],
            [
              39.1984838,
              -6.7843967
            ],
            [
              39.1985151,
              -6.784334
            ],
            [
              39.1984476,
              -6.7843008
            ]
          ]
        ]
      },
      "id": "way/866597551"
    },
    {
      "type": "Feature",
      "properties": {
        "@id": "way/867642529",
        "building": "yes"
      },
      "geometry": {
        "type": "Polygon",
        "coordinates": [
          [
            [
              39.2045192,
              -6.7829634
            ],
            [
              39.2045289,
              -6.7829771
            ],
            [
              39.2045437,
              -6.7829852
            ],
            [
              39.2045605,
              -6.7829862
            ],
            [
              39.2045762,
              -6.7829799
            ],
            [
              39.2045874,
              -6.7829675
            ],
            [
              39.2045922,
              -6.7829514
            ],
            [
              39.2045894,
              -6.7829349
            ],
            [
              39.2045797,
              -6.7829211
            ],
            [
              39.204565,
              -6.782913
            ],
            [
              39.2045482,
              -6.782912
            ],
            [
              39.2045326,
              -6.7829183
            ],
            [
              39.2045212,
              -6.7829307
            ],
            [
              39.2045165,
              -6.7829468
            ],
            [
              39.2045192,
              -6.7829634
            ]
          ]
        ]
      },
      "id": "way/867642529"
    },
    {
      "type": "Feature",
      "properties": {
        "@id": "way/867642530",
        "building": "yes"
      },
      "geometry": {
        "type": "Polygon",
        "coordinates": [
          [
            [
              39.2045885,
              -6.7831196
            ],
            [
              39.2046522,
              -6.7831441
            ],
            [
              39.2046777,
              -6.7830789
            ],
            [
              39.204614,
              -6.7830543
            ],
            [
              39.2045885,
              -6.7831196
            ]
          ]
        ]
      },
      "id": "way/867642530"
    },
    {
      "type": "Feature",
      "properties": {
        "@id": "way/867642531",
        "building": "yes"
      },
      "geometry": {
        "type": "Polygon",
        "coordinates": [
          [
            [
              39.2045483,
              -6.7832914
            ],
            [
              39.2046113,
              -6.7832994
            ],
            [
              39.20462,
              -6.783232
            ],
            [
              39.204557,
              -6.783224
            ],
            [
              39.2045483,
              -6.7832914
            ]
          ]
        ]
      },
      "id": "way/867642531"
    },
    {
      "type": "Feature",
      "properties": {
        "@id": "way/867642532",
        "building": "yes"
      },
      "geometry": {
        "type": "Polygon",
        "coordinates": [
          [
            [
              39.2043418,
              -6.7834245
            ],
            [
              39.2044812,
              -6.7834299
            ],
            [
              39.2044843,
              -6.7833503
            ],
            [
              39.2043449,
              -6.783345
            ],
            [
              39.2043418,
              -6.7834245
            ]
          ]
        ]
      },
      "id": "way/867642532"
    },
    {
      "type": "Feature",
      "properties": {
        "@id": "way/867642533",
        "building": "house"
      },
      "geometry": {
        "type": "Polygon",
        "coordinates": [
          [
            [
              39.2042151,
              -6.7832964
            ],
            [
              39.2044069,
              -6.7832912
            ],
            [
              39.204404,
              -6.783184
            ],
            [
              39.2042911,
              -6.783187
            ],
            [
              39.2042919,
              -6.7832163
            ],
            [
              39.2042131,
              -6.7832184
            ],
            [
              39.2042151,
              -6.7832964
            ]
          ]
        ]
      },
      "id": "way/867642533"
    },
    {
      "type": "Feature",
      "properties": {
        "@id": "way/867642534",
        "building": "yes"
      },
      "geometry": {
        "type": "Polygon",
        "coordinates": [
          [
            [
              39.2040856,
              -6.7831329
            ],
            [
              39.2040816,
              -6.7833087
            ],
            [
              39.2041533,
              -6.7833103
            ],
            [
              39.2041573,
              -6.7831346
            ],
            [
              39.2040856,
              -6.7831329
            ]
          ]
        ]
      },
      "id": "way/867642534"
    },
    {
      "type": "Feature",
      "properties": {
        "@id": "way/867643123",
        "building": "yes"
      },
      "geometry": {
        "type": "Polygon",
        "coordinates": [
          [
            [
              39.2046734,
              -6.7755081
            ],
            [
              39.2045032,
              -6.7754641
            ],
            [
              39.2044636,
              -6.7756152
            ],
            [
              39.2045303,
              -6.7756324
            ],
            [
              39.204555,
              -6.7755379
            ],
            [
              39.2046585,
              -6.7755647
            ],
            [
              39.2046734,
              -6.7755081
            ]
          ]
        ]
      },
      "id": "way/867643123"
    },
    {
      "type": "Feature",
      "properties": {
        "@id": "way/867643174",
        "building": "yes"
      },
      "geometry": {
        "type": "Polygon",
        "coordinates": [
          [
            [
              39.2028987,
              -6.7831715
            ],
            [
              39.2029477,
              -6.7831715
            ],
            [
              39.2029477,
              -6.7831296
            ],
            [
              39.2028987,
              -6.7831296
            ],
            [
              39.2028987,
              -6.7831715
            ]
          ]
        ]
      },
      "id": "way/867643174"
    },
    {
      "type": "Feature",
      "properties": {
        "@id": "way/867649114",
        "building": "yes"
      },
      "geometry": {
        "type": "Polygon",
        "coordinates": [
          [
            [
              39.2058181,
              -6.7756089
            ],
            [
              39.2058145,
              -6.7756626
            ],
            [
              39.2059603,
              -6.7756723
            ],
            [
              39.2059638,
              -6.7756202
            ],
            [
              39.2058866,
              -6.775615
            ],
            [
              39.2058878,
              -6.7755972
            ],
            [
              39.2058439,
              -6.7755943
            ],
            [
              39.2058428,
              -6.7756106
            ],
            [
              39.2058181,
              -6.7756089
            ]
          ]
        ]
      },
      "id": "way/867649114"
    },
    {
      "type": "Feature",
      "properties": {
        "@id": "way/867649741",
        "building": "yes"
      },
      "geometry": {
        "type": "Polygon",
        "coordinates": [
          [
            [
              39.1985435,
              -6.784123
            ],
            [
              39.1986528,
              -6.7841963
            ],
            [
              39.198725,
              -6.78409
            ],
            [
              39.1986157,
              -6.7840167
            ],
            [
              39.1985435,
              -6.784123
            ]
          ]
        ]
      },
      "id": "way/867649741"
    },
    {
      "type": "Feature",
      "properties": {
        "@id": "way/867649742",
        "building": "yes"
      },
      "geometry": {
        "type": "Polygon",
        "coordinates": [
          [
            [
              39.1990142,
              -6.7842082
            ],
            [
              39.199063,
              -6.7843576
            ],
            [
              39.199151,
              -6.7843293
            ],
            [
              39.199102,
              -6.7841794
            ],
            [
              39.1990784,
              -6.784187
            ],
            [
              39.1990749,
              -6.784176
            ],
            [
              39.199032,
              -6.7841898
            ],
            [
              39.1990357,
              -6.7842012
            ],
            [
              39.1990142,
              -6.7842082
            ]
          ]
        ]
      },
      "id": "way/867649742"
    },
    {
      "type": "Feature",
      "properties": {
        "@id": "way/867649743",
        "building": "yes"
      },
      "geometry": {
        "type": "Polygon",
        "coordinates": [
          [
            [
              39.1985205,
              -6.7835809
            ],
            [
              39.1985795,
              -6.7836009
            ],
            [
              39.1985944,
              -6.7835577
            ],
            [
              39.1985353,
              -6.7835377
            ],
            [
              39.1985205,
              -6.7835809
            ]
          ]
        ]
      },
      "id": "way/867649743"
    },
    {
      "type": "Feature",
      "properties": {
        "@id": "way/867649744",
        "building": "yes"
      },
      "geometry": {
        "type": "Polygon",
        "coordinates": [
          [
            [
              39.1985174,
              -6.783342
            ],
            [
              39.1984605,
              -6.7834784
            ],
            [
              39.1985448,
              -6.7835131
            ],
            [
              39.1986017,
              -6.7833767
            ],
            [
              39.1985174,
              -6.783342
            ]
          ]
        ]
      },
      "id": "way/867649744"
    },
    {
      "type": "Feature",
      "properties": {
        "@id": "way/867649745",
        "building": "yes"
      },
      "geometry": {
        "type": "Polygon",
        "coordinates": [
          [
            [
              39.1980768,
              -6.7835837
            ],
            [
              39.1983196,
              -6.7836835
            ],
            [
              39.1984165,
              -6.7834511
            ],
            [
              39.1983356,
              -6.7834179
            ],
            [
              39.1982823,
              -6.7835457
            ],
            [
              39.1981204,
              -6.7834791
            ],
            [
              39.1980768,
              -6.7835837
            ]
          ]
        ]
      },
      "id": "way/867649745"
    },
    {
      "type": "Feature",
      "properties": {
        "@id": "way/867652106",
        "building": "yes"
      },
      "geometry": {
        "type": "Polygon",
        "coordinates": [
          [
            [
              39.2080116,
              -6.7766077
            ],
            [
              39.2077775,
              -6.7766031
            ],
            [
              39.2077763,
              -6.7766625
            ],
            [
              39.2080104,
              -6.7766671
            ],
            [
              39.2080116,
              -6.7766077
            ]
          ]
        ]
      },
      "id": "way/867652106"
    },
    {
      "type": "Feature",
      "properties": {
        "@id": "way/867653552",
        "building": "yes"
      },
      "geometry": {
        "type": "Polygon",
        "coordinates": [
          [
            [
              39.2103687,
              -6.7823858
            ],
            [
              39.2105262,
              -6.7824382
            ],
            [
              39.2105689,
              -6.7823131
            ],
            [
              39.2104045,
              -6.7822673
            ],
            [
              39.2103687,
              -6.7823858
            ]
          ]
        ]
      },
      "id": "way/867653552"
    },
    {
      "type": "Feature",
      "properties": {
        "@id": "way/867654080",
        "building": "yes"
      },
      "geometry": {
        "type": "Polygon",
        "coordinates": [
          [
            [
              39.1995353,
              -6.7841074
            ],
            [
              39.1995626,
              -6.7841473
            ],
            [
              39.1996035,
              -6.7841197
            ],
            [
              39.1995762,
              -6.7840797
            ],
            [
              39.1995353,
              -6.7841074
            ]
          ]
        ]
      },
      "id": "way/867654080"
    },
    {
      "type": "Feature",
      "properties": {
        "@id": "way/867654967",
        "building": "yes"
      },
      "geometry": {
        "type": "Polygon",
        "coordinates": [
          [
            [
              39.2074712,
              -6.7789313
            ],
            [
              39.2072507,
              -6.7789313
            ],
            [
              39.2072507,
              -6.7789912
            ],
            [
              39.2074712,
              -6.7789912
            ],
            [
              39.2074712,
              -6.7789313
            ]
          ]
        ]
      },
      "id": "way/867654967"
    },
    {
      "type": "Feature",
      "properties": {
        "@id": "way/867686164",
        "building": "yes"
      },
      "geometry": {
        "type": "Polygon",
        "coordinates": [
          [
            [
              39.1998553,
              -6.7847019
            ],
            [
              39.1999275,
              -6.7847004
            ],
            [
              39.1999257,
              -6.7846173
            ],
            [
              39.1998535,
              -6.7846189
            ],
            [
              39.1998553,
              -6.7847019
            ]
          ]
        ]
      },
      "id": "way/867686164"
    },
    {
      "type": "Feature",
      "properties": {
        "@id": "way/867694525",
        "building": "yes"
      },
      "geometry": {
        "type": "Polygon",
        "coordinates": [
          [
            [
              39.1980393,
              -6.7848764
            ],
            [
              39.1980117,
              -6.7849302
            ],
            [
              39.1980351,
              -6.7849421
            ],
            [
              39.1980628,
              -6.7848882
            ],
            [
              39.1980393,
              -6.7848764
            ]
          ]
        ]
      },
      "id": "way/867694525"
    },
    {
      "type": "Feature",
      "properties": {
        "@id": "way/867694526",
        "building": "yes"
      },
      "geometry": {
        "type": "Polygon",
        "coordinates": [
          [
            [
              39.1975559,
              -6.7846525
            ],
            [
              39.1975427,
              -6.784713
            ],
            [
              39.1975737,
              -6.7847196
            ],
            [
              39.1975868,
              -6.7846591
            ],
            [
              39.1975559,
              -6.7846525
            ]
          ]
        ]
      },
      "id": "way/867694526"
    },
    {
      "type": "Feature",
      "properties": {
        "@id": "way/867694527",
        "building": "yes"
      },
      "geometry": {
        "type": "Polygon",
        "coordinates": [
          [
            [
              39.1974672,
              -6.7846984
            ],
            [
              39.1974674,
              -6.7847336
            ],
            [
              39.1974912,
              -6.7847334
            ],
            [
              39.1974909,
              -6.7846982
            ],
            [
              39.1974672,
              -6.7846984
            ]
          ]
        ]
      },
      "id": "way/867694527"
    },
    {
      "type": "Feature",
      "properties": {
        "@id": "way/867694528",
        "building": "yes"
      },
      "geometry": {
        "type": "Polygon",
        "coordinates": [
          [
            [
              39.1991285,
              -6.7845886
            ],
            [
              39.1991384,
              -6.784669
            ],
            [
              39.1991426,
              -6.7847031
            ],
            [
              39.1991898,
              -6.7846973
            ],
            [
              39.1991831,
              -6.7846432
            ],
            [
              39.1991795,
              -6.7846137
            ],
            [
              39.1991967,
              -6.7846116
            ],
            [
              39.1991929,
              -6.7845807
            ],
            [
              39.1991285,
              -6.7845886
            ]
          ]
        ]
      },
      "id": "way/867694528"
    },
    {
      "type": "Feature",
      "properties": {
        "@id": "way/1033553243",
        "building": "school",
        "layer": "1",
        "name": "University of Dar es Salaam Confucius Institute"
      },
      "geometry": {
        "type": "Polygon",
        "coordinates": [
          [
            [
              39.202238,
              -6.7769804
            ],
            [
              39.2022872,
              -6.7769791
            ],
            [
              39.2022853,
              -6.7769045
            ],
            [
              39.2022361,
              -6.7769058
            ],
            [
              39.202238,
              -6.7769804
            ]
          ]
        ]
      },
      "id": "way/1033553243"
    },
    {
      "type": "Feature",
      "properties": {
        "@id": "way/1184151912",
        "addr:city": "Dar es Salaam",
        "addr:district": "Ubungo",
        "addr:municipality": "Ubungo",
        "amenity": "place_of_worship",
        "building": "mosque",
        "building:levels": "1",
        "building:material": "concrete",
        "denomination": "sunni",
        "name": "Msaud Mosque",
        "religion": "muslim",
        "roof:shape": "onion",
        "wheelchair": "no"
      },
      "geometry": {
        "type": "Polygon",
        "coordinates": [
          [
            [
              39.2045898,
              -6.777233
            ],
            [
              39.2046125,
              -6.777265
            ],
            [
              39.2046419,
              -6.7772913
            ],
            [
              39.2046764,
              -6.7773104
            ],
            [
              39.2047143,
              -6.7773215
            ],
            [
              39.2047537,
              -6.777324
            ],
            [
              39.2047927,
              -6.7773177
            ],
            [
              39.2048293,
              -6.7773031
            ],
            [
              39.2048618,
              -6.7772808
            ],
            [
              39.2048885,
              -6.7772518
            ],
            [
              39.2049081,
              -6.7772177
            ],
            [
              39.2049196,
              -6.7771801
            ],
            [
              39.2049224,
              -6.7771409
            ],
            [
              39.2049164,
              -6.777102
            ],
            [
              39.2049019,
              -6.7770655
            ],
            [
              39.2048796,
              -6.777033
            ],
            [
              39.2048505,
              -6.7770063
            ],
            [
              39.2048163,
              -6.7769866
            ],
            [
              39.2047785,
              -6.776975
            ],
            [
              39.2047385,
              -6.776972
            ],
            [
              39.2046989,
              -6.7769779
            ],
            [
              39.2046617,
              -6.7769926
            ],
            [
              39.2046287,
              -6.7770152
            ],
            [
              39.2046016,
              -6.7770445
            ],
            [
              39.2045819,
              -6.7770791
            ],
            [
              39.2045705,
              -6.7771173
            ],
            [
              39.204568,
              -6.777157
            ],
            [
              39.2045745,
              -6.7771962
            ],
            [
              39.2045898,
              -6.777233
            ]
          ]
        ]
      },
      "id": "way/1184151912"
    },
    {
      "type": "Feature",
      "properties": {
        "@id": "way/1229032135",
        "building": "yes"
      },
      "geometry": {
        "type": "Polygon",
        "coordinates": [
          [
            [
              39.2006613,
              -6.7787841
            ],
            [
              39.200532,
              -6.7790412
            ],
            [
              39.2005983,
              -6.7790741
            ],
            [
              39.2007276,
              -6.778817
            ],
            [
              39.2006613,
              -6.7787841
            ]
          ]
        ]
      },
      "id": "way/1229032135"
    },
    {
      "type": "Feature",
      "properties": {
        "@id": "way/1229032136",
        "building": "yes"
      },
      "geometry": {
        "type": "Polygon",
        "coordinates": [
          [
            [
              39.200912,
              -6.7785888
            ],
            [
              39.2008887,
              -6.7786364
            ],
            [
              39.2009488,
              -6.7786654
            ],
            [
              39.2009721,
              -6.7786178
            ],
            [
              39.200912,
              -6.7785888
            ]
          ]
        ]
      },
      "id": "way/1229032136"
    },
    {
      "type": "Feature",
      "properties": {
        "@id": "way/1251076754",
        "building": "yes"
      },
      "geometry": {
        "type": "Polygon",
        "coordinates": [
          [
            [
              39.2062642,
              -6.7845359
            ],
            [
              39.2062609,
              -6.7845911
            ],
            [
              39.2063005,
              -6.7845935
            ],
            [
              39.2063038,
              -6.7845382
            ],
            [
              39.2062642,
              -6.7845359
            ]
          ]
        ]
      },
      "id": "way/1251076754"
    },
    {
      "type": "Feature",
      "properties": {
        "@id": "way/1251076755",
        "building": "yes"
      },
      "geometry": {
        "type": "Polygon",
        "coordinates": [
          [
            [
              39.2072795,
              -6.7836383
            ],
            [
              39.2072734,
              -6.7836944
            ],
            [
              39.2073297,
              -6.7837004
            ],
            [
              39.2073358,
              -6.7836443
            ],
            [
              39.2072795,
              -6.7836383
            ]
          ]
        ]
      },
      "id": "way/1251076755"
    },
    {
      "type": "Feature",
      "properties": {
        "@id": "way/1251076756",
        "building": "yes"
      },
      "geometry": {
        "type": "Polygon",
        "coordinates": [
          [
            [
              39.2074129,
              -6.7838274
            ],
            [
              39.2074113,
              -6.783897
            ],
            [
              39.2075012,
              -6.783899
            ],
            [
              39.2075028,
              -6.7838294
            ],
            [
              39.2074129,
              -6.7838274
            ]
          ]
        ]
      },
      "id": "way/1251076756"
    },
    {
      "type": "Feature",
      "properties": {
        "@id": "way/1251076757",
        "building": "yes"
      },
      "geometry": {
        "type": "Polygon",
        "coordinates": [
          [
            [
              39.2070307,
              -6.7825176
            ],
            [
              39.2070307,
              -6.7829917
            ],
            [
              39.2070803,
              -6.7829917
            ],
            [
              39.2070803,
              -6.7825176
            ],
            [
              39.2070307,
              -6.7825176
            ]
          ]
        ]
      },
      "id": "way/1251076757"
    },
    {
      "type": "Feature",
      "properties": {
        "@id": "way/1251076758",
        "building": "yes"
      },
      "geometry": {
        "type": "Polygon",
        "coordinates": [
          [
            [
              39.2070862,
              -6.7827241
            ],
            [
              39.2070849,
              -6.7827795
            ],
            [
              39.2071307,
              -6.7827805
            ],
            [
              39.2071319,
              -6.7827251
            ],
            [
              39.2070862,
              -6.7827241
            ]
          ]
        ]
      },
      "id": "way/1251076758"
    },
    {
      "type": "Feature",
      "properties": {
        "@id": "way/1251076759",
        "building": "yes"
      },
      "geometry": {
        "type": "Polygon",
        "coordinates": [
          [
            [
              39.2070887,
              -6.7828882
            ],
            [
              39.207088,
              -6.7829495
            ],
            [
              39.2071326,
              -6.78295
            ],
            [
              39.2071333,
              -6.7828887
            ],
            [
              39.2070887,
              -6.7828882
            ]
          ]
        ]
      },
      "id": "way/1251076759"
    },
    {
      "type": "Feature",
      "properties": {
        "@id": "way/1251076760",
        "building": "yes"
      },
      "geometry": {
        "type": "Polygon",
        "coordinates": [
          [
            [
              39.207141,
              -6.7828909
            ],
            [
              39.2071292,
              -6.7830394
            ],
            [
              39.2071762,
              -6.7830431
            ],
            [
              39.2071879,
              -6.7828945
            ],
            [
              39.207141,
              -6.7828909
            ]
          ]
        ]
      },
      "id": "way/1251076760"
    },
    {
      "type": "Feature",
      "properties": {
        "@id": "way/1251076761",
        "building": "yes"
      },
      "geometry": {
        "type": "Polygon",
        "coordinates": [
          [
            [
              39.207022,
              -6.783169
            ],
            [
              39.2070209,
              -6.7832516
            ],
            [
              39.2070586,
              -6.7832521
            ],
            [
              39.2070597,
              -6.7831695
            ],
            [
              39.207022,
              -6.783169
            ]
          ]
        ]
      },
      "id": "way/1251076761"
    },
    {
      "type": "Feature",
      "properties": {
        "@id": "way/1251076762",
        "building": "yes"
      },
      "geometry": {
        "type": "Polygon",
        "coordinates": [
          [
            [
              39.2067513,
              -6.7832674
            ],
            [
              39.2067504,
              -6.7832938
            ],
            [
              39.2067761,
              -6.7832947
            ],
            [
              39.206777,
              -6.7832682
            ],
            [
              39.2067513,
              -6.7832674
            ]
          ]
        ]
      },
      "id": "way/1251076762"
    },
    {
      "type": "Feature",
      "properties": {
        "@id": "way/1251077216",
        "building": "yes"
      },
      "geometry": {
        "type": "Polygon",
        "coordinates": [
          [
            [
              39.2079607,
              -6.7799514
            ],
            [
              39.2079617,
              -6.7800147
            ],
            [
              39.2083084,
              -6.7800093
            ],
            [
              39.2083074,
              -6.7799461
            ],
            [
              39.2079607,
              -6.7799514
            ]
          ]
        ]
      },
      "id": "way/1251077216"
    },
    {
      "type": "Feature",
      "properties": {
        "@id": "way/1251077434",
        "building": "yes"
      },
      "geometry": {
        "type": "Polygon",
        "coordinates": [
          [
            [
              39.2095319,
              -6.7828887
            ],
            [
              39.2094712,
              -6.7828825
            ],
            [
              39.2094592,
              -6.7829997
            ],
            [
              39.2095198,
              -6.7830059
            ],
            [
              39.2095319,
              -6.7828887
            ]
          ]
        ]
      },
      "id": "way/1251077434"
    },
    {
      "type": "Feature",
      "properties": {
        "@id": "way/1251077435",
        "building": "yes"
      },
      "geometry": {
        "type": "Polygon",
        "coordinates": [
          [
            [
              39.2098915,
              -6.782357
            ],
            [
              39.2099091,
              -6.7824173
            ],
            [
              39.2100214,
              -6.7823851
            ],
            [
              39.2100038,
              -6.7823248
            ],
            [
              39.2098915,
              -6.782357
            ]
          ]
        ]
      },
      "id": "way/1251077435"
    },
    {
      "type": "Feature",
      "properties": {
        "@id": "way/1251078107",
        "building": "yes"
      },
      "geometry": {
        "type": "Polygon",
        "coordinates": [
          [
            [
              39.2085046,
              -6.784958
            ],
            [
              39.2084627,
              -6.784923
            ],
            [
              39.2083661,
              -6.7850368
            ],
            [
              39.208408,
              -6.7850719
            ],
            [
              39.2085046,
              -6.784958
            ]
          ]
        ]
      },
      "id": "way/1251078107"
    },
    {
      "type": "Feature",
      "properties": {
        "@id": "way/1251078113",
        "building": "yes"
      },
      "geometry": {
        "type": "Polygon",
        "coordinates": [
          [
            [
              39.2085569,
              -6.7848601
            ],
            [
              39.2085123,
              -6.7849091
            ],
            [
              39.2086176,
              -6.7850036
            ],
            [
              39.2086621,
              -6.7849547
            ],
            [
              39.2085569,
              -6.7848601
            ]
          ]
        ]
      },
      "id": "way/1251078113"
    },
    {
      "type": "Feature",
      "properties": {
        "@id": "way/1251078395",
        "building": "yes"
      },
      "geometry": {
        "type": "Polygon",
        "coordinates": [
          [
            [
              39.2045902,
              -6.7759632
            ],
            [
              39.2045712,
              -6.7760273
            ],
            [
              39.2046953,
              -6.7760635
            ],
            [
              39.2047143,
              -6.7759995
            ],
            [
              39.2045902,
              -6.7759632
            ]
          ]
        ]
      },
      "id": "way/1251078395"
    },
    {
      "type": "Feature",
      "properties": {
        "@id": "way/1251078541",
        "building": "yes"
      },
      "geometry": {
        "type": "Polygon",
        "coordinates": [
          [
            [
              39.2045895,
              -6.7824351
            ],
            [
              39.2046074,
              -6.7824706
            ],
            [
              39.2046416,
              -6.7824537
            ],
            [
              39.2046237,
              -6.7824181
            ],
            [
              39.2045895,
              -6.7824351
            ]
          ]
        ]
      },
      "id": "way/1251078541"
    },
    {
      "type": "Feature",
      "properties": {
        "@id": "way/1251081157",
        "building": "yes"
      },
      "geometry": {
        "type": "Polygon",
        "coordinates": [
          [
            [
              39.2049447,
              -6.7758779
            ],
            [
              39.2049749,
              -6.775902
            ],
            [
              39.2050084,
              -6.7758607
            ],
            [
              39.2049782,
              -6.7758366
            ],
            [
              39.2049447,
              -6.7758779
            ]
          ]
        ]
      },
      "id": "way/1251081157"
    },
    {
      "type": "Feature",
      "properties": {
        "@id": "way/1251081158",
        "building": "yes"
      },
      "geometry": {
        "type": "Polygon",
        "coordinates": [
          [
            [
              39.2050173,
              -6.7757589
            ],
            [
              39.2050634,
              -6.77579
            ],
            [
              39.2050957,
              -6.7757426
            ],
            [
              39.2050497,
              -6.7757116
            ],
            [
              39.2050173,
              -6.7757589
            ]
          ]
        ]
      },
      "id": "way/1251081158"
    },
    {
      "type": "Feature",
      "properties": {
        "@id": "way/1251084439",
        "building": "yes"
      },
      "geometry": {
        "type": "Polygon",
        "coordinates": [
          [
            [
              39.2060765,
              -6.7760112
            ],
            [
              39.206076,
              -6.7760576
            ],
            [
              39.2061055,
              -6.7760579
            ],
            [
              39.206106,
              -6.7760115
            ],
            [
              39.2060765,
              -6.7760112
            ]
          ]
        ]
      },
      "id": "way/1251084439"
    },
    {
      "type": "Feature",
      "properties": {
        "@id": "way/1251084440",
        "building": "yes"
      },
      "geometry": {
        "type": "Polygon",
        "coordinates": [
          [
            [
              39.205979,
              -6.7760132
            ],
            [
              39.2059781,
              -6.7760706
            ],
            [
              39.2060258,
              -6.7760712
            ],
            [
              39.2060266,
              -6.7760139
            ],
            [
              39.205979,
              -6.7760132
            ]
          ]
        ]
      },
      "id": "way/1251084440"
    },
    {
      "type": "Feature",
      "properties": {
        "@id": "way/1251084441",
        "building": "yes"
      },
      "geometry": {
        "type": "Polygon",
        "coordinates": [
          [
            [
              39.2069332,
              -6.7763251
            ],
            [
              39.2069305,
              -6.7763942
            ],
            [
              39.2072133,
              -6.776405
            ],
            [
              39.207216,
              -6.7763359
            ],
            [
              39.2069332,
              -6.7763251
            ]
          ]
        ]
      },
      "id": "way/1251084441"
    },
    {
      "type": "Feature",
      "properties": {
        "@id": "way/1251087582",
        "building": "yes"
      },
      "geometry": {
        "type": "Polygon",
        "coordinates": [
          [
            [
              39.2097643,
              -6.7751621
            ],
            [
              39.2098159,
              -6.7751618
            ],
            [
              39.2098155,
              -6.7750964
            ],
            [
              39.2097639,
              -6.7750967
            ],
            [
              39.2097643,
              -6.7751621
            ]
          ]
        ]
      },
      "id": "way/1251087582"
    },
    {
      "type": "Feature",
      "properties": {
        "@id": "way/1251091233",
        "building": "yes"
      },
      "geometry": {
        "type": "Polygon",
        "coordinates": [
          [
            [
              39.2003421,
              -6.7784884
            ],
            [
              39.2003306,
              -6.7785118
            ],
            [
              39.20031,
              -6.7785018
            ],
            [
              39.2002982,
              -6.7785258
            ],
            [
              39.2003177,
              -6.7785352
            ],
            [
              39.2002947,
              -6.7785819
            ],
            [
              39.2003997,
              -6.7786328
            ],
            [
              39.200446,
              -6.7785388
            ],
            [
              39.2003421,
              -6.7784884
            ]
          ]
        ]
      },
      "id": "way/1251091233"
    },
    {
      "type": "Feature",
      "properties": {
        "@id": "way/1251091234",
        "building": "yes"
      },
      "geometry": {
        "type": "Polygon",
        "coordinates": [
          [
            [
              39.2001092,
              -6.7791401
            ],
            [
              39.2003416,
              -6.7792563
            ],
            [
              39.2004235,
              -6.7790948
            ],
            [
              39.2001911,
              -6.7789786
            ],
            [
              39.2001092,
              -6.7791401
            ]
          ]
        ]
      },
      "id": "way/1251091234"
    },
    {
      "type": "Feature",
      "properties": {
        "@id": "way/1251091235",
        "building": "yes"
      },
      "geometry": {
        "type": "Polygon",
        "coordinates": [
          [
            [
              39.2004678,
              -6.7786836
            ],
            [
              39.2004918,
              -6.7786943
            ],
            [
              39.2005019,
              -6.7786718
            ],
            [
              39.2004779,
              -6.7786612
            ],
            [
              39.2004678,
              -6.7786836
            ]
          ]
        ]
      },
      "id": "way/1251091235"
    },
    {
      "type": "Feature",
      "properties": {
        "@id": "way/1251091236",
        "building": "yes"
      },
      "geometry": {
        "type": "Polygon",
        "coordinates": [
          [
            [
              39.2003714,
              -6.7786393
            ],
            [
              39.2003633,
              -6.7786553
            ],
            [
              39.2002397,
              -6.778901
            ],
            [
              39.200394,
              -6.7789777
            ],
            [
              39.2005258,
              -6.778716
            ],
            [
              39.2003714,
              -6.7786393
            ]
          ]
        ]
      },
      "id": "way/1251091236"
    },
    {
      "type": "Feature",
      "properties": {
        "@id": "way/1251091237",
        "building": "yes"
      },
      "geometry": {
        "type": "Polygon",
        "coordinates": [
          [
            [
              39.2004073,
              -6.7789819
            ],
            [
              39.2004717,
              -6.7790139
            ],
            [
              39.2006034,
              -6.7787526
            ],
            [
              39.2005391,
              -6.7787206
            ],
            [
              39.2004073,
              -6.7789819
            ]
          ]
        ]
      },
      "id": "way/1251091237"
    },
    {
      "type": "Feature",
      "properties": {
        "@id": "way/1251091238",
        "building": "yes"
      },
      "geometry": {
        "type": "Polygon",
        "coordinates": [
          [
            [
              39.2007805,
              -6.7788394
            ],
            [
              39.2006504,
              -6.7791038
            ],
            [
              39.2007149,
              -6.7791351
            ],
            [
              39.200845,
              -6.7788707
            ],
            [
              39.2007805,
              -6.7788394
            ]
          ]
        ]
      },
      "id": "way/1251091238"
    },
    {
      "type": "Feature",
      "properties": {
        "@id": "way/1251091240",
        "building": "yes"
      },
      "geometry": {
        "type": "Polygon",
        "coordinates": [
          [
            [
              39.2005605,
              -6.7784652
            ],
            [
              39.2004713,
              -6.7786289
            ],
            [
              39.2007637,
              -6.778786
            ],
            [
              39.2008529,
              -6.7786224
            ],
            [
              39.2005605,
              -6.7784652
            ]
          ]
        ]
      },
      "id": "way/1251091240"
    },
    {
      "type": "Feature",
      "properties": {
        "@id": "way/1251091241",
        "building": "yes"
      },
      "geometry": {
        "type": "Polygon",
        "coordinates": [
          [
            [
              39.2008829,
              -6.7786516
            ],
            [
              39.2008406,
              -6.7787396
            ],
            [
              39.2008972,
              -6.7787664
            ],
            [
              39.2009395,
              -6.7786784
            ],
            [
              39.2008829,
              -6.7786516
            ]
          ]
        ]
      },
      "id": "way/1251091241"
    },
    {
      "type": "Feature",
      "properties": {
        "@id": "way/1251091242",
        "building": "yes"
      },
      "geometry": {
        "type": "Polygon",
        "coordinates": [
          [
            [
              39.200932,
              -6.7778456
            ],
            [
              39.2009082,
              -6.7778816
            ],
            [
              39.2009277,
              -6.7778943
            ],
            [
              39.2009515,
              -6.7778584
            ],
            [
              39.200932,
              -6.7778456
            ]
          ]
        ]
      },
      "id": "way/1251091242"
    },
    {
      "type": "Feature",
      "properties": {
        "@id": "way/1251091243",
        "building": "yes"
      },
      "geometry": {
        "type": "Polygon",
        "coordinates": [
          [
            [
              39.2003486,
              -6.7776369
            ],
            [
              39.2004143,
              -6.7776535
            ],
            [
              39.2004264,
              -6.7776066
            ],
            [
              39.2003607,
              -6.7775899
            ],
            [
              39.2003486,
              -6.7776369
            ]
          ]
        ]
      },
      "id": "way/1251091243"
    },
    {
      "type": "Feature",
      "properties": {
        "@id": "way/1251091244",
        "building": "yes"
      },
      "geometry": {
        "type": "Polygon",
        "coordinates": [
          [
            [
              39.2002239,
              -6.7776583
            ],
            [
              39.200242,
              -6.7776494
            ],
            [
              39.2002344,
              -6.7776343
            ],
            [
              39.2002163,
              -6.7776433
            ],
            [
              39.2002239,
              -6.7776583
            ]
          ]
        ]
      },
      "id": "way/1251091244"
    },
    {
      "type": "Feature",
      "properties": {
        "@id": "way/1251091245",
        "building": "yes"
      },
      "geometry": {
        "type": "Polygon",
        "coordinates": [
          [
            [
              39.2002563,
              -6.777404
            ],
            [
              39.2002456,
              -6.7774753
            ],
            [
              39.2002297,
              -6.777473
            ],
            [
              39.2002235,
              -6.7775141
            ],
            [
              39.2002422,
              -6.7775169
            ],
            [
              39.2002431,
              -6.7775112
            ],
            [
              39.2003158,
              -6.7775219
            ],
            [
              39.2003318,
              -6.7774152
            ],
            [
              39.2002563,
              -6.777404
            ]
          ]
        ]
      },
      "id": "way/1251091245"
    },
    {
      "type": "Feature",
      "properties": {
        "@id": "way/1251091248",
        "building": "yes"
      },
      "geometry": {
        "type": "Polygon",
        "coordinates": [
          [
            [
              39.201909,
              -6.7769374
            ],
            [
              39.2019171,
              -6.776978
            ],
            [
              39.2019462,
              -6.7769723
            ],
            [
              39.2019381,
              -6.7769317
            ],
            [
              39.201909,
              -6.7769374
            ]
          ]
        ]
      },
      "id": "way/1251091248"
    },
    {
      "type": "Feature",
      "properties": {
        "@id": "way/1251091249",
        "building": "yes"
      },
      "geometry": {
        "type": "Polygon",
        "coordinates": [
          [
            [
              39.2014108,
              -6.7766487
            ],
            [
              39.2015114,
              -6.776684
            ],
            [
              39.2015307,
              -6.7766298
            ],
            [
              39.2014301,
              -6.7765945
            ],
            [
              39.2014108,
              -6.7766487
            ]
          ]
        ]
      },
      "id": "way/1251091249"
    },
    {
      "type": "Feature",
      "properties": {
        "@id": "way/1251091250",
        "building": "yes"
      },
      "geometry": {
        "type": "Polygon",
        "coordinates": [
          [
            [
              39.201222,
              -6.7768026
            ],
            [
              39.2012122,
              -6.7768352
            ],
            [
              39.2012376,
              -6.7768427
            ],
            [
              39.2012474,
              -6.7768102
            ],
            [
              39.201222,
              -6.7768026
            ]
          ]
        ]
      },
      "id": "way/1251091250"
    },
    {
      "type": "Feature",
      "properties": {
        "@id": "way/1251091251",
        "building": "yes"
      },
      "geometry": {
        "type": "Polygon",
        "coordinates": [
          [
            [
              39.2011432,
              -6.7788765
            ],
            [
              39.2011323,
              -6.7789
            ],
            [
              39.2011532,
              -6.7789096
            ],
            [
              39.2011641,
              -6.7788861
            ],
            [
              39.2011432,
              -6.7788765
            ]
          ]
        ]
      },
      "id": "way/1251091251"
    },
    {
      "type": "Feature",
      "properties": {
        "@id": "way/1251091252",
        "building": "yes"
      },
      "geometry": {
        "type": "Polygon",
        "coordinates": [
          [
            [
              39.2013483,
              -6.7791826
            ],
            [
              39.201396,
              -6.7792059
            ],
            [
              39.2014198,
              -6.7791579
            ],
            [
              39.2013721,
              -6.7791345
            ],
            [
              39.2013483,
              -6.7791826
            ]
          ]
        ]
      },
      "id": "way/1251091252"
    },
    {
      "type": "Feature",
      "properties": {
        "@id": "way/1251091253",
        "building": "yes"
      },
      "geometry": {
        "type": "Polygon",
        "coordinates": [
          [
            [
              39.2013251,
              -6.7791562
            ],
            [
              39.2013212,
              -6.7791656
            ],
            [
              39.2013346,
              -6.7791711
            ],
            [
              39.2013385,
              -6.7791617
            ],
            [
              39.2013251,
              -6.7791562
            ]
          ]
        ]
      },
      "id": "way/1251091253"
    },
    {
      "type": "Feature",
      "properties": {
        "@id": "way/1251091254",
        "building": "yes"
      },
      "geometry": {
        "type": "Polygon",
        "coordinates": [
          [
            [
              39.2013275,
              -6.7791526
            ],
            [
              39.2013427,
              -6.7791602
            ],
            [
              39.2013477,
              -6.7791505
            ],
            [
              39.2013324,
              -6.7791429
            ],
            [
              39.2013275,
              -6.7791526
            ]
          ]
        ]
      },
      "id": "way/1251091254"
    },
    {
      "type": "Feature",
      "properties": {
        "@id": "way/1251091255",
        "building": "yes"
      },
      "geometry": {
        "type": "Polygon",
        "coordinates": [
          [
            [
              39.2013214,
              -6.7791381
            ],
            [
              39.2013057,
              -6.7791296
            ],
            [
              39.2012965,
              -6.7791466
            ],
            [
              39.2013122,
              -6.779155
            ],
            [
              39.2013214,
              -6.7791381
            ]
          ]
        ]
      },
      "id": "way/1251091255"
    },
    {
      "type": "Feature",
      "properties": {
        "@id": "way/1251091256",
        "building": "yes"
      },
      "geometry": {
        "type": "Polygon",
        "coordinates": [
          [
            [
              39.2013119,
              -6.7790965
            ],
            [
              39.2012642,
              -6.7790731
            ],
            [
              39.2012374,
              -6.779127
            ],
            [
              39.2012851,
              -6.7791504
            ],
            [
              39.2013119,
              -6.7790965
            ]
          ]
        ]
      },
      "id": "way/1251091256"
    },
    {
      "type": "Feature",
      "properties": {
        "@id": "way/1251091257",
        "building": "yes"
      },
      "geometry": {
        "type": "Polygon",
        "coordinates": [
          [
            [
              39.2009572,
              -6.7791727
            ],
            [
              39.2010061,
              -6.779197
            ],
            [
              39.2011094,
              -6.7789915
            ],
            [
              39.2010604,
              -6.7789673
            ],
            [
              39.2009572,
              -6.7791727
            ]
          ]
        ]
      },
      "id": "way/1251091257"
    },
    {
      "type": "Feature",
      "properties": {
        "@id": "way/1251091258",
        "building": "yes"
      },
      "geometry": {
        "type": "Polygon",
        "coordinates": [
          [
            [
              39.2014473,
              -6.7783317
            ],
            [
              39.2015318,
              -6.778375
            ],
            [
              39.2015535,
              -6.7783333
            ],
            [
              39.201469,
              -6.77829
            ],
            [
              39.2014473,
              -6.7783317
            ]
          ]
        ]
      },
      "id": "way/1251091258"
    },
    {
      "type": "Feature",
      "properties": {
        "@id": "way/1251091259",
        "building": "yes"
      },
      "geometry": {
        "type": "Polygon",
        "coordinates": [
          [
            [
              39.2017644,
              -6.7781841
            ],
            [
              39.2017922,
              -6.7782077
            ],
            [
              39.2018141,
              -6.7781823
            ],
            [
              39.2017864,
              -6.7781587
            ],
            [
              39.2017644,
              -6.7781841
            ]
          ]
        ]
      },
      "id": "way/1251091259"
    },
    {
      "type": "Feature",
      "properties": {
        "@id": "way/1251091260",
        "building": "yes"
      },
      "geometry": {
        "type": "Polygon",
        "coordinates": [
          [
            [
              39.2018729,
              -6.7781261
            ],
            [
              39.2019122,
              -6.7781575
            ],
            [
              39.201923,
              -6.7781442
            ],
            [
              39.201933,
              -6.7781522
            ],
            [
              39.2019491,
              -6.7781324
            ],
            [
              39.2019382,
              -6.7781236
            ],
            [
              39.2019477,
              -6.7781119
            ],
            [
              39.2019093,
              -6.7780812
            ],
            [
              39.2018729,
              -6.7781261
            ]
          ]
        ]
      },
      "id": "way/1251091260"
    },
    {
      "type": "Feature",
      "properties": {
        "@id": "way/1251099345",
        "building": "yes"
      },
      "geometry": {
        "type": "Polygon",
        "coordinates": [
          [
            [
              39.2020183,
              -6.7771095
            ],
            [
              39.2020186,
              -6.7770788
            ],
            [
              39.2019583,
              -6.7770781
            ],
            [
              39.201958,
              -6.7771088
            ],
            [
              39.2020183,
              -6.7771095
            ]
          ]
        ]
      },
      "id": "way/1251099345"
    },
    {
      "type": "Feature",
      "properties": {
        "@id": "way/1251099346",
        "building": "school",
        "layer": "1",
        "name": "University of Dar es Salaam Confucius Institute"
      },
      "geometry": {
        "type": "Polygon",
        "coordinates": [
          [
            [
              39.2022757,
              -6.7770188
            ],
            [
              39.2021167,
              -6.7770198
            ],
            [
              39.2021177,
              -6.7771884
            ],
            [
              39.2022768,
              -6.7771875
            ],
            [
              39.2022757,
              -6.7770188
            ]
          ]
        ]
      },
      "id": "way/1251099346"
    },
    {
      "type": "Feature",
      "properties": {
        "@id": "way/1251103705",
        "building": "yes"
      },
      "geometry": {
        "type": "Polygon",
        "coordinates": [
          [
            [
              39.2055823,
              -6.7848323
            ],
            [
              39.2055822,
              -6.7848446
            ],
            [
              39.2055874,
              -6.7848447
            ],
            [
              39.2055874,
              -6.7848492
            ],
            [
              39.2055947,
              -6.7848493
            ],
            [
              39.2055947,
              -6.784845
            ],
            [
              39.2056039,
              -6.7848451
            ],
            [
              39.205604,
              -6.7848324
            ],
            [
              39.2055823,
              -6.7848323
            ]
          ]
        ]
      },
      "id": "way/1251103705"
    },
    {
      "type": "Feature",
      "properties": {
        "@id": "way/1251123326",
        "building": "yes"
      },
      "geometry": {
        "type": "Polygon",
        "coordinates": [
          [
            [
              39.2047629,
              -6.7812272
            ],
            [
              39.2046983,
              -6.7812404
            ],
            [
              39.204709,
              -6.7812923
            ],
            [
              39.2047736,
              -6.7812791
            ],
            [
              39.2047629,
              -6.7812272
            ]
          ]
        ]
      },
      "id": "way/1251123326"
    },
    {
      "type": "Feature",
      "properties": {
        "@id": "way/1251123327",
        "building": "yes"
      },
      "geometry": {
        "type": "Polygon",
        "coordinates": [
          [
            [
              39.2047803,
              -6.7812359
            ],
            [
              39.2047948,
              -6.7812828
            ],
            [
              39.2048451,
              -6.7812675
            ],
            [
              39.2048306,
              -6.7812206
            ],
            [
              39.2047803,
              -6.7812359
            ]
          ]
        ]
      },
      "id": "way/1251123327"
    },
    {
      "type": "Feature",
      "properties": {
        "@id": "way/1251123328",
        "building": "yes"
      },
      "geometry": {
        "type": "Polygon",
        "coordinates": [
          [
            [
              39.2054267,
              -6.7811846
            ],
            [
              39.2054242,
              -6.7812323
            ],
            [
              39.2055516,
              -6.781239
            ],
            [
              39.2055541,
              -6.7811913
            ],
            [
              39.2054267,
              -6.7811846
            ]
          ]
        ]
      },
      "id": "way/1251123328"
    },
    {
      "type": "Feature",
      "properties": {
        "@id": "way/1251123329",
        "building": "yes"
      },
      "geometry": {
        "type": "Polygon",
        "coordinates": [
          [
            [
              39.2057546,
              -6.7814303
            ],
            [
              39.205764,
              -6.7812765
            ],
            [
              39.2056889,
              -6.781272
            ],
            [
              39.2056796,
              -6.7814258
            ],
            [
              39.2057546,
              -6.7814303
            ]
          ]
        ]
      },
      "id": "way/1251123329"
    },
    {
      "type": "Feature",
      "properties": {
        "@id": "way/1251123330",
        "building": "yes"
      },
      "geometry": {
        "type": "Polygon",
        "coordinates": [
          [
            [
              39.206393,
              -6.7810721
            ],
            [
              39.2063921,
              -6.7811221
            ],
            [
              39.2064679,
              -6.7811235
            ],
            [
              39.2064688,
              -6.7810734
            ],
            [
              39.206393,
              -6.7810721
            ]
          ]
        ]
      },
      "id": "way/1251123330"
    },
    {
      "type": "Feature",
      "properties": {
        "@id": "way/1251123331",
        "building": "yes"
      },
      "geometry": {
        "type": "Polygon",
        "coordinates": [
          [
            [
              39.2055219,
              -6.7796451
            ],
            [
              39.2057124,
              -6.7796904
            ],
            [
              39.2057419,
              -6.7795678
            ],
            [
              39.2055514,
              -6.7795226
            ],
            [
              39.2055219,
              -6.7796451
            ]
          ]
        ]
      },
      "id": "way/1251123331"
    },
    {
      "type": "Feature",
      "properties": {
        "@id": "way/1251123332",
        "building": "yes"
      },
      "geometry": {
        "type": "Polygon",
        "coordinates": [
          [
            [
              39.205878,
              -6.7809562
            ],
            [
              39.2058773,
              -6.7810164
            ],
            [
              39.2059893,
              -6.7810178
            ],
            [
              39.20599,
              -6.7809575
            ],
            [
              39.205878,
              -6.7809562
            ]
          ]
        ]
      },
      "id": "way/1251123332"
    },
    {
      "type": "Feature",
      "properties": {
        "@id": "way/1251123333",
        "building": "yes"
      },
      "geometry": {
        "type": "Polygon",
        "coordinates": [
          [
            [
              39.2054616,
              -6.7813271
            ],
            [
              39.2051786,
              -6.7813071
            ],
            [
              39.2051712,
              -6.7814113
            ],
            [
              39.2054541,
              -6.7814313
            ],
            [
              39.2054616,
              -6.7813271
            ]
          ]
        ]
      },
      "id": "way/1251123333"
    },
    {
      "type": "Feature",
      "properties": {
        "@id": "way/1251123334",
        "building": "yes"
      },
      "geometry": {
        "type": "Polygon",
        "coordinates": [
          [
            [
              39.2058549,
              -6.781122
            ],
            [
              39.205855,
              -6.7811949
            ],
            [
              39.2059715,
              -6.7811947
            ],
            [
              39.2060009,
              -6.7811946
            ],
            [
              39.2060007,
              -6.7811217
            ],
            [
              39.2058549,
              -6.781122
            ]
          ]
        ]
      },
      "id": "way/1251123334"
    },
    {
      "type": "Feature",
      "properties": {
        "@id": "way/1251123335",
        "building": "yes"
      },
      "geometry": {
        "type": "Polygon",
        "coordinates": [
          [
            [
              39.2057292,
              -6.7811425
            ],
            [
              39.205728,
              -6.7811933
            ],
            [
              39.2058223,
              -6.7811956
            ],
            [
              39.205824,
              -6.7811265
            ],
            [
              39.2058208,
              -6.7811264
            ],
            [
              39.2058215,
              -6.7810946
            ],
            [
              39.2056185,
              -6.7810898
            ],
            [
              39.2056173,
              -6.7811398
            ],
            [
              39.2057292,
              -6.7811425
            ]
          ]
        ]
      },
      "id": "way/1251123335"
    },
    {
      "type": "Feature",
      "properties": {
        "@id": "way/1251123336",
        "building": "yes"
      },
      "geometry": {
        "type": "Polygon",
        "coordinates": [
          [
            [
              39.2052765,
              -6.7803702
            ],
            [
              39.205276,
              -6.7805081
            ],
            [
              39.2056274,
              -6.7805094
            ],
            [
              39.2056279,
              -6.7803716
            ],
            [
              39.2052765,
              -6.7803702
            ]
          ]
        ]
      },
      "id": "way/1251123336"
    },
    {
      "type": "Feature",
      "properties": {
        "@id": "way/1251123337",
        "addr:city": "Dar es salaam",
        "addr:district": "Ubungo",
        "addr:municipality": "Ubungo",
        "addr:street": "Chuo Kikuu",
        "building": "yes"
      },
      "geometry": {
        "type": "Polygon",
        "coordinates": [
          [
            [
              39.2052612,
              -6.7804098
            ],
            [
              39.2052612,
              -6.7803955
            ],
            [
              39.2052611,
              -6.7803339
            ],
            [
              39.2052303,
              -6.780334
            ],
            [
              39.2052304,
              -6.7803965
            ],
            [
              39.2052029,
              -6.7803966
            ],
            [
              39.2052029,
              -6.7804088
            ],
            [
              39.2051394,
              -6.7804089
            ],
            [
              39.2051393,
              -6.7803721
            ],
            [
              39.2050781,
              -6.7803722
            ],
            [
              39.2050782,
              -6.7804685
            ],
            [
              39.205108,
              -6.7804684
            ],
            [
              39.205108,
              -6.7805112
            ],
            [
              39.2051544,
              -6.7805111
            ],
            [
              39.2051543,
              -6.7804755
            ],
            [
              39.2052051,
              -6.7804754
            ],
            [
              39.2052052,
              -6.7805148
            ],
            [
              39.2052613,
              -6.7805147
            ],
            [
              39.2052612,
              -6.7804098
            ]
          ]
        ]
      },
      "id": "way/1251123337"
    },
    {
      "type": "Feature",
      "properties": {
        "@id": "way/1251126775",
        "building": "yes"
      },
      "geometry": {
        "type": "Polygon",
        "coordinates": [
          [
            [
              39.20208,
              -6.7796265
            ],
            [
              39.2020246,
              -6.7795938
            ],
            [
              39.2019667,
              -6.7796906
            ],
            [
              39.2019831,
              -6.7797002
            ],
            [
              39.2019223,
              -6.7798019
            ],
            [
              39.2019613,
              -6.7798249
            ],
            [
              39.20208,
              -6.7796265
            ]
          ]
        ]
      },
      "id": "way/1251126775"
    },
    {
      "type": "Feature",
      "properties": {
        "@id": "way/1251126776",
        "building": "yes"
      },
      "geometry": {
        "type": "Polygon",
        "coordinates": [
          [
            [
              39.2023583,
              -6.7814722
            ],
            [
              39.2023506,
              -6.7814992
            ],
            [
              39.2023808,
              -6.7815077
            ],
            [
              39.2023885,
              -6.7814808
            ],
            [
              39.2023583,
              -6.7814722
            ]
          ]
        ]
      },
      "id": "way/1251126776"
    },
    {
      "type": "Feature",
      "properties": {
        "@id": "way/1251126777",
        "building": "yes"
      },
      "geometry": {
        "type": "Polygon",
        "coordinates": [
          [
            [
              39.2022921,
              -6.7814799
            ],
            [
              39.202298,
              -6.781456
            ],
            [
              39.2022622,
              -6.7814473
            ],
            [
              39.2022481,
              -6.7815041
            ],
            [
              39.2023028,
              -6.7815174
            ],
            [
              39.2023109,
              -6.7814845
            ],
            [
              39.2022921,
              -6.7814799
            ]
          ]
        ]
      },
      "id": "way/1251126777"
    },
    {
      "type": "Feature",
      "properties": {
        "@id": "way/1251126778",
        "building": "yes"
      },
      "geometry": {
        "type": "Polygon",
        "coordinates": [
          [
            [
              39.2028632,
              -6.7817879
            ],
            [
              39.2028216,
              -6.7818311
            ],
            [
              39.2028434,
              -6.7818518
            ],
            [
              39.202885,
              -6.7818085
            ],
            [
              39.2028632,
              -6.7817879
            ]
          ]
        ]
      },
      "id": "way/1251126778"
    },
    {
      "type": "Feature",
      "properties": {
        "@id": "way/1251126779",
        "building": "yes"
      },
      "geometry": {
        "type": "Polygon",
        "coordinates": [
          [
            [
              39.2028736,
              -6.7817832
            ],
            [
              39.2028936,
              -6.781803
            ],
            [
              39.2029734,
              -6.7817234
            ],
            [
              39.2029534,
              -6.7817036
            ],
            [
              39.2028736,
              -6.7817832
            ]
          ]
        ]
      },
      "id": "way/1251126779"
    },
    {
      "type": "Feature",
      "properties": {
        "@id": "way/1251126780",
        "building": "yes"
      },
      "geometry": {
        "type": "Polygon",
        "coordinates": [
          [
            [
              39.2031562,
              -6.7814683
            ],
            [
              39.2031877,
              -6.7815095
            ],
            [
              39.2032149,
              -6.7814891
            ],
            [
              39.2031834,
              -6.7814478
            ],
            [
              39.2031562,
              -6.7814683
            ]
          ]
        ]
      },
      "id": "way/1251126780"
    },
    {
      "type": "Feature",
      "properties": {
        "@id": "way/1251126781",
        "building": "yes"
      },
      "geometry": {
        "type": "Polygon",
        "coordinates": [
          [
            [
              39.2031428,
              -6.7815601
            ],
            [
              39.2031361,
              -6.7816054
            ],
            [
              39.2032079,
              -6.7816159
            ],
            [
              39.2032147,
              -6.7815706
            ],
            [
              39.2031428,
              -6.7815601
            ]
          ]
        ]
      },
      "id": "way/1251126781"
    },
    {
      "type": "Feature",
      "properties": {
        "@id": "way/1251126782",
        "building": "yes"
      },
      "geometry": {
        "type": "Polygon",
        "coordinates": [
          [
            [
              39.2033111,
              -6.7813328
            ],
            [
              39.2032623,
              -6.7813233
            ],
            [
              39.2032496,
              -6.7813882
            ],
            [
              39.2032984,
              -6.7813977
            ],
            [
              39.2033111,
              -6.7813328
            ]
          ]
        ]
      },
      "id": "way/1251126782"
    },
    {
      "type": "Feature",
      "properties": {
        "@id": "way/1251126783",
        "building": "yes"
      },
      "geometry": {
        "type": "Polygon",
        "coordinates": [
          [
            [
              39.2033376,
              -6.781407
            ],
            [
              39.2033903,
              -6.781424
            ],
            [
              39.2034094,
              -6.7813658
            ],
            [
              39.2033567,
              -6.7813487
            ],
            [
              39.2033376,
              -6.781407
            ]
          ]
        ]
      },
      "id": "way/1251126783"
    },
    {
      "type": "Feature",
      "properties": {
        "@id": "way/1251129532",
        "building": "yes"
      },
      "geometry": {
        "type": "Polygon",
        "coordinates": [
          [
            [
              39.199552,
              -6.7836503
            ],
            [
              39.199562,
              -6.7836851
            ],
            [
              39.1995691,
              -6.7836831
            ],
            [
              39.1995988,
              -6.7837863
            ],
            [
              39.1996434,
              -6.7837737
            ],
            [
              39.1996036,
              -6.7836356
            ],
            [
              39.199552,
              -6.7836503
            ]
          ]
        ]
      },
      "id": "way/1251129532"
    },
    {
      "type": "Feature",
      "properties": {
        "@id": "way/1251129533",
        "building": "yes"
      },
      "geometry": {
        "type": "Polygon",
        "coordinates": [
          [
            [
              39.1995379,
              -6.7834718
            ],
            [
              39.1995815,
              -6.7836276
            ],
            [
              39.1996339,
              -6.7836132
            ],
            [
              39.1995903,
              -6.7834574
            ],
            [
              39.1995379,
              -6.7834718
            ]
          ]
        ]
      },
      "id": "way/1251129533"
    },
    {
      "type": "Feature",
      "properties": {
        "@id": "way/1251129534",
        "building": "yes"
      },
      "geometry": {
        "type": "Polygon",
        "coordinates": [
          [
            [
              39.1994039,
              -6.7835412
            ],
            [
              39.1994867,
              -6.7836652
            ],
            [
              39.199571,
              -6.7836097
            ],
            [
              39.1994882,
              -6.7834857
            ],
            [
              39.1994039,
              -6.7835412
            ]
          ]
        ]
      },
      "id": "way/1251129534"
    },
    {
      "type": "Feature",
      "properties": {
        "@id": "way/1251129535",
        "building": "yes"
      },
      "geometry": {
        "type": "Polygon",
        "coordinates": [
          [
            [
              39.1993012,
              -6.7845742
            ],
            [
              39.1993022,
              -6.7846007
            ],
            [
              39.1993575,
              -6.7845987
            ],
            [
              39.1993565,
              -6.7845722
            ],
            [
              39.1993012,
              -6.7845742
            ]
          ]
        ]
      },
      "id": "way/1251129535"
    },
    {
      "type": "Feature",
      "properties": {
        "@id": "way/1251129536",
        "building": "construction"
      },
      "geometry": {
        "type": "Polygon",
        "coordinates": [
          [
            [
              39.199578,
              -6.7843949
            ],
            [
              39.1995649,
              -6.7844368
            ],
            [
              39.1995944,
              -6.7844459
            ],
            [
              39.1996074,
              -6.7844039
            ],
            [
              39.199578,
              -6.7843949
            ]
          ]
        ]
      },
      "id": "way/1251129536"
    },
    {
      "type": "Feature",
      "properties": {
        "@id": "way/1251130389",
        "building": "yes"
      },
      "geometry": {
        "type": "Polygon",
        "coordinates": [
          [
            [
              39.2001393,
              -6.7794257
            ],
            [
              39.2001162,
              -6.7794729
            ],
            [
              39.2003911,
              -6.7796055
            ],
            [
              39.2004142,
              -6.7795583
            ],
            [
              39.2001393,
              -6.7794257
            ]
          ]
        ]
      },
      "id": "way/1251130389"
    },
    {
      "type": "Feature",
      "properties": {
        "@id": "way/1251130390",
        "building": "yes"
      },
      "geometry": {
        "type": "Polygon",
        "coordinates": [
          [
            [
              39.2019328,
              -6.7811763
            ],
            [
              39.2019689,
              -6.7812009
            ],
            [
              39.2019877,
              -6.7811737
            ],
            [
              39.2019517,
              -6.7811491
            ],
            [
              39.2019328,
              -6.7811763
            ]
          ]
        ]
      },
      "id": "way/1251130390"
    },
    {
      "type": "Feature",
      "properties": {
        "@id": "way/1251130391",
        "building": "yes"
      },
      "geometry": {
        "type": "Polygon",
        "coordinates": [
          [
            [
              39.2018135,
              -6.7811833
            ],
            [
              39.201864,
              -6.7812046
            ],
            [
              39.2018938,
              -6.7811351
            ],
            [
              39.2018433,
              -6.7811137
            ],
            [
              39.2018135,
              -6.7811833
            ]
          ]
        ]
      },
      "id": "way/1251130391"
    },
    {
      "type": "Feature",
      "properties": {
        "@id": "way/1251130392",
        "building": "yes"
      },
      "geometry": {
        "type": "Polygon",
        "coordinates": [
          [
            [
              39.2004006,
              -6.7818726
            ],
            [
              39.2004214,
              -6.7818756
            ],
            [
              39.2004255,
              -6.7818473
            ],
            [
              39.2004047,
              -6.7818443
            ],
            [
              39.2004006,
              -6.7818726
            ]
          ]
        ]
      },
      "id": "way/1251130392"
    },
    {
      "type": "Feature",
      "properties": {
        "@id": "way/1251130393",
        "building": "yes"
      },
      "geometry": {
        "type": "Polygon",
        "coordinates": [
          [
            [
              39.2005956,
              -6.7816529
            ],
            [
              39.2006189,
              -6.7816231
            ],
            [
              39.2005967,
              -6.781606
            ],
            [
              39.2005734,
              -6.7816358
            ],
            [
              39.2005956,
              -6.7816529
            ]
          ]
        ]
      },
      "id": "way/1251130393"
    },
    {
      "type": "Feature",
      "properties": {
        "@id": "way/1251130394",
        "building": "yes"
      },
      "geometry": {
        "type": "Polygon",
        "coordinates": [
          [
            [
              39.2009904,
              -6.7801545
            ],
            [
              39.2010473,
              -6.7801862
            ],
            [
              39.201109,
              -6.780077
            ],
            [
              39.2010521,
              -6.7800453
            ],
            [
              39.2009904,
              -6.7801545
            ]
          ]
        ]
      },
      "id": "way/1251130394"
    },
    {
      "type": "Feature",
      "properties": {
        "@id": "way/1251130395",
        "building": "yes"
      },
      "geometry": {
        "type": "Polygon",
        "coordinates": [
          [
            [
              39.2004558,
              -6.7802394
            ],
            [
              39.2004814,
              -6.7802477
            ],
            [
              39.200496,
              -6.7802034
            ],
            [
              39.2004704,
              -6.7801951
            ],
            [
              39.2004558,
              -6.7802394
            ]
          ]
        ]
      },
      "id": "way/1251130395"
    },
    {
      "type": "Feature",
      "properties": {
        "@id": "way/1251130396",
        "building": "yes"
      },
      "geometry": {
        "type": "Polygon",
        "coordinates": [
          [
            [
              39.2017088,
              -6.7810451
            ],
            [
              39.2018061,
              -6.7810914
            ],
            [
              39.2018138,
              -6.7810753
            ],
            [
              39.2018376,
              -6.7810866
            ],
            [
              39.2018589,
              -6.7810426
            ],
            [
              39.2017379,
              -6.780985
            ],
            [
              39.2017088,
              -6.7810451
            ]
          ]
        ]
      },
      "id": "way/1251130396"
    },
    {
      "type": "Feature",
      "properties": {
        "@id": "way/1251130397",
        "building": "yes"
      },
      "geometry": {
        "type": "Polygon",
        "coordinates": [
          [
            [
              39.2017583,
              -6.7806696
            ],
            [
              39.2017583,
              -6.7807193
            ],
            [
              39.201793,
              -6.7807193
            ],
            [
              39.201793,
              -6.7806696
            ],
            [
              39.2017583,
              -6.7806696
            ]
          ]
        ]
      },
      "id": "way/1251130397"
    },
    {
      "type": "Feature",
      "properties": {
        "@id": "way/1251130398",
        "building": "yes"
      },
      "geometry": {
        "type": "Polygon",
        "coordinates": [
          [
            [
              39.2019231,
              -6.7807801
            ],
            [
              39.2019524,
              -6.7807792
            ],
            [
              39.2019494,
              -6.78068
            ],
            [
              39.2019201,
              -6.7806809
            ],
            [
              39.2019212,
              -6.7807182
            ],
            [
              39.201834,
              -6.7807208
            ],
            [
              39.2018355,
              -6.7807677
            ],
            [
              39.2019226,
              -6.7807651
            ],
            [
              39.2019231,
              -6.7807801
            ]
          ]
        ]
      },
      "id": "way/1251130398"
    },
    {
      "type": "Feature",
      "properties": {
        "@id": "way/1251130399",
        "building": "yes"
      },
      "geometry": {
        "type": "Polygon",
        "coordinates": [
          [
            [
              39.2014208,
              -6.7802294
            ],
            [
              39.2014871,
              -6.7802755
            ],
            [
              39.2015176,
              -6.7802323
            ],
            [
              39.2014514,
              -6.7801862
            ],
            [
              39.2014208,
              -6.7802294
            ]
          ]
        ]
      },
      "id": "way/1251130399"
    },
    {
      "type": "Feature",
      "properties": {
        "@id": "way/1251130400",
        "building": "yes"
      },
      "geometry": {
        "type": "Polygon",
        "coordinates": [
          [
            [
              39.2018475,
              -6.7797614
            ],
            [
              39.2018959,
              -6.7797879
            ],
            [
              39.2019484,
              -6.7796935
            ],
            [
              39.2019001,
              -6.7796669
            ],
            [
              39.2018475,
              -6.7797614
            ]
          ]
        ]
      },
      "id": "way/1251130400"
    },
    {
      "type": "Feature",
      "properties": {
        "@id": "way/1251130401",
        "building": "yes"
      },
      "geometry": {
        "type": "Polygon",
        "coordinates": [
          [
            [
              39.2016785,
              -6.7794905
            ],
            [
              39.2016621,
              -6.7795209
            ],
            [
              39.2017126,
              -6.7795477
            ],
            [
              39.201729,
              -6.7795173
            ],
            [
              39.2016785,
              -6.7794905
            ]
          ]
        ]
      },
      "id": "way/1251130401"
    },
    {
      "type": "Feature",
      "properties": {
        "@id": "way/1251130402",
        "building": "yes"
      },
      "geometry": {
        "type": "Polygon",
        "coordinates": [
          [
            [
              39.201479,
              -6.7796699
            ],
            [
              39.2014858,
              -6.7796592
            ],
            [
              39.201475,
              -6.7796524
            ],
            [
              39.2014682,
              -6.7796631
            ],
            [
              39.201479,
              -6.7796699
            ]
          ]
        ]
      },
      "id": "way/1251130402"
    },
    {
      "type": "Feature",
      "properties": {
        "@id": "way/1251130403",
        "building": "yes"
      },
      "geometry": {
        "type": "Polygon",
        "coordinates": [
          [
            [
              39.2012277,
              -6.77972
            ],
            [
              39.2013068,
              -6.7797693
            ],
            [
              39.2013615,
              -6.7796827
            ],
            [
              39.2012824,
              -6.7796335
            ],
            [
              39.2012277,
              -6.77972
            ]
          ]
        ]
      },
      "id": "way/1251130403"
    },
    {
      "type": "Feature",
      "properties": {
        "@id": "way/1251130404",
        "building": "yes"
      },
      "geometry": {
        "type": "Polygon",
        "coordinates": [
          [
            [
              39.2014215,
              -6.7792173
            ],
            [
              39.2014714,
              -6.7792426
            ],
            [
              39.2015004,
              -6.7791864
            ],
            [
              39.2014505,
              -6.779161
            ],
            [
              39.2014215,
              -6.7792173
            ]
          ]
        ]
      },
      "id": "way/1251130404"
    },
    {
      "type": "Feature",
      "properties": {
        "@id": "way/1251130405",
        "building": "yes"
      },
      "geometry": {
        "type": "Polygon",
        "coordinates": [
          [
            [
              39.2011283,
              -6.7792144
            ],
            [
              39.2011486,
              -6.7792235
            ],
            [
              39.2011589,
              -6.7792009
            ],
            [
              39.2011654,
              -6.7792038
            ],
            [
              39.2011741,
              -6.7791846
            ],
            [
              39.2011473,
              -6.7791726
            ],
            [
              39.2011283,
              -6.7792144
            ]
          ]
        ]
      },
      "id": "way/1251130405"
    },
    {
      "type": "Feature",
      "properties": {
        "@id": "way/1251130406",
        "building": "yes"
      },
      "geometry": {
        "type": "Polygon",
        "coordinates": [
          [
            [
              39.2009516,
              -6.7791763
            ],
            [
              39.2009322,
              -6.7792168
            ],
            [
              39.2009722,
              -6.7792357
            ],
            [
              39.2009916,
              -6.7791952
            ],
            [
              39.2009631,
              -6.7791817
            ],
            [
              39.2009646,
              -6.7791785
            ],
            [
              39.2009578,
              -6.7791753
            ],
            [
              39.2009563,
              -6.7791785
            ],
            [
              39.2009516,
              -6.7791763
            ]
          ]
        ]
      },
      "id": "way/1251130406"
    },
    {
      "type": "Feature",
      "properties": {
        "@id": "way/1251130407",
        "building": "yes"
      },
      "geometry": {
        "type": "Polygon",
        "coordinates": [
          [
            [
              39.2009818,
              -6.7792336
            ],
            [
              39.2010787,
              -6.7792827
            ],
            [
              39.2011021,
              -6.7792373
            ],
            [
              39.2010125,
              -6.7791919
            ],
            [
              39.201008,
              -6.7792005
            ],
            [
              39.2010007,
              -6.7791968
            ],
            [
              39.2009818,
              -6.7792336
            ]
          ]
        ]
      },
      "id": "way/1251130407"
    },
    {
      "type": "Feature",
      "properties": {
        "@id": "way/1251130408",
        "building": "yes"
      },
      "geometry": {
        "type": "Polygon",
        "coordinates": [
          [
            [
              39.2008904,
              -6.7793252
            ],
            [
              39.2010618,
              -6.7794274
            ],
            [
              39.2011028,
              -6.7793595
            ],
            [
              39.2010478,
              -6.7793267
            ],
            [
              39.2010338,
              -6.7793497
            ],
            [
              39.2009176,
              -6.7792804
            ],
            [
              39.2008904,
              -6.7793252
            ]
          ]
        ]
      },
      "id": "way/1251130408"
    },
    {
      "type": "Feature",
      "properties": {
        "@id": "way/1251130409",
        "building": "yes"
      },
      "geometry": {
        "type": "Polygon",
        "coordinates": [
          [
            [
              39.2007357,
              -6.7792659
            ],
            [
              39.2006924,
              -6.7792563
            ],
            [
              39.2006813,
              -6.7793131
            ],
            [
              39.2007274,
              -6.7793253
            ],
            [
              39.2007357,
              -6.7792659
            ]
          ]
        ]
      },
      "id": "way/1251130409"
    },
    {
      "type": "Feature",
      "properties": {
        "@id": "way/1251130410",
        "building": "yes"
      },
      "geometry": {
        "type": "Polygon",
        "coordinates": [
          [
            [
              39.2004556,
              -6.7791695
            ],
            [
              39.2005461,
              -6.7792128
            ],
            [
              39.2005641,
              -6.7791757
            ],
            [
              39.2004736,
              -6.7791324
            ],
            [
              39.2004556,
              -6.7791695
            ]
          ]
        ]
      },
      "id": "way/1251130410"
    },
    {
      "type": "Feature",
      "properties": {
        "@id": "way/1251130411",
        "building": "yes"
      },
      "geometry": {
        "type": "Polygon",
        "coordinates": [
          [
            [
              39.2006504,
              -6.7793262
            ],
            [
              39.2006221,
              -6.7793824
            ],
            [
              39.2007066,
              -6.7794244
            ],
            [
              39.2007349,
              -6.7793682
            ],
            [
              39.2006504,
              -6.7793262
            ]
          ]
        ]
      },
      "id": "way/1251130411"
    },
    {
      "type": "Feature",
      "properties": {
        "@id": "way/1251130412",
        "building": "yes"
      },
      "geometry": {
        "type": "Polygon",
        "coordinates": [
          [
            [
              39.2003647,
              -6.7792629
            ],
            [
              39.2005923,
              -6.7793802
            ],
            [
              39.2006222,
              -6.779323
            ],
            [
              39.2003946,
              -6.7792057
            ],
            [
              39.2003647,
              -6.7792629
            ]
          ]
        ]
      },
      "id": "way/1251130412"
    },
    {
      "type": "Feature",
      "properties": {
        "@id": "way/1251130553",
        "building": "yes"
      },
      "geometry": {
        "type": "Polygon",
        "coordinates": [
          [
            [
              39.2052591,
              -6.7764896
            ],
            [
              39.2052578,
              -6.7766154
            ],
            [
              39.2052967,
              -6.7766158
            ],
            [
              39.205298,
              -6.77649
            ],
            [
              39.2052591,
              -6.7764896
            ]
          ]
        ]
      },
      "id": "way/1251130553"
    },
    {
      "type": "Feature",
      "properties": {
        "@id": "way/1251130554",
        "building": "yes"
      },
      "geometry": {
        "type": "Polygon",
        "coordinates": [
          [
            [
              39.2072949,
              -6.7788261
            ],
            [
              39.2072949,
              -6.7788807
            ],
            [
              39.2073559,
              -6.7788807
            ],
            [
              39.2073559,
              -6.7788261
            ],
            [
              39.2072949,
              -6.7788261
            ]
          ]
        ]
      },
      "id": "way/1251130554"
    },
    {
      "type": "Feature",
      "properties": {
        "@id": "way/1251130555",
        "building": "yes"
      },
      "geometry": {
        "type": "Polygon",
        "coordinates": [
          [
            [
              39.2072551,
              -6.7777824
            ],
            [
              39.2073483,
              -6.7777876
            ],
            [
              39.2073522,
              -6.777719
            ],
            [
              39.207259,
              -6.7777137
            ],
            [
              39.2072551,
              -6.7777824
            ]
          ]
        ]
      },
      "id": "way/1251130555"
    },
    {
      "type": "Feature",
      "properties": {
        "@id": "way/1251130556",
        "building": "yes"
      },
      "geometry": {
        "type": "Polygon",
        "coordinates": [
          [
            [
              39.2066693,
              -6.7764776
            ],
            [
              39.2066661,
              -6.7765392
            ],
            [
              39.2067108,
              -6.7765415
            ],
            [
              39.206714,
              -6.7764799
            ],
            [
              39.2066693,
              -6.7764776
            ]
          ]
        ]
      },
      "id": "way/1251130556"
    },
    {
      "type": "Feature",
      "properties": {
        "@id": "way/1251130557",
        "building": "yes"
      },
      "geometry": {
        "type": "Polygon",
        "coordinates": [
          [
            [
              39.2064279,
              -6.7767479
            ],
            [
              39.2064251,
              -6.7768003
            ],
            [
              39.2065204,
              -6.7768052
            ],
            [
              39.2065231,
              -6.7767528
            ],
            [
              39.2064279,
              -6.7767479
            ]
          ]
        ]
      },
      "id": "way/1251130557"
    },
    {
      "type": "Feature",
      "properties": {
        "@id": "way/1251133281",
        "building": "yes"
      },
      "geometry": {
        "type": "Polygon",
        "coordinates": [
          [
            [
              39.1980428,
              -6.7842715
            ],
            [
              39.1980375,
              -6.7842833
            ],
            [
              39.1980876,
              -6.7843053
            ],
            [
              39.1980923,
              -6.7842948
            ],
            [
              39.19812,
              -6.784307
            ],
            [
              39.1981478,
              -6.7842448
            ],
            [
              39.198033,
              -6.7841943
            ],
            [
              39.1980058,
              -6.7842553
            ],
            [
              39.1980428,
              -6.7842715
            ]
          ]
        ]
      },
      "id": "way/1251133281"
    },
    {
      "type": "Feature",
      "properties": {
        "@id": "way/1251133282",
        "building": "yes"
      },
      "geometry": {
        "type": "Polygon",
        "coordinates": [
          [
            [
              39.1971353,
              -6.7827907
            ],
            [
              39.1971206,
              -6.782842
            ],
            [
              39.1972219,
              -6.7828707
            ],
            [
              39.1972366,
              -6.7828193
            ],
            [
              39.1971353,
              -6.7827907
            ]
          ]
        ]
      },
      "id": "way/1251133282"
    },
    {
      "type": "Feature",
      "properties": {
        "@id": "way/1251133284",
        "building": "yes"
      },
      "geometry": {
        "type": "Polygon",
        "coordinates": [
          [
            [
              39.1986515,
              -6.7842943
            ],
            [
              39.1987,
              -6.7843133
            ],
            [
              39.1987232,
              -6.7842551
            ],
            [
              39.1986746,
              -6.7842361
            ],
            [
              39.1986515,
              -6.7842943
            ]
          ]
        ]
      },
      "id": "way/1251133284"
    },
    {
      "type": "Feature",
      "properties": {
        "@id": "way/1251133285",
        "building": "yes"
      },
      "geometry": {
        "type": "Polygon",
        "coordinates": [
          [
            [
              39.197915,
              -6.7825611
            ],
            [
              39.1978979,
              -6.7825846
            ],
            [
              39.1979603,
              -6.7826294
            ],
            [
              39.1979774,
              -6.7826059
            ],
            [
              39.197915,
              -6.7825611
            ]
          ]
        ]
      },
      "id": "way/1251133285"
    },
    {
      "type": "Feature",
      "properties": {
        "@id": "way/1251133286",
        "building": "yes"
      },
      "geometry": {
        "type": "Polygon",
        "coordinates": [
          [
            [
              39.1977248,
              -6.7824191
            ],
            [
              39.197708,
              -6.7824812
            ],
            [
              39.1977485,
              -6.782492
            ],
            [
              39.1977653,
              -6.7824299
            ],
            [
              39.1977248,
              -6.7824191
            ]
          ]
        ]
      },
      "id": "way/1251133286"
    },
    {
      "type": "Feature",
      "properties": {
        "@id": "way/1251133292",
        "building": "yes"
      },
      "geometry": {
        "type": "Polygon",
        "coordinates": [
          [
            [
              39.1988821,
              -6.783864
            ],
            [
              39.1988649,
              -6.7838955
            ],
            [
              39.1991043,
              -6.7840247
            ],
            [
              39.1991215,
              -6.7839932
            ],
            [
              39.1988821,
              -6.783864
            ]
          ]
        ]
      },
      "id": "way/1251133292"
    },
    {
      "type": "Feature",
      "properties": {
        "@id": "way/1251133293",
        "building": "yes"
      },
      "geometry": {
        "type": "Polygon",
        "coordinates": [
          [
            [
              39.1981915,
              -6.7829453
            ],
            [
              39.1982233,
              -6.7829568
            ],
            [
              39.1982422,
              -6.7829052
            ],
            [
              39.1982104,
              -6.7828937
            ],
            [
              39.1981915,
              -6.7829453
            ]
          ]
        ]
      },
      "id": "way/1251133293"
    },
    {
      "type": "Feature",
      "properties": {
        "@id": "way/1251133294",
        "building": "yes"
      },
      "geometry": {
        "type": "Polygon",
        "coordinates": [
          [
            [
              39.1981472,
              -6.7828847
            ],
            [
              39.1981439,
              -6.7828834
            ],
            [
              39.1981336,
              -6.7829094
            ],
            [
              39.1981495,
              -6.7829156
            ],
            [
              39.1981527,
              -6.7829075
            ],
            [
              39.1981636,
              -6.7829117
            ],
            [
              39.1981598,
              -6.7829213
            ],
            [
              39.1981748,
              -6.7829271
            ],
            [
              39.1981787,
              -6.7829172
            ],
            [
              39.1981804,
              -6.7829179
            ],
            [
              39.1981888,
              -6.7828966
            ],
            [
              39.1981487,
              -6.7828809
            ],
            [
              39.1981472,
              -6.7828847
            ]
          ]
        ]
      },
      "id": "way/1251133294"
    },
    {
      "type": "Feature",
      "properties": {
        "@id": "way/1251133295",
        "building": "yes"
      },
      "geometry": {
        "type": "Polygon",
        "coordinates": [
          [
            [
              39.1980704,
              -6.7828116
            ],
            [
              39.1980583,
              -6.782851
            ],
            [
              39.198124,
              -6.7828709
            ],
            [
              39.1981361,
              -6.7828316
            ],
            [
              39.1980704,
              -6.7828116
            ]
          ]
        ]
      },
      "id": "way/1251133295"
    },
    {
      "type": "Feature",
      "properties": {
        "@id": "way/1251133296",
        "building": "yes"
      },
      "geometry": {
        "type": "Polygon",
        "coordinates": [
          [
            [
              39.1978334,
              -6.7828686
            ],
            [
              39.1978082,
              -6.7829292
            ],
            [
              39.1978496,
              -6.7829461
            ],
            [
              39.1978747,
              -6.7828855
            ],
            [
              39.1978334,
              -6.7828686
            ]
          ]
        ]
      },
      "id": "way/1251133296"
    },
    {
      "type": "Feature",
      "properties": {
        "@id": "way/1251133297",
        "building": "yes"
      },
      "geometry": {
        "type": "Polygon",
        "coordinates": [
          [
            [
              39.1972178,
              -6.7836909
            ],
            [
              39.1972209,
              -6.7837623
            ],
            [
              39.1973785,
              -6.7837556
            ],
            [
              39.1973754,
              -6.7836842
            ],
            [
              39.1972178,
              -6.7836909
            ]
          ]
        ]
      },
      "id": "way/1251133297"
    },
    {
      "type": "Feature",
      "properties": {
        "@id": "way/1251133298",
        "building": "yes"
      },
      "geometry": {
        "type": "Polygon",
        "coordinates": [
          [
            [
              39.1974512,
              -6.7836659
            ],
            [
              39.1974567,
              -6.7837687
            ],
            [
              39.1974879,
              -6.783767
            ],
            [
              39.1974824,
              -6.7836643
            ],
            [
              39.1974512,
              -6.7836659
            ]
          ]
        ]
      },
      "id": "way/1251133298"
    },
    {
      "type": "Feature",
      "properties": {
        "@id": "way/1251133299",
        "building": "yes"
      },
      "geometry": {
        "type": "Polygon",
        "coordinates": [
          [
            [
              39.1978465,
              -6.7843872
            ],
            [
              39.1978367,
              -6.7844149
            ],
            [
              39.1978671,
              -6.7844254
            ],
            [
              39.1978768,
              -6.7843977
            ],
            [
              39.1978465,
              -6.7843872
            ]
          ]
        ]
      },
      "id": "way/1251133299"
    },
    {
      "type": "Feature",
      "properties": {
        "@id": "way/1251147715",
        "building": "yes"
      },
      "geometry": {
        "type": "Polygon",
        "coordinates": [
          [
            [
              39.209039,
              -6.7765362
            ],
            [
              39.209038,
              -6.7765951
            ],
            [
              39.2090795,
              -6.7765958
            ],
            [
              39.2090805,
              -6.7765369
            ],
            [
              39.209039,
              -6.7765362
            ]
          ]
        ]
      },
      "id": "way/1251147715"
    },
    {
      "type": "Feature",
      "properties": {
        "@id": "way/1251147716",
        "building": "yes"
      },
      "geometry": {
        "type": "Polygon",
        "coordinates": [
          [
            [
              39.2089649,
              -6.7764693
            ],
            [
              39.2089639,
              -6.7765332
            ],
            [
              39.2090362,
              -6.7765343
            ],
            [
              39.2090372,
              -6.7764704
            ],
            [
              39.2089649,
              -6.7764693
            ]
          ]
        ]
      },
      "id": "way/1251147716"
    },
    {
      "type": "Feature",
      "properties": {
        "@id": "way/1251147717",
        "building": "yes"
      },
      "geometry": {
        "type": "Polygon",
        "coordinates": [
          [
            [
              39.2088868,
              -6.7783573
            ],
            [
              39.2089307,
              -6.7783745
            ],
            [
              39.2089389,
              -6.7783538
            ],
            [
              39.2088949,
              -6.7783367
            ],
            [
              39.2088868,
              -6.7783573
            ]
          ]
        ]
      },
      "id": "way/1251147717"
    },
    {
      "type": "Feature",
      "properties": {
        "@id": "way/1251147718",
        "building": "yes"
      },
      "geometry": {
        "type": "Polygon",
        "coordinates": [
          [
            [
              39.2085894,
              -6.778386
            ],
            [
              39.2085884,
              -6.7784314
            ],
            [
              39.2086669,
              -6.7784331
            ],
            [
              39.2086678,
              -6.7783876
            ],
            [
              39.2085894,
              -6.778386
            ]
          ]
        ]
      },
      "id": "way/1251147718"
    },
    {
      "type": "Feature",
      "properties": {
        "@id": "way/1251147719",
        "building": "yes"
      },
      "geometry": {
        "type": "Polygon",
        "coordinates": [
          [
            [
              39.2086633,
              -6.7783037
            ],
            [
              39.2086621,
              -6.7783232
            ],
            [
              39.2086824,
              -6.7783244
            ],
            [
              39.2086835,
              -6.7783049
            ],
            [
              39.2086633,
              -6.7783037
            ]
          ]
        ]
      },
      "id": "way/1251147719"
    },
    {
      "type": "Feature",
      "properties": {
        "@id": "way/1251164039",
        "building": "yes"
      },
      "geometry": {
        "type": "Polygon",
        "coordinates": [
          [
            [
              39.1993257,
              -6.7849653
            ],
            [
              39.1993523,
              -6.7850563
            ],
            [
              39.1993938,
              -6.7850466
            ],
            [
              39.1993654,
              -6.7849538
            ],
            [
              39.1993562,
              -6.7849557
            ],
            [
              39.1993472,
              -6.7849266
            ],
            [
              39.199324,
              -6.784934
            ],
            [
              39.1993331,
              -6.7849637
            ],
            [
              39.1993257,
              -6.7849653
            ]
          ]
        ]
      },
      "id": "way/1251164039"
    },
    {
      "type": "Feature",
      "properties": {
        "@id": "way/1251164040",
        "building": "yes"
      },
      "geometry": {
        "type": "Polygon",
        "coordinates": [
          [
            [
              39.1995413,
              -6.7847344
            ],
            [
              39.1995995,
              -6.7847661
            ],
            [
              39.199622,
              -6.7847253
            ],
            [
              39.1995245,
              -6.7846723
            ],
            [
              39.1994805,
              -6.784752
            ],
            [
              39.1995198,
              -6.7847734
            ],
            [
              39.1995413,
              -6.7847344
            ]
          ]
        ]
      },
      "id": "way/1251164040"
    },
    {
      "type": "Feature",
      "properties": {
        "@id": "way/1251164041",
        "building": "yes"
      },
      "geometry": {
        "type": "Polygon",
        "coordinates": [
          [
            [
              39.1996501,
              -6.7846577
            ],
            [
              39.1996722,
              -6.7846707
            ],
            [
              39.1996849,
              -6.7846494
            ],
            [
              39.1996627,
              -6.7846364
            ],
            [
              39.1996501,
              -6.7846577
            ]
          ]
        ]
      },
      "id": "way/1251164041"
    },
    {
      "type": "Feature",
      "properties": {
        "@id": "way/1251164042",
        "building": "yes"
      },
      "geometry": {
        "type": "Polygon",
        "coordinates": [
          [
            [
              39.1999042,
              -6.7848916
            ],
            [
              39.1999014,
              -6.7849117
            ],
            [
              39.1999231,
              -6.7849148
            ],
            [
              39.199926,
              -6.7848946
            ],
            [
              39.1999042,
              -6.7848916
            ]
          ]
        ]
      },
      "id": "way/1251164042"
    },
    {
      "type": "Feature",
      "properties": {
        "@id": "way/1251164043",
        "building": "yes"
      },
      "geometry": {
        "type": "Polygon",
        "coordinates": [
          [
            [
              39.1998137,
              -6.7848035
            ],
            [
              39.1997958,
              -6.7848856
            ],
            [
              39.1998353,
              -6.7848941
            ],
            [
              39.1998533,
              -6.7848121
            ],
            [
              39.1998137,
              -6.7848035
            ]
          ]
        ]
      },
      "id": "way/1251164043"
    },
    {
      "type": "Feature",
      "properties": {
        "@id": "way/1251164044",
        "building": "yes"
      },
      "geometry": {
        "type": "Polygon",
        "coordinates": [
          [
            [
              39.1994872,
              -6.7847782
            ],
            [
              39.1994756,
              -6.7848042
            ],
            [
              39.1995182,
              -6.784823
            ],
            [
              39.199515,
              -6.7848302
            ],
            [
              39.1995835,
              -6.7848605
            ],
            [
              39.1995892,
              -6.7848479
            ],
            [
              39.1996067,
              -6.7848557
            ],
            [
              39.1996268,
              -6.7848109
            ],
            [
              39.1995891,
              -6.7847943
            ],
            [
              39.199587,
              -6.784799
            ],
            [
              39.1995442,
              -6.78478
            ],
            [
              39.1995355,
              -6.7847995
            ],
            [
              39.1994872,
              -6.7847782
            ]
          ]
        ]
      },
      "id": "way/1251164044"
    },
    {
      "type": "Feature",
      "properties": {
        "@id": "way/1251164046",
        "building": "yes"
      },
      "geometry": {
        "type": "Polygon",
        "coordinates": [
          [
            [
              39.1998051,
              -6.7849118
            ],
            [
              39.199777,
              -6.785025
            ],
            [
              39.1998454,
              -6.7850417
            ],
            [
              39.1998735,
              -6.7849285
            ],
            [
              39.1998051,
              -6.7849118
            ]
          ]
        ]
      },
      "id": "way/1251164046"
    },
    {
      "type": "Feature",
      "properties": {
        "@id": "way/1251919823",
        "building": "yes"
      },
      "geometry": {
        "type": "Polygon",
        "coordinates": [
          [
            [
              39.1996144,
              -6.7846867
            ],
            [
              39.1995996,
              -6.7847079
            ],
            [
              39.1996321,
              -6.7847302
            ],
            [
              39.1996469,
              -6.784709
            ],
            [
              39.1996144,
              -6.7846867
            ]
          ]
        ]
      },
      "id": "way/1251919823"
    },
    {
      "type": "Feature",
      "properties": {
        "@id": "way/1252234249",
        "building": "yes"
      },
      "geometry": {
        "type": "Polygon",
        "coordinates": [
          [
            [
              39.1979199,
              -6.7849107
            ],
            [
              39.1979353,
              -6.7848824
            ],
            [
              39.1979133,
              -6.7848706
            ],
            [
              39.1978978,
              -6.7848989
            ],
            [
              39.1979199,
              -6.7849107
            ]
          ]
        ]
      },
      "id": "way/1252234249"
    },
    {
      "type": "Feature",
      "properties": {
        "@id": "way/1252234250",
        "building": "yes"
      },
      "geometry": {
        "type": "Polygon",
        "coordinates": [
          [
            [
              39.1980745,
              -6.7848558
            ],
            [
              39.1981046,
              -6.7847969
            ],
            [
              39.1980699,
              -6.7847793
            ],
            [
              39.1980397,
              -6.7848383
            ],
            [
              39.1980745,
              -6.7848558
            ]
          ]
        ]
      },
      "id": "way/1252234250"
    },
    {
      "type": "Feature",
      "properties": {
        "@id": "way/1252234251",
        "building": "yes"
      },
      "geometry": {
        "type": "Polygon",
        "coordinates": [
          [
            [
              39.1975708,
              -6.7847542
            ],
            [
              39.1976298,
              -6.7847673
            ],
            [
              39.1976495,
              -6.7846798
            ],
            [
              39.1976156,
              -6.7846723
            ],
            [
              39.1976068,
              -6.784711
            ],
            [
              39.1975817,
              -6.7847054
            ],
            [
              39.1975708,
              -6.7847542
            ]
          ]
        ]
      },
      "id": "way/1252234251"
    },
    {
      "type": "Feature",
      "properties": {
        "@id": "way/1252234252",
        "building": "yes"
      },
      "geometry": {
        "type": "Polygon",
        "coordinates": [
          [
            [
              39.197832,
              -6.784872
            ],
            [
              39.1978673,
              -6.7848807
            ],
            [
              39.1978809,
              -6.7848268
            ],
            [
              39.1978456,
              -6.784818
            ],
            [
              39.197832,
              -6.784872
            ]
          ]
        ]
      },
      "id": "way/1252234252"
    },
    {
      "type": "Feature",
      "properties": {
        "@id": "way/1252234253",
        "building": "yes"
      },
      "geometry": {
        "type": "Polygon",
        "coordinates": [
          [
            [
              39.1978367,
              -6.7848328
            ],
            [
              39.1978161,
              -6.7848284
            ],
            [
              39.19781,
              -6.7848564
            ],
            [
              39.1978307,
              -6.7848608
            ],
            [
              39.1978367,
              -6.7848328
            ]
          ]
        ]
      },
      "id": "way/1252234253"
    },
    {
      "type": "Feature",
      "properties": {
        "@id": "way/1252234254",
        "building": "yes"
      },
      "geometry": {
        "type": "Polygon",
        "coordinates": [
          [
            [
              39.1974048,
              -6.78467
            ],
            [
              39.197412,
              -6.7846488
            ],
            [
              39.1973874,
              -6.7846406
            ],
            [
              39.1973803,
              -6.7846618
            ],
            [
              39.1974048,
              -6.78467
            ]
          ]
        ]
      },
      "id": "way/1252234254"
    },
    {
      "type": "Feature",
      "properties": {
        "@id": "way/1252234255",
        "building": "yes"
      },
      "geometry": {
        "type": "Polygon",
        "coordinates": [
          [
            [
              39.197336,
              -6.7848235
            ],
            [
              39.1973503,
              -6.7847788
            ],
            [
              39.1973075,
              -6.7847654
            ],
            [
              39.1972933,
              -6.78481
            ],
            [
              39.197336,
              -6.7848235
            ]
          ]
        ]
      },
      "id": "way/1252234255"
    },
    {
      "type": "Feature",
      "properties": {
        "@id": "way/1252234256",
        "building": "yes"
      },
      "geometry": {
        "type": "Polygon",
        "coordinates": [
          [
            [
              39.1972768,
              -6.7848342
            ],
            [
              39.1972865,
              -6.784801
            ],
            [
              39.1972287,
              -6.7847844
            ],
            [
              39.197219,
              -6.7848175
            ],
            [
              39.1972768,
              -6.7848342
            ]
          ]
        ]
      },
      "id": "way/1252234256"
    },
    {
      "type": "Feature",
      "properties": {
        "@id": "way/1252237276",
        "building": "yes"
      },
      "geometry": {
        "type": "Polygon",
        "coordinates": [
          [
            [
              39.1989264,
              -6.7848162
            ],
            [
              39.1990063,
              -6.7847808
            ],
            [
              39.1989647,
              -6.7846882
            ],
            [
              39.1988848,
              -6.7847236
            ],
            [
              39.1989264,
              -6.7848162
            ]
          ]
        ]
      },
      "id": "way/1252237276"
    },
    {
      "type": "Feature",
      "properties": {
        "@id": "way/1252264969",
        "building": "yes",
        "@relations": [
          {
            "role": "inner",
            "rel": 17236374,
            "reltags": {
              "addr:street": "Chuo Kikuu",
              "building": "university",
              "building:levels": "4",
              "building:material": "cement_block",
              "material": "cement_block",
              "name": "College of Engineering and Technology/ COET",
              "roof:shape": "flat",
              "type": "multipolygon"
            }
          }
        ]
      },
      "geometry": {
        "type": "Polygon",
        "coordinates": [
          [
            [
              39.2069355,
              -6.7809143
            ],
            [
              39.2069323,
              -6.781014
            ],
            [
              39.2070832,
              -6.7810186
            ],
            [
              39.2070863,
              -6.7809189
            ],
            [
              39.2069355,
              -6.7809143
            ]
          ]
        ]
      },
      "id": "way/1252264969"
    },
    {
      "type": "Feature",
      "properties": {
        "@id": "way/1252264970",
        "building": "yes"
      },
      "geometry": {
        "type": "Polygon",
        "coordinates": [
          [
            [
              39.2058763,
              -6.7811999
            ],
            [
              39.2058815,
              -6.7812927
            ],
            [
              39.2059767,
              -6.7812874
            ],
            [
              39.2059715,
              -6.7811947
            ],
            [
              39.2058763,
              -6.7811999
            ]
          ]
        ]
      },
      "id": "way/1252264970"
    },
    {
      "type": "Feature",
      "properties": {
        "@id": "way/1252264971",
        "building": "yes"
      },
      "geometry": {
        "type": "Polygon",
        "coordinates": [
          [
            [
              39.2028273,
              -6.7803436
            ],
            [
              39.2027842,
              -6.7803928
            ],
            [
              39.202813,
              -6.7804177
            ],
            [
              39.2028562,
              -6.7803686
            ],
            [
              39.2028273,
              -6.7803436
            ]
          ]
        ]
      },
      "id": "way/1252264971"
    },
    {
      "type": "Feature",
      "properties": {
        "@id": "way/1252264972",
        "building": "yes"
      },
      "geometry": {
        "type": "Polygon",
        "coordinates": [
          [
            [
              39.2040863,
              -6.7810814
            ],
            [
              39.2040866,
              -6.7811386
            ],
            [
              39.2043622,
              -6.7811373
            ],
            [
              39.2043619,
              -6.7810801
            ],
            [
              39.2040863,
              -6.7810814
            ]
          ]
        ]
      },
      "id": "way/1252264972"
    },
    {
      "type": "Feature",
      "properties": {
        "@id": "way/1252264974",
        "building": "yes"
      },
      "geometry": {
        "type": "Polygon",
        "coordinates": [
          [
            [
              39.2020488,
              -6.7795745
            ],
            [
              39.2020415,
              -6.7795956
            ],
            [
              39.2020666,
              -6.7796043
            ],
            [
              39.202074,
              -6.7795832
            ],
            [
              39.2020488,
              -6.7795745
            ]
          ]
        ]
      },
      "id": "way/1252264974"
    },
    {
      "type": "Feature",
      "properties": {
        "@id": "way/1252275027",
        "building": "yes"
      },
      "geometry": {
        "type": "Polygon",
        "coordinates": [
          [
            [
              39.2062207,
              -6.7821647
            ],
            [
              39.2062173,
              -6.7822633
            ],
            [
              39.2062768,
              -6.7822653
            ],
            [
              39.2062801,
              -6.7821667
            ],
            [
              39.2062207,
              -6.7821647
            ]
          ]
        ]
      },
      "id": "way/1252275027"
    },
    {
      "type": "Feature",
      "properties": {
        "@id": "way/1252275028",
        "building": "yes"
      },
      "geometry": {
        "type": "Polygon",
        "coordinates": [
          [
            [
              39.20686,
              -6.7824264
            ],
            [
              39.2068389,
              -6.7824266
            ],
            [
              39.2068393,
              -6.7824795
            ],
            [
              39.2068604,
              -6.7824794
            ],
            [
              39.20686,
              -6.7824264
            ]
          ]
        ]
      },
      "id": "way/1252275028"
    },
    {
      "type": "Feature",
      "properties": {
        "@id": "way/1252275029",
        "building": "yes"
      },
      "geometry": {
        "type": "Polygon",
        "coordinates": [
          [
            [
              39.2068677,
              -6.7824168
            ],
            [
              39.2068667,
              -6.782479
            ],
            [
              39.2069016,
              -6.7824796
            ],
            [
              39.2069027,
              -6.7824173
            ],
            [
              39.2068677,
              -6.7824168
            ]
          ]
        ]
      },
      "id": "way/1252275029"
    },
    {
      "type": "Feature",
      "properties": {
        "@id": "way/1252277079",
        "building": "yes"
      },
      "geometry": {
        "type": "Polygon",
        "coordinates": [
          [
            [
              39.2101879,
              -6.7823052
            ],
            [
              39.2101751,
              -6.7823585
            ],
            [
              39.2102277,
              -6.7823709
            ],
            [
              39.2102404,
              -6.7823176
            ],
            [
              39.2101879,
              -6.7823052
            ]
          ]
        ]
      },
      "id": "way/1252277079"
    },
    {
      "type": "Feature",
      "properties": {
        "@id": "way/1252282156",
        "building": "yes"
      },
      "geometry": {
        "type": "Polygon",
        "coordinates": [
          [
            [
              39.1977401,
              -6.7827149
            ],
            [
              39.1977271,
              -6.7827457
            ],
            [
              39.1978065,
              -6.7827787
            ],
            [
              39.197825,
              -6.7827347
            ],
            [
              39.1978186,
              -6.782732
            ],
            [
              39.1978319,
              -6.7827004
            ],
            [
              39.1977041,
              -6.7826473
            ],
            [
              39.1976852,
              -6.7826921
            ],
            [
              39.1977401,
              -6.7827149
            ]
          ]
        ]
      },
      "id": "way/1252282156"
    },
    {
      "type": "Feature",
      "properties": {
        "@id": "way/1252282157",
        "building": "yes"
      },
      "geometry": {
        "type": "Polygon",
        "coordinates": [
          [
            [
              39.1976247,
              -6.7827933
            ],
            [
              39.1976022,
              -6.7828818
            ],
            [
              39.1976333,
              -6.7828896
            ],
            [
              39.1976559,
              -6.7828011
            ],
            [
              39.1976247,
              -6.7827933
            ]
          ]
        ]
      },
      "id": "way/1252282157"
    },
    {
      "type": "Feature",
      "properties": {
        "@id": "way/1252364550",
        "building": "yes"
      },
      "geometry": {
        "type": "Polygon",
        "coordinates": [
          [
            [
              39.2014115,
              -6.7830443
            ],
            [
              39.2014253,
              -6.7831044
            ],
            [
              39.2015118,
              -6.7830848
            ],
            [
              39.201498,
              -6.7830247
            ],
            [
              39.2014115,
              -6.7830443
            ]
          ]
        ]
      },
      "id": "way/1252364550"
    },
    {
      "type": "Feature",
      "properties": {
        "@id": "way/1252364551",
        "building": "yes"
      },
      "geometry": {
        "type": "Polygon",
        "coordinates": [
          [
            [
              39.201297,
              -6.782679
            ],
            [
              39.2013265,
              -6.7826839
            ],
            [
              39.2013305,
              -6.7826602
            ],
            [
              39.2013554,
              -6.7826643
            ],
            [
              39.2013926,
              -6.7824434
            ],
            [
              39.2014148,
              -6.7824471
            ],
            [
              39.2014178,
              -6.7824294
            ],
            [
              39.201521,
              -6.7824465
            ],
            [
              39.2015283,
              -6.782403
            ],
            [
              39.2013484,
              -6.7823732
            ],
            [
              39.201297,
              -6.782679
            ]
          ]
        ]
      },
      "id": "way/1252364551"
    },
    {
      "type": "Feature",
      "properties": {
        "@id": "way/1252364552",
        "building": "yes"
      },
      "geometry": {
        "type": "Polygon",
        "coordinates": [
          [
            [
              39.199212,
              -6.784319
            ],
            [
              39.1992354,
              -6.7843323
            ],
            [
              39.1992789,
              -6.7842572
            ],
            [
              39.1992555,
              -6.7842439
            ],
            [
              39.199212,
              -6.784319
            ]
          ]
        ]
      },
      "id": "way/1252364552"
    },
    {
      "type": "Feature",
      "properties": {
        "@id": "way/1252364553",
        "building": "yes"
      },
      "geometry": {
        "type": "Polygon",
        "coordinates": [
          [
            [
              39.1991886,
              -6.7840598
            ],
            [
              39.199261,
              -6.7842222
            ],
            [
              39.1992925,
              -6.7842084
            ],
            [
              39.1992997,
              -6.7842246
            ],
            [
              39.1993222,
              -6.7842147
            ],
            [
              39.1993362,
              -6.7842461
            ],
            [
              39.1993725,
              -6.7842301
            ],
            [
              39.1993585,
              -6.7841988
            ],
            [
              39.1993788,
              -6.7841899
            ],
            [
              39.1992992,
              -6.7840112
            ],
            [
              39.1991886,
              -6.7840598
            ]
          ]
        ]
      },
      "id": "way/1252364553"
    },
    {
      "type": "Feature",
      "properties": {
        "@id": "way/1417148556",
        "building": "yes"
      },
      "geometry": {
        "type": "Polygon",
        "coordinates": [
          [
            [
              39.2003171,
              -6.778629
            ],
            [
              39.2002677,
              -6.7787147
            ],
            [
              39.2003139,
              -6.778741
            ],
            [
              39.2003633,
              -6.7786553
            ],
            [
              39.2003171,
              -6.778629
            ]
          ]
        ]
      },
      "id": "way/1417148556"
    },
    {
      "type": "Feature",
      "properties": {
        "@id": "way/1417148557",
        "building": "yes"
      },
      "geometry": {
        "type": "Polygon",
        "coordinates": [
          [
            [
              39.2000516,
              -6.7785478
            ],
            [
              39.2000717,
              -6.7785917
            ],
            [
              39.2001717,
              -6.7785574
            ],
            [
              39.2001502,
              -6.7785174
            ],
            [
              39.2000516,
              -6.7785478
            ]
          ]
        ]
      },
      "id": "way/1417148557"
    },
    {
      "type": "Feature",
      "properties": {
        "@id": "way/1418575676",
        "building": "yes"
      },
      "geometry": {
        "type": "Polygon",
        "coordinates": [
          [
            [
              39.210657,
              -6.7824138
            ],
            [
              39.2106356,
              -6.7824284
            ],
            [
              39.2106686,
              -6.7824762
            ],
            [
              39.2106981,
              -6.7824575
            ],
            [
              39.210657,
              -6.7824138
            ]
          ]
        ]
      },
      "id": "way/1418575676"
    },
    {
      "type": "Feature",
      "properties": {
        "@id": "way/1418575677",
        "building": "yes"
      },
      "geometry": {
        "type": "Polygon",
        "coordinates": [
          [
            [
              39.2109279,
              -6.7828346
            ],
            [
              39.2109046,
              -6.7828455
            ],
            [
              39.2109274,
              -6.7828935
            ],
            [
              39.2109507,
              -6.7828825
            ],
            [
              39.2109279,
              -6.7828346
            ]
          ]
        ]
      },
      "id": "way/1418575677"
    },
    {
      "type": "Feature",
      "properties": {
        "@id": "way/1418575678",
        "building": "yes"
      },
      "geometry": {
        "type": "Polygon",
        "coordinates": [
          [
            [
              39.2108984,
              -6.782746
            ],
            [
              39.2109636,
              -6.7828812
            ],
            [
              39.2110588,
              -6.7828352
            ],
            [
              39.2109896,
              -6.7826954
            ],
            [
              39.2108984,
              -6.782746
            ]
          ]
        ]
      },
      "id": "way/1418575678"
    }
  ]
}